{
  "model": {
    "type": "range_dispatch",
    "property": "custom_model_data",
    "entries": [
      {
        "threshold": 4301,
        "model": {
          "type": "model",
          "model": "mimix_stray:cosmetics/stray_hat"
        }
      },
      {
        "threshold": 4303,
        "model": {
            "type": "model",
            "model": "mimix_stray:cosmetics/stray_wings_selft"
        }
      },
      {
        "threshold": 4304,
        "model": {
            "type": "model",
            "model": "mimix_stray:cosmetics/stray_wings_wardrobe"
        }
      }
    ],
    "fallback": {
      "type": "model",
      "model": "item/paper"
    }
  }
}