{
    "providers": [
        {
            "type": "bitmap",
            "file": "custom:ranks/owner.png",
            "ascent": 7,
            "height": 9,
            "chars": ["\uE200"]
	    },
        {
            "type": "bitmap",
            "file": "custom:ranks/dev.png",
            "ascent": 7,
            "height": 9,
            "chars": ["\uE201"]
	    },
        {
            "type": "bitmap",
            "file": "custom:ranks/mod.png",
            "ascent": 7,
            "height": 9,
            "chars": ["\uE202"]
	    },
        {
            "type": "bitmap",
            "file": "custom:ranks/helper.png",
            "ascent": 7,
            "height": 9,
            "chars": ["\uE203"]
	    },
        {
            "type": "bitmap",
            "file": "custom:ranks/media.png",
            "ascent": 7,
            "height": 9,
            "chars": ["\uE204"]
	    },
        {
            "type": "bitmap",
            "file": "custom:ranks/lagenda.png",
            "ascent": 7,
            "height": 9,
            "chars": ["\uE205"]
	    },
        {
            "type": "bitmap",
            "file": "custom:ranks/raja.png",
            "ascent": 7,
            "height": 9,
            "chars": ["\uE206"]
	    }
        ,{
            "type": "bitmap",
            "file": "custom:ranks/wira.png",
            "ascent": 7,
            "height": 9,
            "chars": ["\uE207"]
	    },
        {
            "type": "bitmap",
            "file": "custom:ranks/bandar.png",
            "ascent": 7,
            "height": 9,
            "chars": ["\uE208"]
	    },
        {
            "type": "bitmap",
            "file": "custom:ranks/kampung.png",
            "ascent": 7,
            "height": 9,
            "chars": ["\uE209"]
	    },
        {
            "type": "bitmap",
            "file": "custom:ranks/overlord.png",
            "ascent": 7,
            "height": 9,
            "chars": ["\uE210"]
	    },
        {
            "type": "bitmap",
            "file": "custom:ranks/evangelist.png",
            "ascent": 7,
            "height": 9,
            "chars": ["\uE211"]
	    },
        {
            "type": "bitmap",
            "file": "custom:logo/lipomc_logo.png",
            "ascent": 55,
            "height": 100,
            "chars": ["\uE212"]
	    },
        {
            "type": "bitmap",
            "file": "custom:logo/lipomc_logo.png",
            "ascent": 50,
            "height": 80,
            "chars": ["\uE213"]
	    },
        {
            "type": "bitmap",
            "file": "custom:tag/discord.png",
            "ascent": 7,
            "height": 9,
            "chars": ["\uE214"]
	    },
        {
            "type": "bitmap",
            "file": "custom:tag/online.png",
            "ascent": 7,
            "height": 9,
            "chars": ["\uE215"]
	    },
        {
            "type": "bitmap",
            "file": "custom:tag/ip_address.png",
            "ascent": 7,
            "height": 9,
            "chars": ["\uE216"]
	    },
        {
            "type": "bitmap",
            "file": "custom:space/space.png",
            "ascent": -3,
            "height": -3,
            "chars": ["\uE017"]
	    },
        {
            "type": "bitmap",
            "file": "custom:space/space.png",
            "ascent": 3,
            "height": 3,
            "chars": ["\uE018"]
	    },
        {
            "type": "bitmap",
            "file": "custom:tag/clock.png",
            "ascent": 7,
            "height": 9,
            "chars": ["\uE219"]
	    },
        {
            "type": "bitmap",
            "file": "custom:tag/calender.png",
            "ascent": 7,
            "height": 9,
            "chars": ["\uE220"]
	    },
        {
            "type": "bitmap",
            "file": "custom:background/back1.png",
            "ascent": 8,
            "height": 11,
            "chars": ["\uE221"]
	    },
        {
            "type": "bitmap",
            "file": "custom:background/back2.png",
            "ascent": 8,
            "height": 11,
            "chars": ["\uE222"]
	    },
        {
            "type": "bitmap",
            "file": "custom:tag/info.png",
            "ascent": 7,
            "height": 9,
            "chars": ["\uE223"]
	    },
        {
            "type": "bitmap",
            "file": "custom:background/back3.png",
            "ascent": 8,
            "height": 11,
            "chars": ["\uE224"]
	    },
        {
            "type": "bitmap",
            "file": "custom:space/space.png",
            "ascent": -1500,
            "height": -1500,
            "chars": ["\uE225"]
	    },
        {
            "type": "bitmap",
            "file": "custom:tag/vote_coin.png",
            "ascent": 8,
            "height": 12,
            "chars": ["\uE226"]
	    },
        {
            "type": "bitmap",
            "file": "custom:tag/stars.png",
            "ascent": 8,
            "height": 12,
            "chars": ["\uE227"]
	    },
        {
            "type": "bitmap",
            "file": "custom:tag/money.png",
            "ascent": 8,
            "height": 12,
            "chars": ["\uE228"]
	    },
        {
            "type": "bitmap",
            "file": "custom:background/back4.png",
            "ascent": 1,
            "height": 32,
            "chars": ["\uE230"]
	    },
        {
            "type": "bitmap",
            "file": "custom:background/back5.png",
            "ascent": 8,
            "height": 11,
            "chars": ["\uE231"]
	    }
    ]
}