{
    "providers": [
        {
            "type": "bitmap",
            "file": "custom:ranks/owner.png",
            "ascent": 7,
            "height": 9,
            "chars": ["\uE000"]
	    },
        {
            "type": "bitmap",
            "file": "custom:ranks/dev.png",
            "ascent": 7,
            "height": 9,
            "chars": ["\uE001"]
	    },
        {
            "type": "bitmap",
            "file": "custom:ranks/mod.png",
            "ascent": 7,
            "height": 9,
            "chars": ["\uE002"]
	    },
        {
            "type": "bitmap",
            "file": "custom:ranks/helper.png",
            "ascent": 7,
            "height": 9,
            "chars": ["\uE003"]
	    },
        {
            "type": "bitmap",
            "file": "custom:ranks/media.png",
            "ascent": 7,
            "height": 9,
            "chars": ["\uE004"]
	    },
        {
            "type": "bitmap",
            "file": "custom:ranks/lagenda.png",
            "ascent": 7,
            "height": 9,
            "chars": ["\uE005"]
	    },
        {
            "type": "bitmap",
            "file": "custom:ranks/raja.png",
            "ascent": 7,
            "height": 9,
            "chars": ["\uE006"]
	    }
        ,{
            "type": "bitmap",
            "file": "custom:ranks/wira.png",
            "ascent": 7,
            "height": 9,
            "chars": ["\uE007"]
	    },
        {
            "type": "bitmap",
            "file": "custom:ranks/bandar.png",
            "ascent": 7,
            "height": 9,
            "chars": ["\uE008"]
	    },
        {
            "type": "bitmap",
            "file": "custom:ranks/kampung.png",
            "ascent": 7,
            "height": 9,
            "chars": ["\uE009"]
	    },
        {
            "type": "bitmap",
            "file": "custom:ranks/overlord.png",
            "ascent": 7,
            "height": 9,
            "chars": ["\uE010"]
	    },
        {
            "type": "bitmap",
            "file": "custom:ranks/evangelist.png",
            "ascent": 7,
            "height": 9,
            "chars": ["\uE011"]
	    },
        {
            "type": "bitmap",
            "file": "custom:logo/lipomc_logo.png",
            "ascent": 55,
            "height": 100,
            "chars": ["\uE012"]
	    },
        {
            "type": "bitmap",
            "file": "custom:logo/lipomc_logo.png",
            "ascent": 50,
            "height": 80,
            "chars": ["\uE013"]
	    },
        {
            "type": "bitmap",
            "file": "custom:tag/discord.png",
            "ascent": 7,
            "height": 9,
            "chars": ["\uE014"]
	    },
        {
            "type": "bitmap",
            "file": "custom:tag/online.png",
            "ascent": 7,
            "height": 9,
            "chars": ["\uE015"]
	    },
        {
            "type": "bitmap",
            "file": "custom:tag/ip_address.png",
            "ascent": 7,
            "height": 9,
            "chars": ["\uE016"]
	    },
        {
            "type": "bitmap",
            "file": "custom:space/space.png",
            "ascent": -3,
            "height": -3,
            "chars": ["\uE017"]
	    },
        {
            "type": "bitmap",
            "file": "custom:space/space.png",
            "ascent": 3,
            "height": 3,
            "chars": ["\uE018"]
	    },
        {
            "type": "bitmap",
            "file": "custom:tag/clock.png",
            "ascent": 7,
            "height": 9,
            "chars": ["\uE019"]
	    },
        {
            "type": "bitmap",
            "file": "custom:tag/calender.png",
            "ascent": 7,
            "height": 9,
            "chars": ["\uE020"]
	    },
        {
            "type": "bitmap",
            "file": "custom:background/back1.png",
            "ascent": 8,
            "height": 11,
            "chars": ["\uE021"]
	    },
        {
            "type": "bitmap",
            "file": "custom:background/back2.png",
            "ascent": 8,
            "height": 11,
            "chars": ["\uE022"]
	    },
        {
            "type": "bitmap",
            "file": "custom:tag/info.png",
            "ascent": 7,
            "height": 9,
            "chars": ["\uE023"]
	    },
        {
            "type": "bitmap",
            "file": "custom:background/back3.png",
            "ascent": 8,
            "height": 11,
            "chars": ["\uE024"]
	    },
        {
            "type": "bitmap",
            "file": "custom:space/space.png",
            "ascent": -1500,
            "height": -1500,
            "chars": ["\uE025"]
	    },
        {
            "type": "bitmap",
            "file": "custom:tag/vote_coin.png",
            "ascent": 8,
            "height": 12,
            "chars": ["\uE026"]
	    },
        {
            "type": "bitmap",
            "file": "custom:background/back4.png",
            "ascent": 1,
            "height": 23,
            "chars": ["\uE027"]
	    },
        {
            "type": "bitmap",
            "file": "custom:background/back5.png",
            "ascent": 8,
            "height": 11,
            "chars": ["\uE028"]
	    }
    ]
}