{"providers":[{"file":"char/black.png","chars":[""],"height":1,"ascent":-5000,"type":"bitmap"},{"file":"char/black.png","chars":[""],"height":2,"ascent":-5000,"type":"bitmap"},{"file":"char/black.png","chars":[""],"height":3,"ascent":-5000,"type":"bitmap"},{"file":"char/black.png","chars":[""],"height":4,"ascent":-5000,"type":"bitmap"},{"file":"char/black.png","chars":[""],"height":5,"ascent":-5000,"type":"bitmap"},{"file":"char/black.png","chars":[""],"height":6,"ascent":-5000,"type":"bitmap"},{"file":"char/black.png","chars":[""],"height":7,"ascent":-5000,"type":"bitmap"},{"file":"char/black.png","chars":[""],"height":15,"ascent":-5000,"type":"bitmap"},{"file":"char/black.png","chars":[""],"height":31,"ascent":-5000,"type":"bitmap"},{"file":"char/black.png","chars":[""],"height":63,"ascent":-5000,"type":"bitmap"},{"file":"char/black.png","chars":[""],"height":127,"ascent":-5000,"type":"bitmap"},{"file":"char/black.png","chars":[""],"height":256,"ascent":-5000,"type":"bitmap"},{"file":"char/black.png","chars":[""],"height":512,"ascent":-5000,"type":"bitmap"},{"file":"char/black.png","chars":[""],"height":1024,"ascent":-5000,"type":"bitmap"},{"file":"char/black.png","chars":[""],"height":-3,"ascent":-5000,"type":"bitmap"},{"file":"char/black.png","chars":[""],"height":-4,"ascent":-5000,"type":"bitmap"},{"file":"char/black.png","chars":[""],"height":-5,"ascent":-5000,"type":"bitmap"},{"file":"char/black.png","chars":[""],"height":-6,"ascent":-5000,"type":"bitmap"},{"file":"char/black.png","chars":[""],"height":-7,"ascent":-5000,"type":"bitmap"},{"file":"char/black.png","chars":[""],"height":-8,"ascent":-5000,"type":"bitmap"},{"file":"char/black.png","chars":[""],"height":-9,"ascent":-5000,"type":"bitmap"},{"file":"char/black.png","chars":[""],"height":-10,"ascent":-5000,"type":"bitmap"},{"file":"char/black.png","chars":[""],"height":-18,"ascent":-5000,"type":"bitmap"},{"file":"char/black.png","chars":[""],"height":-34,"ascent":-5000,"type":"bitmap"},{"file":"char/black.png","chars":[""],"height":-66,"ascent":-5000,"type":"bitmap"},{"file":"char/black.png","chars":[""],"height":-130,"ascent":-5000,"type":"bitmap"},{"file":"char/black.png","chars":[""],"height":-259,"ascent":-5000,"type":"bitmap"},{"file":"char/black.png","chars":[""],"height":-515,"ascent":-5000,"type":"bitmap"},{"file":"char/black.png","chars":[""],"height":-1027,"ascent":-5000,"type":"bitmap"},{"file":"_iainternal:gui/no_recipe.png","chars":[""],"height":170,"ascent":47,"type":"bitmap"},{"file":"_iainternal:gui/crafting.png","chars":[""],"height":170,"ascent":47,"type":"bitmap"},{"file":"_iainternal:gui/cooking.png","chars":[""],"height":170,"ascent":47,"type":"bitmap"},{"file":"_iainternal:gui/blank_menu.png","chars":[""],"height":170,"ascent":47,"type":"bitmap"},{"file":"_iainternal:gui/anvil_repair.png","chars":[""],"height":170,"ascent":47,"type":"bitmap"},{"file":"_iainternal:gui/smithing.png","chars":[""],"height":170,"ascent":47,"type":"bitmap"},{"file":"village_ui:gui/size_9.png","chars":[""],"height":256,"ascent":43,"type":"bitmap"},{"file":"village_ui:gui/size_18.png","chars":[""],"height":256,"ascent":43,"type":"bitmap"},{"file":"village_ui:gui/size_27.png","chars":[""],"height":256,"ascent":43,"type":"bitmap"},{"file":"village_ui:gui/size_36.png","chars":[""],"height":256,"ascent":43,"type":"bitmap"},{"file":"village_ui:gui/size_45.png","chars":[""],"height":256,"ascent":43,"type":"bitmap"},{"file":"village_ui:gui/size_54.png","chars":[""],"height":256,"ascent":43,"type":"bitmap"},{"file":"village_ui:gui/sign.png","chars":[""],"height":112,"ascent":43,"type":"bitmap"},{"file":"_iainternal:hud/small_cooldown_bar/0.png","chars":[""],"height":22,"ascent":-42,"type":"bitmap"},{"file":"_iainternal:hud/small_cooldown_bar/1.png","chars":[""],"height":22,"ascent":-42,"type":"bitmap"},{"file":"_iainternal:hud/small_cooldown_bar/2.png","chars":[""],"height":22,"ascent":-42,"type":"bitmap"},{"file":"_iainternal:hud/small_cooldown_bar/3.png","chars":[""],"height":22,"ascent":-42,"type":"bitmap"},{"file":"_iainternal:hud/small_cooldown_bar/4.png","chars":[""],"height":22,"ascent":-42,"type":"bitmap"},{"file":"_iainternal:hud/small_cooldown_bar/5.png","chars":[""],"height":22,"ascent":-42,"type":"bitmap"},{"file":"_iainternal:hud/small_cooldown_bar/6.png","chars":[""],"height":22,"ascent":-42,"type":"bitmap"},{"file":"_iainternal:hud/small_cooldown_bar/7.png","chars":[""],"height":22,"ascent":-42,"type":"bitmap"},{"file":"_iainternal:hud/small_cooldown_bar/8.png","chars":[""],"height":22,"ascent":-42,"type":"bitmap"},{"file":"_iainternal:hud/small_cooldown_bar/9.png","chars":[""],"height":22,"ascent":-42,"type":"bitmap"},{"file":"_iainternal:hud/small_cooldown_bar/10.png","chars":[""],"height":22,"ascent":-42,"type":"bitmap"},{"file":"_iainternal:hud/small_cooldown_bar/11.png","chars":[""],"height":22,"ascent":-42,"type":"bitmap"},{"file":"_iainternal:hud/small_cooldown_bar/12.png","chars":[""],"height":22,"ascent":-42,"type":"bitmap"},{"file":"_iainternal:hud/small_cooldown_bar/13.png","chars":[""],"height":22,"ascent":-42,"type":"bitmap"},{"file":"_iainternal:hud/small_cooldown_bar/14.png","chars":[""],"height":22,"ascent":-42,"type":"bitmap"},{"file":"_iainternal:hud/small_cooldown_bar/15.png","chars":[""],"height":22,"ascent":-42,"type":"bitmap"},{"file":"_iainternal:hud/small_cooldown_bar/16.png","chars":[""],"height":22,"ascent":-42,"type":"bitmap"},{"file":"_iainternal:hud/small_cooldown_bar/17.png","chars":[""],"height":22,"ascent":-42,"type":"bitmap"},{"file":"_iainternal:hud/small_cooldown_bar/18.png","chars":[""],"height":22,"ascent":-42,"type":"bitmap"},{"file":"_iainternal:hud/small_cooldown_bar/19.png","chars":[""],"height":22,"ascent":-42,"type":"bitmap"},{"file":"_iainternal:hud/small_cooldown_bar/20.png","chars":[""],"height":22,"ascent":-42,"type":"bitmap"},{"type":"bitmap","file":"custom:ranks/owner.png","ascent":7,"height":9,"chars":[""]},{"type":"bitmap","file":"custom:ranks/dev.png","ascent":7,"height":9,"chars":[""]},{"type":"bitmap","file":"custom:ranks/mod.png","ascent":7,"height":9,"chars":[""]},{"type":"bitmap","file":"custom:ranks/helper.png","ascent":7,"height":9,"chars":[""]},{"type":"bitmap","file":"custom:ranks/media.png","ascent":7,"height":9,"chars":[""]},{"type":"bitmap","file":"custom:ranks/lagenda.png","ascent":7,"height":9,"chars":[""]},{"type":"bitmap","file":"custom:ranks/raja.png","ascent":7,"height":9,"chars":[""]},{"type":"bitmap","file":"custom:ranks/wira.png","ascent":7,"height":9,"chars":[""]},{"type":"bitmap","file":"custom:ranks/bandar.png","ascent":7,"height":9,"chars":[""]},{"type":"bitmap","file":"custom:ranks/kampung.png","ascent":7,"height":9,"chars":[""]},{"type":"bitmap","file":"custom:ranks/overlord.png","ascent":7,"height":9,"chars":[""]},{"type":"bitmap","file":"custom:ranks/evangelist.png","ascent":7,"height":9,"chars":[""]},{"type":"bitmap","file":"custom:logo/lipomc_logo.png","ascent":55,"height":100,"chars":[""]},{"type":"bitmap","file":"custom:logo/lipomc_logo.png","ascent":50,"height":80,"chars":[""]},{"type":"bitmap","file":"custom:tag/discord.png","ascent":7,"height":9,"chars":[""]},{"type":"bitmap","file":"custom:tag/online.png","ascent":7,"height":9,"chars":[""]},{"type":"bitmap","file":"custom:tag/ip_address.png","ascent":7,"height":9,"chars":[""]},{"type":"bitmap","file":"custom:space/space.png","ascent":-3,"height":-3,"chars":[""]},{"type":"bitmap","file":"custom:space/space.png","ascent":3,"height":3,"chars":[""]},{"type":"bitmap","file":"custom:tag/clock.png","ascent":7,"height":9,"chars":[""]},{"type":"bitmap","file":"custom:tag/calender.png","ascent":7,"height":9,"chars":[""]},{"type":"bitmap","file":"custom:background/back1.png","ascent":8,"height":11,"chars":[""]},{"type":"bitmap","file":"custom:background/back2.png","ascent":8,"height":11,"chars":[""]},{"type":"bitmap","file":"custom:tag/info.png","ascent":7,"height":9,"chars":[""]},{"type":"bitmap","file":"custom:background/back3.png","ascent":8,"height":11,"chars":[""]},{"type":"bitmap","file":"custom:space/space.png","ascent":-1500,"height":-1500,"chars":[""]},{"type":"bitmap","file":"custom:tag/vote_coin.png","ascent":8,"height":12,"chars":[""]},{"type":"bitmap","file":"custom:tag/stars.png","ascent":8,"height":12,"chars":[""]},{"type":"bitmap","file":"custom:tag/money.png","ascent":8,"height":12,"chars":[""]},{"type":"bitmap","file":"custom:background/back4.png","ascent":1,"height":32,"chars":[""]},{"type":"bitmap","file":"custom:background/back5.png","ascent":8,"height":11,"chars":[""]},{"type":"bitmap","file":"custom:ranks/dato.png","ascent":7,"height":9,"chars":[""]},{"type":"bitmap","file":"custom:ranks/join.png","ascent":7,"height":9,"chars":[""]},{"type":"bitmap","file":"custom:ranks/left.png","ascent":7,"height":9,"chars":[""]}]}