{
   "parent":"item/generated",
   "textures":{
      "layer0":"item/paper"
   },
   "overrides":[
      {
         "predicate":{
            "custom_model_data":4301
         },
         "model":"mimix_stray:cosmetics/stray_hat"
      },
      {
         "predicate":{
            "custom_model_data":4303
         },
         "model":"mimix_stray:cosmetics/stray_wings_self"
      },
      {
         "predicate":{
            "custom_model_data":4304
         },
         "model":"mimix_stray:cosmetics/stray_wings_wardrobe"
      }
   ]
}