{"credit":"Made with Blockbench","texture_size":[64,64],"textures":{"1":"elitecreatures:broodmother_assortment_weapon/spid_animation_texture","2":"elitecreatures:broodmother_assortment_weapon/spid_chest_texture","particle":"elitecreatures:broodmother_assortment_weapon/spid_animation_texture"},"elements":[{"from":[-1,8,12],"to":[6,11,15],"rotation":{"angle":22.5,"axis":"z","origin":[6,11,14]},"faces":{"north":{"uv":[12.25,2.75,10.5,3.5],"texture":"#2"},"east":{"uv":[13,2.75,12.25,3.5],"texture":"#2"},"south":{"uv":[13,0,11.25,0.75],"texture":"#2"},"west":{"uv":[1.25,12.25,0.5,13],"texture":"#2"},"up":{"uv":[11.25,1.5,13,0.75],"texture":"#2"},"down":{"uv":[11.25,1.5,13,2.25],"texture":"#2"}}},{"from":[-6.31911,5.54958,14],"to":[3.68089,11.54958,14],"rotation":{"angle":0,"axis":"y","origin":[6,11,14]},"faces":{"north":{"uv":[6.5,7.25,4,8.75],"texture":"#2"},"east":{"uv":[0,0,0,1.5],"texture":"#2"},"south":{"uv":[4,7.25,6.5,8.75],"texture":"#2"},"west":{"uv":[0,0,0,1.5],"texture":"#2"},"up":{"uv":[0,0,2.5,0],"texture":"#2"},"down":{"uv":[0,0,2.5,0],"texture":"#2"}}},{"from":[10,8,12],"to":[17,11,15],"rotation":{"angle":-22.5,"axis":"z","origin":[10,11,14]},"faces":{"north":{"uv":[10.5,2.75,12.25,3.5],"texture":"#2"},"east":{"uv":[0.5,12.25,1.25,13],"texture":"#2"},"south":{"uv":[11.25,0,13,0.75],"texture":"#2"},"west":{"uv":[12.25,2.75,13,3.5],"texture":"#2"},"up":{"uv":[13,1.5,11.25,0.75],"texture":"#2"},"down":{"uv":[13,1.5,11.25,2.25],"texture":"#2"}}},{"from":[12.31911,5.54958,14],"to":[22.31911,11.54958,14],"rotation":{"angle":0,"axis":"y","origin":[10,11,14]},"faces":{"north":{"uv":[4,7.25,6.5,8.75],"texture":"#2"},"east":{"uv":[0,0,0,1.5],"texture":"#2"},"south":{"uv":[6.5,7.25,4,8.75],"texture":"#2"},"west":{"uv":[0,0,0,1.5],"texture":"#2"},"up":{"uv":[2.5,0,0,0],"texture":"#2"},"down":{"uv":[2.5,0,0,0],"texture":"#2"}}},{"from":[-1,8,1],"to":[6,11,4],"rotation":{"angle":22.5,"axis":"z","origin":[6,11,3]},"faces":{"north":{"uv":[12.25,2.75,10.5,3.5],"texture":"#2"},"east":{"uv":[13,2.75,12.25,3.5],"texture":"#2"},"south":{"uv":[13,0,11.25,0.75],"texture":"#2"},"west":{"uv":[1.25,12.25,0.5,13],"texture":"#2"},"up":{"uv":[11.25,1.5,13,0.75],"texture":"#2"},"down":{"uv":[11.25,1.5,13,2.25],"texture":"#2"}}},{"from":[-6.31911,5.54958,3],"to":[3.68089,11.54958,3],"rotation":{"angle":0,"axis":"y","origin":[6,11,3]},"faces":{"north":{"uv":[6.5,7.25,4,8.75],"texture":"#2"},"east":{"uv":[0,0,0,1.5],"texture":"#2"},"south":{"uv":[4,7.25,6.5,8.75],"texture":"#2"},"west":{"uv":[0,0,0,1.5],"texture":"#2"},"up":{"uv":[0,0,2.5,0],"texture":"#2"},"down":{"uv":[0,0,2.5,0],"texture":"#2"}}},{"from":[10,8,1],"to":[17,11,4],"rotation":{"angle":-22.5,"axis":"z","origin":[10,11,3]},"faces":{"north":{"uv":[10.5,2.75,12.25,3.5],"texture":"#2"},"east":{"uv":[0.5,12.25,1.25,13],"texture":"#2"},"south":{"uv":[11.25,0,13,0.75],"texture":"#2"},"west":{"uv":[12.25,2.75,13,3.5],"texture":"#2"},"up":{"uv":[13,1.5,11.25,0.75],"texture":"#2"},"down":{"uv":[13,1.5,11.25,2.25],"texture":"#2"}}},{"from":[12.31911,5.54958,3],"to":[22.31911,11.54958,3],"rotation":{"angle":0,"axis":"y","origin":[10,11,3]},"faces":{"north":{"uv":[4,7.25,6.5,8.75],"texture":"#2"},"east":{"uv":[0,0,0,1.5],"texture":"#2"},"south":{"uv":[6.5,7.25,4,8.75],"texture":"#2"},"west":{"uv":[0,0,0,1.5],"texture":"#2"},"up":{"uv":[2.5,0,0,0],"texture":"#2"},"down":{"uv":[2.5,0,0,0],"texture":"#2"}}},{"from":[10,6,1.05],"to":[15,8,2.05],"rotation":{"angle":-22.5,"axis":"z","origin":[10,8,2.05]},"faces":{"north":{"uv":[11.25,2.25,12.5,2.75],"texture":"#2"},"east":{"uv":[3.75,9.25,4,9.75],"texture":"#2"},"south":{"uv":[7.25,12,8.5,12.5],"texture":"#2"},"west":{"uv":[3.75,9.75,4,10.25],"texture":"#2"},"up":{"uv":[5.25,9,4,8.75],"texture":"#2"},"down":{"uv":[6.5,8.75,5.25,9],"texture":"#2"}}},{"from":[9.6194,3.91342,1.5],"to":[20.6194,9.91342,1.5],"rotation":{"angle":-45,"axis":"z","origin":[10,8,1.5]},"faces":{"north":{"uv":[4,8.75,6.75,7.25],"texture":"#2"},"east":{"uv":[0,0,0,2],"texture":"#2"},"south":{"uv":[6.75,8.75,4,7.25],"texture":"#2"},"west":{"uv":[0,0,0,2],"texture":"#2"},"up":{"uv":[3.5,0,0,0],"texture":"#2"},"down":{"uv":[3.5,0,0,0],"texture":"#2"}}},{"from":[14.6194,7.91342,1.05],"to":[17.6194,9.91342,2.05],"rotation":{"angle":-45,"axis":"z","origin":[10,8,2.05]},"faces":{"north":{"uv":[12.5,5.75,13.25,6.25],"texture":"#2"},"east":{"uv":[11.25,10,11.5,10.5],"texture":"#2"},"south":{"uv":[12.5,6.25,13.25,6.75],"texture":"#2"},"west":{"uv":[7.75,12.5,8,13],"texture":"#2"},"up":{"uv":[14,3.75,13.25,3.5],"texture":"#2"},"down":{"uv":[14,3.75,13.25,4],"texture":"#2"}}},{"from":[1,6,1.05],"to":[6,8,2.05],"rotation":{"angle":22.5,"axis":"z","origin":[6,8,2.05]},"faces":{"north":{"uv":[12.5,2.25,11.25,2.75],"texture":"#2"},"east":{"uv":[4,9.75,3.75,10.25],"texture":"#2"},"south":{"uv":[8.5,12,7.25,12.5],"texture":"#2"},"west":{"uv":[4,9.25,3.75,9.75],"texture":"#2"},"up":{"uv":[4,9,5.25,8.75],"texture":"#2"},"down":{"uv":[5.25,8.75,6.5,9],"texture":"#2"}}},{"from":[-4.6194,3.91342,1.5],"to":[6.3806,9.91342,1.5],"rotation":{"angle":45,"axis":"z","origin":[6,8,1.5]},"faces":{"north":{"uv":[6.75,8.75,4,7.25],"texture":"#2"},"east":{"uv":[0,0,0,2],"texture":"#2"},"south":{"uv":[4,8.75,6.75,7.25],"texture":"#2"},"west":{"uv":[0,0,0,2],"texture":"#2"},"up":{"uv":[0,0,3.5,0],"texture":"#2"},"down":{"uv":[0,0,3.5,0],"texture":"#2"}}},{"from":[-1.6194,7.91342,1.05],"to":[1.3806,9.91342,2.05],"rotation":{"angle":45,"axis":"z","origin":[6,8,2.05]},"faces":{"north":{"uv":[13.25,5.75,12.5,6.25],"texture":"#2"},"east":{"uv":[8,12.5,7.75,13],"texture":"#2"},"south":{"uv":[13.25,6.25,12.5,6.75],"texture":"#2"},"west":{"uv":[11.5,10,11.25,10.5],"texture":"#2"},"up":{"uv":[13.25,3.75,14,3.5],"texture":"#2"},"down":{"uv":[13.25,3.75,14,4],"texture":"#2"}}},{"from":[1,6,14.05],"to":[6,8,15.05],"rotation":{"angle":22.5,"axis":"z","origin":[6,8,15.05]},"faces":{"north":{"uv":[12.5,2.25,11.25,2.75],"texture":"#2"},"east":{"uv":[4,9.75,3.75,10.25],"texture":"#2"},"south":{"uv":[8.5,12,7.25,12.5],"texture":"#2"},"west":{"uv":[4,9.25,3.75,9.75],"texture":"#2"},"up":{"uv":[4,9,5.25,8.75],"texture":"#2"},"down":{"uv":[5.25,8.75,6.5,9],"texture":"#2"}}},{"from":[-4.6194,3.91342,14.5],"to":[6.3806,9.91342,14.5],"rotation":{"angle":45,"axis":"z","origin":[6,8,14.5]},"faces":{"north":{"uv":[6.75,8.75,4,7.25],"texture":"#2"},"east":{"uv":[0,0,0,2],"texture":"#2"},"south":{"uv":[4,8.75,6.75,7.25],"texture":"#2"},"west":{"uv":[0,0,0,2],"texture":"#2"},"up":{"uv":[0,0,3.5,0],"texture":"#2"},"down":{"uv":[0,0,3.5,0],"texture":"#2"}}},{"from":[-1.6194,7.91342,14.05],"to":[1.3806,9.91342,15.05],"rotation":{"angle":45,"axis":"z","origin":[6,8,15.05]},"faces":{"north":{"uv":[13.25,5.75,12.5,6.25],"texture":"#2"},"east":{"uv":[8,12.5,7.75,13],"texture":"#2"},"south":{"uv":[13.25,6.25,12.5,6.75],"texture":"#2"},"west":{"uv":[11.5,10,11.25,10.5],"texture":"#2"},"up":{"uv":[13.25,3.75,14,3.5],"texture":"#2"},"down":{"uv":[13.25,3.75,14,4],"texture":"#2"}}},{"from":[10,6,14.05],"to":[15,8,15.05],"rotation":{"angle":-22.5,"axis":"z","origin":[10,8,15.05]},"faces":{"north":{"uv":[11.25,2.25,12.5,2.75],"texture":"#2"},"east":{"uv":[3.75,9.25,4,9.75],"texture":"#2"},"south":{"uv":[7.25,12,8.5,12.5],"texture":"#2"},"west":{"uv":[3.75,9.75,4,10.25],"texture":"#2"},"up":{"uv":[5.25,9,4,8.75],"texture":"#2"},"down":{"uv":[6.5,8.75,5.25,9],"texture":"#2"}}},{"from":[9.6194,3.91342,14.5],"to":[20.6194,9.91342,14.5],"rotation":{"angle":-45,"axis":"z","origin":[10,8,14.5]},"faces":{"north":{"uv":[4,8.75,6.75,7.25],"texture":"#2"},"east":{"uv":[0,0,0,2],"texture":"#2"},"south":{"uv":[6.75,8.75,4,7.25],"texture":"#2"},"west":{"uv":[0,0,0,2],"texture":"#2"},"up":{"uv":[3.5,0,0,0],"texture":"#2"},"down":{"uv":[3.5,0,0,0],"texture":"#2"}}},{"from":[14.6194,7.91342,14.05],"to":[17.6194,9.91342,15.05],"rotation":{"angle":-45,"axis":"z","origin":[10,8,15.05]},"faces":{"north":{"uv":[12.5,5.75,13.25,6.25],"texture":"#2"},"east":{"uv":[11.25,10,11.5,10.5],"texture":"#2"},"south":{"uv":[12.5,6.25,13.25,6.75],"texture":"#2"},"west":{"uv":[7.75,12.5,8,13],"texture":"#2"},"up":{"uv":[14,3.75,13.25,3.5],"texture":"#2"},"down":{"uv":[14,3.75,13.25,4],"texture":"#2"}}},{"from":[0,7,2],"to":[16,21,2],"rotation":{"angle":0,"axis":"y","origin":[9,10,2]},"faces":{"north":{"uv":[4,3.75,8,7.25],"texture":"#2"},"east":{"uv":[0,0,0,7.25],"texture":"#2"},"south":{"uv":[8,3.75,4,7.25],"texture":"#2"},"west":{"uv":[0,0,0,7.25],"texture":"#2"},"up":{"uv":[3.5,0,0,0],"texture":"#2"},"down":{"uv":[3.5,0,0,0],"texture":"#2"}}},{"from":[7,9.4,10.975],"to":[9.85,12.25,16.025],"rotation":{"angle":45,"axis":"z","origin":[8,10.4,13.5]},"faces":{"north":{"uv":[16,16,15.25,15.25],"rotation":180,"texture":"#2"},"east":{"uv":[14,15.25,12.75,16],"texture":"#2"},"south":{"uv":[16,15.25,15.25,16],"texture":"#2"},"west":{"uv":[15.25,15.25,14,16],"texture":"#2"},"up":{"uv":[14.5,15.25,15.25,14],"texture":"#2"},"down":{"uv":[15.25,15.25,16,14],"texture":"#2"}}},{"from":[6,4,11],"to":[10,11,16],"rotation":{"angle":0,"axis":"y","origin":[8,3,14]},"faces":{"north":{"uv":[11,10.5,10,12.25],"texture":"#2"},"east":{"uv":[9,10.25,7.75,12],"texture":"#2"},"south":{"uv":[10,10.5,9,12.25],"texture":"#2"},"west":{"uv":[1.25,10.5,0,12.25],"texture":"#2"},"up":{"uv":[12.5,4.75,11.5,6],"texture":"#2"},"down":{"uv":[12.5,7.25,11.5,6],"texture":"#2"}}},{"from":[7,2.75,10.975],"to":[9.85,5.6,16.025],"rotation":{"angle":-45,"axis":"z","origin":[8,4.6,13.5]},"faces":{"north":{"uv":[14.5,14.5,13.75,15.25],"rotation":180,"texture":"#2"},"east":{"uv":[14,16,12.75,15.25],"texture":"#2"},"south":{"uv":[14.5,15.25,13.75,14.5],"texture":"#2"},"west":{"uv":[15.25,16,14,15.25],"texture":"#2"},"up":{"uv":[15.25,14,16,15.25],"texture":"#2"},"down":{"uv":[14.5,14,15.25,15.25],"texture":"#2"}}},{"from":[0,8,13],"to":[16,22,13],"rotation":{"angle":0,"axis":"y","origin":[9,11,13]},"faces":{"north":{"uv":[4,3.75,8,7.25],"texture":"#2"},"east":{"uv":[0,0,0,7.25],"texture":"#2"},"south":{"uv":[8,3.75,4,7.25],"texture":"#2"},"west":{"uv":[0,0,0,7.25],"texture":"#2"},"up":{"uv":[3.5,0,0,0],"texture":"#2"},"down":{"uv":[3.5,0,0,0],"texture":"#2"}}},{"from":[2,0,3],"to":[14,10,14],"rotation":{"angle":0,"axis":"y","origin":[8,3,8]},"faces":{"north":{"uv":[9.25,13.5,12.25,16],"texture":"#2"},"east":{"uv":[6.5,13.5,9.25,16],"texture":"#2"},"south":{"uv":[9.25,13.5,12.25,16],"texture":"#2"},"west":{"uv":[6.5,13.5,9.25,16],"texture":"#2"},"up":{"uv":[13,11.25,16,14],"texture":"#2"},"down":{"uv":[13,11.25,16,14],"texture":"#2"}}},{"from":[7.35,7.3,2.975],"to":[13.75,13.7,14.025],"rotation":{"angle":-45,"axis":"z","origin":[8,13.05,8]},"faces":{"north":{"uv":[0,14.4,1.6,16],"texture":"#2"},"east":{"uv":[1.75,14.4,4.5125,16],"texture":"#2"},"south":{"uv":[0,14.4,1.6,16],"rotation":270,"texture":"#2"},"west":{"uv":[6.1,13.2375,4.5,16],"rotation":270,"texture":"#2"},"up":{"uv":[4.5,13.2375,6.1,16],"texture":"#2"},"down":{"uv":[4.5,13.2375,6.1,16],"texture":"#2"}}},{"from":[0,9,3.5],"to":[16,23,3.5],"rotation":{"angle":0,"axis":"y","origin":[9,12,3.5]},"faces":{"north":{"uv":[4,3.75,8,7.25],"texture":"#2"},"east":{"uv":[0,0,0,7.25],"texture":"#2"},"south":{"uv":[8,3.75,4,7.25],"texture":"#2"},"west":{"uv":[0,0,0,7.25],"texture":"#2"},"up":{"uv":[3.5,0,0,0],"texture":"#2"},"down":{"uv":[3.5,0,0,0],"texture":"#2"}}},{"from":[4,3,2],"to":[12,11,2],"rotation":{"angle":0,"axis":"y","origin":[8,6,2]},"faces":{"north":{"uv":[0,7.25,2,9.25],"texture":"#2"},"east":{"uv":[0,0,0,2],"texture":"#2"},"south":{"uv":[2,7.25,0,9.25],"texture":"#2"},"west":{"uv":[0,0,0,2],"texture":"#2"},"up":{"uv":[2,0,0,0],"texture":"#2"},"down":{"uv":[2,0,0,0],"texture":"#2"}}},{"from":[7,8,0.975],"to":[9,10,3.025],"rotation":{"angle":-45,"axis":"z","origin":[8,9,2]},"faces":{"north":{"uv":[12,13,12.5,13.5],"texture":"#2"},"east":{"uv":[12.5,13,13,13.5],"texture":"#2"},"south":{"uv":[12,11.75,12.5,12.25],"texture":"#2"},"west":{"uv":[12,12.25,12.5,12.75],"texture":"#2"},"up":{"uv":[1.75,13.75,1.25,13.25],"texture":"#2"},"down":{"uv":[2.25,13.25,1.75,13.75],"texture":"#2"}}},{"from":[5,0,-3],"to":[5,21,25],"rotation":{"angle":-22.5,"axis":"y","origin":[5,0,-3]},"faces":{"north":{"uv":[0,0,0,7.25],"texture":"#missing"},"east":{"uv":[7,0,0,5.25],"texture":"#1"},"south":{"uv":[0,0,0,7.25],"texture":"#missing"},"west":{"uv":[0,0,7,5.25],"texture":"#1"},"up":{"uv":[7,0,0,0],"rotation":270,"texture":"#missing"},"down":{"uv":[7,0,0,0],"rotation":90,"texture":"#missing"}}},{"from":[11,0,-3],"to":[11,21,25],"rotation":{"angle":22.5,"axis":"y","origin":[11,0,-3]},"faces":{"north":{"uv":[0,0,0,7.25],"texture":"#missing"},"east":{"uv":[7,0,0,5.25],"texture":"#1"},"south":{"uv":[0,0,0,7.25],"texture":"#missing"},"west":{"uv":[0,0,7,5.25],"texture":"#1"},"up":{"uv":[7,0,0,0],"rotation":270,"texture":"#missing"},"down":{"uv":[7,0,0,0],"rotation":90,"texture":"#missing"}}}],"gui_light":"front","display":{"thirdperson_righthand":{"rotation":[75,45,0],"translation":[0,2.5,0],"scale":[0.375,0.375,0.375]},"thirdperson_lefthand":{"rotation":[75,45,0],"translation":[0,2.5,0],"scale":[0.375,0.375,0.375]},"firstperson_righthand":{"rotation":[0,135,0],"translation":[2,4.75,0],"scale":[0.38828,0.38828,0.38828]},"firstperson_lefthand":{"rotation":[0,135,0],"translation":[2,4.75,0],"scale":[0.38828,0.38828,0.38828]},"ground":{"translation":[0,9,0],"scale":[0.6,0.6,0.6]},"gui":{"rotation":[14,-14,0],"translation":[0,0,-1.5],"scale":[0.52344,0.52344,0.52344]},"head":{"rotation":[0,-180,0],"translation":[0,-30.4,0],"scale":[1.6,1.6,1.6]},"fixed":{"rotation":[-90,0,0],"translation":[0,0,-16],"scale":[2,2,2]}},"groups":[{"name":"bone","origin":[8,0,8],"color":0,"children":[{"name":"group","origin":[12,-3,9],"color":0,"children":[0,1]},{"name":"group","origin":[12,-3,9],"color":0,"children":[2,3]},{"name":"group","origin":[12,-3,9],"color":0,"children":[4,5]},{"name":"group","origin":[12,-3,9],"color":0,"children":[6,7]},{"name":"group","origin":[10,1,9],"color":0,"children":[8,{"name":"group","origin":[10,-1,9],"color":0,"children":[9,10]}]},{"name":"group","origin":[10,1,9],"color":0,"children":[11,{"name":"group","origin":[10,-1,9],"color":0,"children":[12,13]}]},{"name":"group","origin":[10,1,9],"color":0,"children":[14,{"name":"group","origin":[10,-1,9],"color":0,"children":[15,16]}]},{"name":"group","origin":[10,1,9],"color":0,"children":[17,{"name":"group","origin":[10,-1,9],"color":0,"children":[18,19]}]},{"name":"group","origin":[8,1.6,8.5],"color":0,"children":[20]},{"name":"group","origin":[8,1.6,8.5],"color":0,"children":[21,22,23,24]},{"name":"group","origin":[8,11,8],"color":0,"children":[25,26,27]},28,29,{"name":"animation","origin":[6,6,8.5],"color":0,"children":[30,31]}]}],"mcmodels":"2b417193923f3efe16004df9c36c7e88"}