{"credit":"Made with Blockbench","texture_size":[64,64],"textures":{"1":"elitecreatures:broodmother_assortment_weapon/spid_animation_texture","2":"elitecreatures:broodmother_assortment_weapon/spid_crossbow_texture","particle":"elitecreatures:broodmother_assortment_weapon/spid_animation_texture"},"elements":[{"from":[24,10,12],"to":[27,13,19],"rotation":{"angle":-22.5,"axis":"y","origin":[27,11,12]},"faces":{"north":{"uv":[13,3.5,12.25,2.75],"rotation":270,"texture":"#2"},"east":{"uv":[11.25,2.25,13,1.5],"texture":"#2"},"south":{"uv":[1.25,13,0.5,12.25],"rotation":90,"texture":"#2"},"west":{"uv":[11.25,0.75,13,1.5],"rotation":180,"texture":"#2"},"up":{"uv":[12.25,3.5,10.5,2.75],"rotation":90,"texture":"#2"},"down":{"uv":[13,0.75,11.25,0],"rotation":90,"texture":"#2"}}},{"from":[21,11,16],"to":[27,11,26],"rotation":{"angle":-22.5,"axis":"y","origin":[27,11,12]},"faces":{"north":{"uv":[0,1.5,0,0],"rotation":270,"texture":"#2"},"east":{"uv":[0,0,2.5,0],"texture":"#2"},"south":{"uv":[0,1.5,0,0],"rotation":90,"texture":"#2"},"west":{"uv":[0,0,2.5,0],"rotation":180,"texture":"#2"},"up":{"uv":[6.5,8.75,4,7.25],"rotation":90,"texture":"#2"},"down":{"uv":[4,8.75,6.5,7.25],"rotation":90,"texture":"#2"}}},{"from":[24,10,-4],"to":[27,13,3],"rotation":{"angle":22.5,"axis":"y","origin":[27,11,3]},"faces":{"north":{"uv":[0.5,13,1.25,12.25],"rotation":270,"texture":"#2"},"east":{"uv":[13,2.25,11.25,1.5],"texture":"#2"},"south":{"uv":[12.25,3.5,13,2.75],"rotation":90,"texture":"#2"},"west":{"uv":[13,0.75,11.25,1.5],"rotation":180,"texture":"#2"},"up":{"uv":[10.5,3.5,12.25,2.75],"rotation":90,"texture":"#2"},"down":{"uv":[11.25,0.75,13,0],"rotation":90,"texture":"#2"}}},{"from":[21,11,-11],"to":[27,11,-1],"rotation":{"angle":22.5,"axis":"y","origin":[27,11,3]},"faces":{"north":{"uv":[0,1.5,0,0],"rotation":270,"texture":"#2"},"east":{"uv":[2.5,0,0,0],"texture":"#2"},"south":{"uv":[0,1.5,0,0],"rotation":90,"texture":"#2"},"west":{"uv":[2.5,0,0,0],"rotation":180,"texture":"#2"},"up":{"uv":[4,8.75,6.5,7.25],"rotation":90,"texture":"#2"},"down":{"uv":[6.5,8.75,4,7.25],"rotation":90,"texture":"#2"}}},{"from":[19.25,11.5,16.4],"to":[24.25,12.5,18.4],"rotation":{"angle":45,"axis":"y","origin":[24.25,11.5,18.4]},"faces":{"north":{"uv":[6.5,9,5.25,8.75],"texture":"#2"},"east":{"uv":[3.75,10.25,4,9.75],"rotation":90,"texture":"#2"},"south":{"uv":[5.25,8.75,4,9],"rotation":180,"texture":"#2"},"west":{"uv":[3.75,9.75,4,9.25],"rotation":270,"texture":"#2"},"up":{"uv":[11.25,2.75,12.5,2.25],"texture":"#2"},"down":{"uv":[7.25,12.5,8.5,12],"rotation":180,"texture":"#2"}}},{"from":[10.6306,12,12.31342],"to":[24.6306,12,20.31342],"rotation":{"angle":22.5,"axis":"y","origin":[24.25,12,18.4]},"faces":{"north":{"uv":[3.5,0,0,0],"texture":"#2"},"east":{"uv":[0,2,0,0],"rotation":90,"texture":"#2"},"south":{"uv":[3.5,0,0,0],"rotation":180,"texture":"#2"},"west":{"uv":[0,2,0,0],"rotation":270,"texture":"#2"},"up":{"uv":[7,2,10.5,0],"texture":"#2"},"down":{"uv":[10.5,2,7,0],"rotation":180,"texture":"#2"}}},{"from":[10.6306,11.9,12.31342],"to":[24.6306,11.9,20.31342],"rotation":{"angle":22.5,"axis":"y","origin":[24.25,11.9,18.4]},"faces":{"north":{"uv":[3.5,0,0,0],"texture":"#2"},"east":{"uv":[0,2,0,0],"rotation":90,"texture":"#2"},"south":{"uv":[3.5,0,0,0],"rotation":180,"texture":"#2"},"west":{"uv":[0,2,0,0],"rotation":270,"texture":"#2"},"up":{"uv":[7,2,10.5,0],"texture":"#2"},"down":{"uv":[10.5,2,7,0],"rotation":180,"texture":"#2"}}},{"from":[16.6306,11.5,18.31342],"to":[19.6306,12.5,20.31342],"rotation":{"angle":22.5,"axis":"y","origin":[24.25,11.5,18.4]},"faces":{"north":{"uv":[14,4,13.25,3.75],"texture":"#2"},"east":{"uv":[7.75,13.5,8,13],"rotation":90,"texture":"#2"},"south":{"uv":[14,3.5,13.25,3.75],"rotation":180,"texture":"#2"},"west":{"uv":[11.25,10.5,11.5,10],"rotation":270,"texture":"#2"},"up":{"uv":[12.5,6.25,13.25,5.75],"texture":"#2"},"down":{"uv":[12.5,6.75,13.25,6.25],"rotation":180,"texture":"#2"}}},{"from":[19.25,11.5,-3.4],"to":[24.25,12.5,-1.4],"rotation":{"angle":-45,"axis":"y","origin":[24.25,11.5,-3.4]},"faces":{"north":{"uv":[5.25,9,4,8.75],"texture":"#2"},"east":{"uv":[3.75,9.75,4,10.25],"rotation":90,"texture":"#2"},"south":{"uv":[6.5,8.75,5.25,9],"rotation":180,"texture":"#2"},"west":{"uv":[3.75,9.25,4,9.75],"rotation":270,"texture":"#2"},"up":{"uv":[11.25,2.25,12.5,2.75],"texture":"#2"},"down":{"uv":[7.25,12,8.5,12.5],"rotation":180,"texture":"#2"}}},{"from":[10.6306,12,-5.31342],"to":[24.6306,12,2.68658],"rotation":{"angle":-22.5,"axis":"y","origin":[24.25,12,-3.4]},"faces":{"north":{"uv":[3.5,0,0,0],"texture":"#2"},"east":{"uv":[0,0,0,2],"rotation":90,"texture":"#2"},"south":{"uv":[3.5,0,0,0],"rotation":180,"texture":"#2"},"west":{"uv":[0,0,0,2],"rotation":270,"texture":"#2"},"up":{"uv":[7,0,10.5,2],"texture":"#2"},"down":{"uv":[10.5,0,7,2],"rotation":180,"texture":"#2"}}},{"from":[10.6306,11.9,-5.31342],"to":[24.6306,11.9,2.68658],"rotation":{"angle":-22.5,"axis":"y","origin":[24.25,11.9,-3.4]},"faces":{"north":{"uv":[3.5,0,0,0],"texture":"#2"},"east":{"uv":[0,0,0,2],"rotation":90,"texture":"#2"},"south":{"uv":[3.5,0,0,0],"rotation":180,"texture":"#2"},"west":{"uv":[0,0,0,2],"rotation":270,"texture":"#2"},"up":{"uv":[7,0,10.5,2],"texture":"#2"},"down":{"uv":[10.5,0,7,2],"rotation":180,"texture":"#2"}}},{"from":[16.6306,11.5,-5.31342],"to":[19.6306,12.5,-3.31342],"rotation":{"angle":-22.5,"axis":"y","origin":[24.25,11.5,-3.4]},"faces":{"north":{"uv":[14,3.75,13.25,3.5],"texture":"#2"},"east":{"uv":[7.75,13,8,13.5],"rotation":90,"texture":"#2"},"south":{"uv":[14,3.75,13.25,4],"rotation":180,"texture":"#2"},"west":{"uv":[11.25,10,11.5,10.5],"rotation":270,"texture":"#2"},"up":{"uv":[12.5,5.75,13.25,6.25],"texture":"#2"},"down":{"uv":[12.5,6.25,13.25,6.75],"rotation":180,"texture":"#2"}}},{"from":[26,11.5,-1],"to":[28,12.5,4],"rotation":{"angle":0,"axis":"y","origin":[26,11.5,4]},"faces":{"north":{"uv":[5.25,13.25,5.5,13.75],"rotation":90,"texture":"#2"},"east":{"uv":[10.25,13,9,13.25],"rotation":180,"texture":"#2"},"south":{"uv":[5,13.25,5.25,13.75],"rotation":270,"texture":"#2"},"west":{"uv":[14.25,9,13,8.75],"texture":"#2"},"up":{"uv":[12,11,13.25,11.5],"rotation":270,"texture":"#2"},"down":{"uv":[11.5,12,12.75,12.5],"rotation":270,"texture":"#2"}}},{"from":[27.76118,11.525,-2.85403],"to":[29.76118,12.475,0.14597],"rotation":{"angle":22.5,"axis":"y","origin":[26,11.5,4]},"faces":{"north":{"uv":[13.25,5.75,13.5,6.25],"rotation":90,"texture":"#2"},"east":{"uv":[14,4.5,13.25,4.75],"rotation":180,"texture":"#2"},"south":{"uv":[13.25,5.25,13.5,5.75],"rotation":270,"texture":"#2"},"west":{"uv":[14,4.5,13.25,4.25],"texture":"#2"},"up":{"uv":[11.5,12.5,12.25,13],"rotation":270,"texture":"#2"},"down":{"uv":[12.25,12.5,13,13],"rotation":270,"texture":"#2"}}},{"from":[24.76118,12,-6.85403],"to":[29.76118,12,-0.85403],"rotation":{"angle":22.5,"axis":"y","origin":[26,12,4]},"faces":{"north":{"uv":[0,0,0,1.25],"rotation":90,"texture":"#2"},"east":{"uv":[2.75,0,0,0],"rotation":180,"texture":"#2"},"south":{"uv":[0,0,0,1.25],"rotation":270,"texture":"#2"},"west":{"uv":[2.75,0,0,0],"texture":"#2"},"up":{"uv":[5.25,9,6.75,10.25],"rotation":270,"texture":"#2"},"down":{"uv":[6.75,9,5.25,10.25],"rotation":270,"texture":"#2"}}},{"from":[26,11.5,11],"to":[28,12.5,16],"rotation":{"angle":0,"axis":"y","origin":[26,11.5,11]},"faces":{"north":{"uv":[5.25,13.25,5,13.75],"rotation":90,"texture":"#2"},"east":{"uv":[9,13,10.25,13.25],"rotation":180,"texture":"#2"},"south":{"uv":[5.5,13.25,5.25,13.75],"rotation":270,"texture":"#2"},"west":{"uv":[13,9,14.25,8.75],"texture":"#2"},"up":{"uv":[13.25,11,12,11.5],"rotation":270,"texture":"#2"},"down":{"uv":[12.75,12,11.5,12.5],"rotation":270,"texture":"#2"}}},{"from":[27.76118,11.525,14.85403],"to":[29.76118,12.475,17.85403],"rotation":{"angle":-22.5,"axis":"y","origin":[26,11.5,11]},"faces":{"north":{"uv":[13.5,5.25,13.25,5.75],"rotation":90,"texture":"#2"},"east":{"uv":[13.25,4.5,14,4.75],"rotation":180,"texture":"#2"},"south":{"uv":[13.5,5.75,13.25,6.25],"rotation":270,"texture":"#2"},"west":{"uv":[13.25,4.5,14,4.25],"texture":"#2"},"up":{"uv":[12.25,12.5,11.5,13],"rotation":270,"texture":"#2"},"down":{"uv":[13,12.5,12.25,13],"rotation":270,"texture":"#2"}}},{"from":[24.76118,12,15.85403],"to":[29.76118,12,21.85403],"rotation":{"angle":-22.5,"axis":"y","origin":[26,12,11]},"faces":{"north":{"uv":[0,0,0,1.25],"rotation":90,"texture":"#2"},"east":{"uv":[0,0,2.75,0],"rotation":180,"texture":"#2"},"south":{"uv":[0,0,0,1.25],"rotation":270,"texture":"#2"},"west":{"uv":[0,0,2.75,0],"texture":"#2"},"up":{"uv":[6.75,9,5.25,10.25],"rotation":270,"texture":"#2"},"down":{"uv":[5.25,9,6.75,10.25],"rotation":270,"texture":"#2"}}},{"from":[24,9,4],"to":[28,14,11],"rotation":{"angle":0,"axis":"y","origin":[26,12,3]},"faces":{"north":{"uv":[12.5,6,11.5,7.25],"rotation":180,"texture":"#2"},"east":{"uv":[7.75,10.25,9,12],"rotation":270,"texture":"#2"},"south":{"uv":[12.5,6,11.5,4.75],"texture":"#2"},"west":{"uv":[0,10.5,1.25,12.25],"rotation":90,"texture":"#2"},"up":{"uv":[9,10.5,10,12.25],"rotation":180,"texture":"#2"},"down":{"uv":[10,10.5,11,12.25],"texture":"#2"}}},{"from":[15,10,5],"to":[24,13,10],"rotation":{"angle":0,"axis":"y","origin":[22,12,3]},"faces":{"north":{"uv":[16,9.75,13.75,10.5],"rotation":180,"texture":"#2"},"east":{"uv":[16,9,14.75,9.75],"rotation":180,"texture":"#2"},"south":{"uv":[16,10.5,13.75,11.25],"rotation":180,"texture":"#2"},"west":{"uv":[16,8.25,14.75,9],"rotation":180,"texture":"#2"},"up":{"uv":[16,11.25,13.75,12.5],"rotation":180,"texture":"#2"},"down":{"uv":[2.25,6,0,7.25],"rotation":180,"texture":"#2"}}},{"from":[4,14,3.75],"to":[26,14,11.75],"rotation":{"angle":-45,"axis":"x","origin":[11,14,7.75]},"faces":{"north":{"uv":[0,0,0,2],"rotation":270,"texture":"#2"},"east":{"uv":[2,0,0,0],"texture":"#2"},"south":{"uv":[0,0,0,2],"rotation":90,"texture":"#2"},"west":{"uv":[2,0,0,0],"rotation":180,"texture":"#2"},"up":{"uv":[0,14,5.5,16],"rotation":180,"texture":"#2"},"down":{"uv":[0,16,5.5,14],"rotation":180,"texture":"#2"}}},{"from":[4,10,7.75],"to":[26,18,7.75],"rotation":{"angle":-45,"axis":"x","origin":[11,14,7.75]},"faces":{"north":{"uv":[0,14,5.5,16],"texture":"#2"},"east":{"uv":[2,0,0,0],"rotation":90,"texture":"#2"},"south":{"uv":[5.5,14,0,16],"texture":"#2"},"west":{"uv":[2,0,0,0],"rotation":90,"texture":"#2"},"up":{"uv":[0,0,0,2],"rotation":90,"texture":"#2"},"down":{"uv":[0,0,0,2],"rotation":90,"texture":"#2"}}},{"from":[9,10,6],"to":[15,13,9],"rotation":{"angle":22.5,"axis":"z","origin":[15,13,8]},"faces":{"north":{"uv":[7.5,14.5,9,15.25],"rotation":180,"texture":"#2"},"east":{"uv":[6.75,15.25,7.5,16],"rotation":180,"texture":"#2"},"south":{"uv":[9,14.5,7.5,15.25],"rotation":180,"texture":"#2"},"west":{"uv":[6.75,15.25,7.5,16],"rotation":180,"texture":"#2"},"up":{"uv":[7.5,15.25,9,16],"rotation":180,"texture":"#2"},"down":{"uv":[7.5,15.25,9,16],"rotation":180,"texture":"#2"}}},{"from":[4.60477,7.93226,6],"to":[10.60477,10.93226,9],"rotation":{"angle":0,"axis":"y","origin":[15,13,8]},"faces":{"north":{"uv":[9.75,15.25,11.25,16],"rotation":180,"texture":"#2"},"east":{"uv":[9,15.25,9.75,16],"rotation":180,"texture":"#2"},"south":{"uv":[11.25,15.25,9.75,16],"rotation":180,"texture":"#2"},"west":{"uv":[9,15.25,9.75,16],"rotation":180,"texture":"#2"},"up":{"uv":[9.75,14.5,11.25,15.25],"rotation":180,"texture":"#2"},"down":{"uv":[9.75,13.75,11.25,14.5],"rotation":180,"texture":"#2"}}},{"from":[22,11,6],"to":[29,14,9],"rotation":{"angle":-45,"axis":"x","origin":[28.5,12.5,7.5]},"faces":{"north":{"uv":[14.75,13.25,15,14],"texture":"#2"},"east":{"uv":[15.25,13.25,16,14],"texture":"#2"},"south":{"uv":[14.25,13.25,16,12.5],"texture":"#2"},"west":{"uv":[15.25,13.25,16,14],"rotation":90,"texture":"#2"},"up":{"uv":[14.25,12.5,16,13.25],"texture":"#2"},"down":{"uv":[14.75,13.25,15,14],"texture":"#2"}}},{"from":[11,11.95,-7],"to":[17,11.95,11],"rotation":{"angle":-22.5,"axis":"y","origin":[16,11.95,-6]},"faces":{"north":{"uv":[8.75,2.5,10.25,7],"rotation":180,"texture":"#2"},"east":{"uv":[8.75,2.5,10.25,7],"rotation":180,"texture":"#2"},"south":{"uv":[8.75,2.5,10.25,7],"rotation":180,"texture":"#2"},"west":{"uv":[8.75,2.5,10.25,7],"rotation":180,"texture":"#2"},"up":{"uv":[8.75,2.5,10.25,7],"rotation":180,"texture":"#2"},"down":{"uv":[8.75,7,10.25,2.5],"rotation":180,"texture":"#2"}}},{"from":[11,11.95,5],"to":[17,11.95,23],"rotation":{"angle":22.5,"axis":"y","origin":[16,11.95,22]},"faces":{"north":{"uv":[10.25,2.5,8.75,7],"rotation":180,"texture":"#2"},"east":{"uv":[10.25,2.5,8.75,7],"rotation":180,"texture":"#2"},"south":{"uv":[10.25,2.5,8.75,7],"rotation":180,"texture":"#2"},"west":{"uv":[10.25,2.5,8.75,7],"rotation":180,"texture":"#2"},"up":{"uv":[8.75,7,10.25,2.5],"rotation":180,"texture":"#2"},"down":{"uv":[8.75,2.5,10.25,7],"rotation":180,"texture":"#2"}}},{"from":[25,8.975,9.4],"to":[27.85,14.025,12.25],"rotation":{"angle":-45,"axis":"y","origin":[26,11.5,10.4]},"faces":{"north":{"uv":[15.25,14,16,15.25],"rotation":180,"texture":"#2"},"east":{"uv":[12.75,15.25,14,16],"rotation":270,"texture":"#2"},"south":{"uv":[14.5,14,15.25,15.25],"texture":"#2"},"west":{"uv":[14,15.25,15.25,16],"rotation":90,"texture":"#2"},"up":{"uv":[15.25,15.25,16,16],"rotation":180,"texture":"#2"},"down":{"uv":[15.25,16,16,15.25],"rotation":180,"texture":"#2"}}},{"from":[25,8.975,2.75],"to":[27.85,14.025,5.6],"rotation":{"angle":45,"axis":"y","origin":[26,11.5,4.6]},"faces":{"north":{"uv":[14.5,15.25,15.25,14],"rotation":180,"texture":"#2"},"east":{"uv":[12.75,16,14,15.25],"rotation":270,"texture":"#2"},"south":{"uv":[15.25,15.25,16,14],"texture":"#2"},"west":{"uv":[14,16,15.25,15.25],"rotation":90,"texture":"#2"},"up":{"uv":[13.75,15.25,14.5,14.5],"rotation":180,"texture":"#2"},"down":{"uv":[13.75,14.5,14.5,15.25],"rotation":180,"texture":"#2"}}},{"from":[20,14,4],"to":[28,14,12],"rotation":{"angle":-45,"axis":"z","origin":[27,14,8]},"faces":{"north":{"uv":[0,0,0,2],"rotation":270,"texture":"#2"},"east":{"uv":[2,0,0,0],"texture":"#2"},"south":{"uv":[0,0,0,2],"rotation":90,"texture":"#2"},"west":{"uv":[2,0,0,0],"rotation":180,"texture":"#2"},"up":{"uv":[0,7.25,2,9.25],"rotation":90,"texture":"#2"},"down":{"uv":[2,7.25,0,9.25],"rotation":90,"texture":"#2"}}},{"from":[24,11,4],"to":[32,11,12],"rotation":{"angle":0,"axis":"y","origin":[25,11,8]},"faces":{"north":{"uv":[0,0,0,2],"rotation":90,"texture":"#2"},"east":{"uv":[2,0,0,0],"texture":"#2"},"south":{"uv":[0,0,0,2],"rotation":270,"texture":"#2"},"west":{"uv":[2,0,0,0],"rotation":180,"texture":"#2"},"up":{"uv":[2,7.25,0,9.25],"rotation":270,"texture":"#2"},"down":{"uv":[0,7.25,2,9.25],"rotation":270,"texture":"#2"}}},{"from":[-2,12.1,0],"to":[26,12.1,29],"rotation":{"angle":0,"axis":"y","origin":[7,12.1,3]},"faces":{"north":{"uv":[7,0,0,0],"rotation":180,"texture":"#1"},"east":{"uv":[0,0,0,7.25],"rotation":270,"texture":"#1"},"south":{"uv":[7,0,0,0],"texture":"#1"},"west":{"uv":[0,0,0,7.25],"rotation":90,"texture":"#1"},"up":{"uv":[0,0,7,7.25],"rotation":180,"texture":"#1"},"down":{"uv":[7,0,0,7.25],"texture":"#1"}}},{"from":[-2,12.1,-13],"to":[26,12.1,16],"rotation":{"angle":0,"axis":"y","origin":[7,12.1,13]},"faces":{"north":{"uv":[0,0,7,0],"texture":"#1"},"east":{"uv":[0,7.25,0,0],"rotation":270,"texture":"#1"},"south":{"uv":[0,0,7,0],"rotation":180,"texture":"#1"},"west":{"uv":[0,7.25,0,0],"rotation":90,"texture":"#1"},"up":{"uv":[0,7.25,7,0],"rotation":180,"texture":"#1"},"down":{"uv":[7,7.25,0,0],"texture":"#1"}}},{"from":[0,-14,7.9],"to":[20,15,7.9],"rotation":{"angle":0,"axis":"y","origin":[9,-11,7.9]},"faces":{"north":{"uv":[2.5,0,7.5,7.25],"texture":"#1"},"east":{"uv":[0,0,0,7.25],"texture":"#1"},"south":{"uv":[7.5,0,2.5,7.25],"texture":"#1"},"west":{"uv":[0,0,0,7.25],"texture":"#1"},"up":{"uv":[7,0,0,0],"texture":"#1"},"down":{"uv":[7,0,0,0],"texture":"#1"}}}],"gui_light":"front","display":{"thirdperson_righthand":{"rotation":[0,90,0],"translation":[0,0,2],"scale":[0.55,0.55,0.55]},"thirdperson_lefthand":{"rotation":[0,-90,0],"translation":[0,0,2],"scale":[0.55,0.55,0.55]},"firstperson_righthand":{"rotation":[0,79.5,0],"translation":[0.75,1.5,3],"scale":[0.54141,0.54141,0.54141]},"firstperson_lefthand":{"rotation":[-180,-77.5,180],"translation":[-14.75,1.5,3],"scale":[0.54141,0.54141,0.54141]},"ground":{"translation":[-4.25,6,0],"scale":[0.55,0.55,0.55]},"gui":{"rotation":[48,-128,0],"translation":[2.75,0.75,-1.5],"scale":[0.50195,0.50195,0.50195]},"head":{"scale":[0,0,0]},"fixed":{"rotation":[-90,90,0],"translation":[0,11.25,0],"scale":[1.3,1.3,1.3]}},"groups":[{"name":"bone","origin":[8,0,8],"color":0,"children":[{"name":"group","origin":[12,-3,9],"color":0,"children":[0,1]},{"name":"group","origin":[12,-3,9],"color":0,"children":[2,3]},{"name":"group","origin":[10,1,9],"color":0,"children":[4,{"name":"group","origin":[10,-1,9],"color":0,"children":[5,6,7]}]},{"name":"group","origin":[10,1,9],"color":0,"children":[8,{"name":"group","origin":[10,-1,9],"color":0,"children":[9,10,11]}]},{"name":"group","origin":[10,1,9],"color":0,"children":[12,{"name":"group","origin":[-1,6,9],"color":0,"children":[13,14]}]},{"name":"group","origin":[10,1,9],"color":0,"children":[15,{"name":"group","origin":[-1,6,9],"color":0,"children":[16,17]}]},{"name":"group","origin":[8,1.6,8.5],"color":0,"children":[18,19,{"name":"arrow","origin":[-9,9,8],"color":0,"children":[20,21]},{"name":"group","origin":[9,10,8],"color":0,"children":[22,23]},24,25,26,27,28]},{"name":"group","origin":[8,-10,8],"color":0,"children":[29,30]},{"name":"animation","origin":[6,6,8.5],"color":0,"children":[31,32,33]}]}],"mcmodels":"2b417193923f3efe16004df9c36c7e88"}