{"credit":"Made with Blockbench","texture_size":[64,64],"textures":{"1":"elitecreatures:broodmother_assortment_weapon/spid_animation_texture","2":"elitecreatures:broodmother_assortment_weapon/spid_rod_texture","particle":"elitecreatures:broodmother_assortment_weapon/spid_animation_texture"},"elements":[{"from":[-0.5,-1.5,6.5],"to":[6.5,1.5,9.5],"rotation":{"angle":45,"axis":"z","origin":[6.5,1.5,8.5]},"faces":{"north":{"uv":[12.25,3.5,10.5,2.75],"texture":"#2"},"east":{"uv":[13,3.5,12.25,2.75],"texture":"#2"},"south":{"uv":[13,0.75,11.25,0],"texture":"#2"},"west":{"uv":[1.25,13,0.5,12.25],"texture":"#2"},"up":{"uv":[11.25,2.25,13,1.5],"texture":"#2"},"down":{"uv":[11.25,0.75,13,1.5],"texture":"#2"}}},{"from":[-2.5,-4.5,8.475],"to":[2.5,1.5,8.475],"rotation":{"angle":45,"axis":"z","origin":[6.5,1.5,8.475]},"faces":{"north":{"uv":[5.25,8.75,4,7.25],"texture":"#2"},"east":{"uv":[0,1.5,0,0],"texture":"#2"},"south":{"uv":[4,8.75,5.25,7.25],"texture":"#2"},"west":{"uv":[0,1.5,0,0],"texture":"#2"},"up":{"uv":[0,0,2.5,0],"texture":"#2"},"down":{"uv":[0,0,2.5,0],"texture":"#2"}}},{"from":[7,21,7.5],"to":[9,26,8.5],"rotation":{"angle":0,"axis":"y","origin":[7,21,8.5]},"faces":{"north":{"uv":[12,11.5,13.25,11],"rotation":270,"texture":"#2"},"east":{"uv":[10.25,13.25,9,13],"rotation":90,"texture":"#2"},"south":{"uv":[11.5,12.5,12.75,12],"rotation":90,"texture":"#2"},"west":{"uv":[14.25,8.75,13,9],"rotation":90,"texture":"#2"},"up":{"uv":[5.25,13.75,5.5,13.25],"rotation":90,"texture":"#2"},"down":{"uv":[5,13.75,5.25,13.25],"rotation":90,"texture":"#2"}}},{"from":[8.76118,24.85403,7.525],"to":[10.76118,27.85403,8.475],"rotation":{"angle":22.5,"axis":"z","origin":[7,21,8.5]},"faces":{"north":{"uv":[11.5,13,12.25,12.5],"rotation":270,"texture":"#2"},"east":{"uv":[14,4.75,13.25,4.5],"rotation":90,"texture":"#2"},"south":{"uv":[12.25,13,13,12.5],"rotation":90,"texture":"#2"},"west":{"uv":[14,4.25,13.25,4.5],"rotation":90,"texture":"#2"},"up":{"uv":[13.25,6.25,13.5,5.75],"rotation":90,"texture":"#2"},"down":{"uv":[13.25,5.75,13.5,5.25],"rotation":90,"texture":"#2"}}},{"from":[5.76118,25.85403,8.1],"to":[10.76118,31.85403,8.1],"rotation":{"angle":22.5,"axis":"z","origin":[7,21,8.1]},"faces":{"north":{"uv":[5.25,10.25,6.75,9],"rotation":270,"texture":"#2"},"east":{"uv":[2.75,0,0,0],"rotation":90,"texture":"#2"},"south":{"uv":[6.75,10.25,5.25,9],"rotation":90,"texture":"#2"},"west":{"uv":[2.75,0,0,0],"rotation":90,"texture":"#2"},"up":{"uv":[0,1.25,0,0],"rotation":90,"texture":"#2"},"down":{"uv":[0,1.25,0,0],"rotation":90,"texture":"#2"}}},{"from":[5.76118,25.85403,7.9],"to":[10.76118,31.85403,7.9],"rotation":{"angle":22.5,"axis":"z","origin":[7,21,7.9]},"faces":{"north":{"uv":[6.75,9,5.25,10.25],"rotation":90,"texture":"#2"},"east":{"uv":[2.75,0,0,0],"rotation":90,"texture":"#2"},"south":{"uv":[5.25,9,6.75,10.25],"rotation":270,"texture":"#2"},"west":{"uv":[2.75,0,0,0],"rotation":90,"texture":"#2"},"up":{"uv":[0,1.25,0,0],"rotation":90,"texture":"#2"},"down":{"uv":[0,1.25,0,0],"rotation":90,"texture":"#2"}}},{"from":[-0.85403,0.76118,8.1],"to":[5.14597,5.76118,8.1],"rotation":{"angle":-22.5,"axis":"z","origin":[6,4,8.6]},"faces":{"north":{"uv":[5.25,10.25,6.75,9],"texture":"#2"},"east":{"uv":[0,1.25,0,0],"texture":"#2"},"south":{"uv":[6.75,10.25,5.25,9],"texture":"#2"},"west":{"uv":[0,1.25,0,0],"texture":"#2"},"up":{"uv":[2.75,0,0,0],"texture":"#2"},"down":{"uv":[2.75,0,0,0],"texture":"#2"}}},{"from":[-0.85403,0.76118,7.9],"to":[5.14597,5.76118,7.9],"rotation":{"angle":-22.5,"axis":"z","origin":[6,4,7.4]},"faces":{"north":{"uv":[5.25,10.25,6.75,9],"texture":"#2"},"east":{"uv":[0,1.25,0,0],"texture":"#2"},"south":{"uv":[6.75,10.25,5.25,9],"texture":"#2"},"west":{"uv":[0,1.25,0,0],"texture":"#2"},"up":{"uv":[2.75,0,0,0],"texture":"#2"},"down":{"uv":[2.75,0,0,0],"texture":"#2"}}},{"from":[3.14597,3.76118,7.525],"to":[6.14597,5.76118,8.475],"rotation":{"angle":-22.5,"axis":"z","origin":[6,4,8.5]},"faces":{"north":{"uv":[11.5,13,12.25,12.5],"texture":"#2"},"east":{"uv":[13.25,5.75,13.5,5.25],"texture":"#2"},"south":{"uv":[12.25,13,13,12.5],"texture":"#2"},"west":{"uv":[13.25,6.25,13.5,5.75],"texture":"#2"},"up":{"uv":[14,4.75,13.25,4.5],"texture":"#2"},"down":{"uv":[14,4.25,13.25,4.5],"texture":"#2"}}},{"from":[0.14597,7.76118,8.1],"to":[6.14597,12.76118,8.1],"rotation":{"angle":-22.5,"axis":"z","origin":[7,11,8.6]},"faces":{"north":{"uv":[5.25,10.25,6.75,9],"texture":"#2"},"east":{"uv":[0,1.25,0,0],"texture":"#2"},"south":{"uv":[6.75,10.25,5.25,9],"texture":"#2"},"west":{"uv":[0,1.25,0,0],"texture":"#2"},"up":{"uv":[2.75,0,0,0],"texture":"#2"},"down":{"uv":[2.75,0,0,0],"texture":"#2"}}},{"from":[0.14597,7.76118,7.9],"to":[6.14597,12.76118,7.9],"rotation":{"angle":-22.5,"axis":"z","origin":[7,11,7.4]},"faces":{"north":{"uv":[5.25,10.25,6.75,9],"texture":"#2"},"east":{"uv":[0,1.25,0,0],"texture":"#2"},"south":{"uv":[6.75,10.25,5.25,9],"texture":"#2"},"west":{"uv":[0,1.25,0,0],"texture":"#2"},"up":{"uv":[2.75,0,0,0],"texture":"#2"},"down":{"uv":[2.75,0,0,0],"texture":"#2"}}},{"from":[4.14597,10.76118,7.525],"to":[7.14597,12.76118,8.475],"rotation":{"angle":-22.5,"axis":"z","origin":[7,11,8.5]},"faces":{"north":{"uv":[11.5,13,12.25,12.5],"texture":"#2"},"east":{"uv":[13.25,5.75,13.5,5.25],"texture":"#2"},"south":{"uv":[12.25,13,13,12.5],"texture":"#2"},"west":{"uv":[13.25,6.25,13.5,5.75],"texture":"#2"},"up":{"uv":[14,4.75,13.25,4.5],"texture":"#2"},"down":{"uv":[14,4.25,13.25,4.5],"texture":"#2"}}},{"from":[0.14597,14.76118,8.1],"to":[6.14597,19.76118,8.1],"rotation":{"angle":-22.5,"axis":"z","origin":[7,18,8.6]},"faces":{"north":{"uv":[5.25,10.25,6.75,9],"texture":"#2"},"east":{"uv":[0,1.25,0,0],"texture":"#2"},"south":{"uv":[6.75,10.25,5.25,9],"texture":"#2"},"west":{"uv":[0,1.25,0,0],"texture":"#2"},"up":{"uv":[2.75,0,0,0],"texture":"#2"},"down":{"uv":[2.75,0,0,0],"texture":"#2"}}},{"from":[0.14597,14.76118,7.9],"to":[6.14597,19.76118,7.9],"rotation":{"angle":-22.5,"axis":"z","origin":[7,18,7.4]},"faces":{"north":{"uv":[5.25,10.25,6.75,9],"texture":"#2"},"east":{"uv":[0,1.25,0,0],"texture":"#2"},"south":{"uv":[6.75,10.25,5.25,9],"texture":"#2"},"west":{"uv":[0,1.25,0,0],"texture":"#2"},"up":{"uv":[2.75,0,0,0],"texture":"#2"},"down":{"uv":[2.75,0,0,0],"texture":"#2"}}},{"from":[4.14597,17.76118,7.525],"to":[7.14597,19.76118,8.475],"rotation":{"angle":-22.5,"axis":"z","origin":[7,18,8.5]},"faces":{"north":{"uv":[11.5,13,12.25,12.5],"texture":"#2"},"east":{"uv":[13.25,5.75,13.5,5.25],"texture":"#2"},"south":{"uv":[12.25,13,13,12.5],"texture":"#2"},"west":{"uv":[13.25,6.25,13.5,5.75],"texture":"#2"},"up":{"uv":[14,4.75,13.25,4.5],"texture":"#2"},"down":{"uv":[14,4.25,13.25,4.5],"texture":"#2"}}},{"from":[7,9.4,5.475],"to":[9.85,12.25,10.525],"rotation":{"angle":45,"axis":"z","origin":[8,10.4,8]},"faces":{"north":{"uv":[15.25,15.25,16,16],"texture":"#2"},"east":{"uv":[12.75,15.25,14,16],"texture":"#2"},"south":{"uv":[15.25,16,16,15.25],"rotation":180,"texture":"#2"},"west":{"uv":[14,15.25,15.25,16],"texture":"#2"},"up":{"uv":[14.5,14,15.25,15.25],"texture":"#2"},"down":{"uv":[15.25,14,16,15.25],"texture":"#2"}}},{"from":[7,18.4,5.475],"to":[9.85,21.25,10.525],"rotation":{"angle":45,"axis":"z","origin":[8,19.4,8]},"faces":{"north":{"uv":[15.25,15.25,16,16],"texture":"#2"},"east":{"uv":[12.75,15.25,14,16],"texture":"#2"},"south":{"uv":[15.25,16,16,15.25],"rotation":180,"texture":"#2"},"west":{"uv":[14,15.25,15.25,16],"texture":"#2"},"up":{"uv":[14.5,14,15.25,15.25],"texture":"#2"},"down":{"uv":[15.25,14,16,15.25],"texture":"#2"}}},{"from":[6,4,5.5],"to":[10,11,10.5],"rotation":{"angle":0,"axis":"y","origin":[8,3,7.5]},"faces":{"north":{"uv":[9,10.5,10,12.25],"texture":"#2"},"east":{"uv":[7.75,10.25,9,12],"texture":"#2"},"south":{"uv":[10,10.5,11,12.25],"texture":"#2"},"west":{"uv":[0,10.5,1.25,12.25],"texture":"#2"},"up":{"uv":[12.5,6,11.5,4.75],"texture":"#2"},"down":{"uv":[12.5,6,11.5,7.25],"texture":"#2"}}},{"from":[7,2.75,5.475],"to":[9.85,5.6,10.525],"rotation":{"angle":-45,"axis":"z","origin":[8,4.6,8]},"faces":{"north":{"uv":[13.75,15.25,14.5,14.5],"texture":"#2"},"east":{"uv":[12.75,16,14,15.25],"texture":"#2"},"south":{"uv":[13.75,14.5,14.5,15.25],"rotation":180,"texture":"#2"},"west":{"uv":[14,16,15.25,15.25],"texture":"#2"},"up":{"uv":[15.25,15.25,16,14],"texture":"#2"},"down":{"uv":[14.5,15.25,15.25,14],"texture":"#2"}}},{"from":[7,-2.25,5.475],"to":[9.85,0.6,10.525],"rotation":{"angle":-45,"axis":"z","origin":[8,-0.4,8]},"faces":{"north":{"uv":[13.75,15.25,14.5,14.5],"texture":"#2"},"east":{"uv":[12.75,16,14,15.25],"texture":"#2"},"south":{"uv":[13.75,14.5,14.5,15.25],"rotation":180,"texture":"#2"},"west":{"uv":[14,16,15.25,15.25],"texture":"#2"},"up":{"uv":[15.25,15.25,16,14],"texture":"#2"},"down":{"uv":[14.5,15.25,15.25,14],"texture":"#2"}}},{"from":[7,8,6.475],"to":[9,19,9.525],"rotation":{"angle":0,"axis":"y","origin":[8,11,7.5]},"faces":{"north":{"uv":[2,10.5,2.5,13.25],"texture":"#2"},"east":{"uv":[10.5,0,11.25,2.75],"texture":"#2"},"south":{"uv":[11,10.5,11.5,13.25],"texture":"#2"},"west":{"uv":[1.25,10.5,2,13.25],"texture":"#2"},"up":{"uv":[13.25,8.5,12.75,7.75],"texture":"#2"},"down":{"uv":[13.5,0,13,0.75],"texture":"#2"}}},{"from":[2,-3,8],"to":[4,31,8],"rotation":{"angle":0,"axis":"y","origin":[3,11,9.025]},"faces":{"north":{"uv":[0,15.5,8.5,16],"rotation":90,"texture":"#2"},"east":{"uv":[10.5,0,11.25,2.75],"texture":"#2"},"south":{"uv":[0,16,8.5,15.5],"rotation":90,"texture":"#2"},"west":{"uv":[1.25,10.5,2,13.25],"texture":"#2"},"up":{"uv":[13.25,8.5,12.75,7.75],"texture":"#2"},"down":{"uv":[13.5,0,13,0.75],"texture":"#2"}}},{"from":[6,28,8],"to":[32,31,8],"rotation":{"angle":0,"axis":"y","origin":[6,11,9.025]},"faces":{"north":{"uv":[0,14.75,6.5,15.5],"texture":"#2"},"east":{"uv":[10.5,0,11.25,2.75],"texture":"#2"},"south":{"uv":[6.5,14.75,0,15.5],"texture":"#2"},"west":{"uv":[1.25,10.5,2,13.25],"texture":"#2"},"up":{"uv":[13.25,8.5,12.75,7.75],"texture":"#2"},"down":{"uv":[13.5,0,13,0.75],"texture":"#2"}}},{"from":[4,-16,8],"to":[12,-8,8],"rotation":{"angle":0,"axis":"y","origin":[8,-13,8]},"faces":{"north":{"uv":[0,7.25,2,9.25],"texture":"#2"},"east":{"uv":[0,0,0,2],"texture":"#2"},"south":{"uv":[2,7.25,0,9.25],"texture":"#2"},"west":{"uv":[0,0,0,2],"texture":"#2"},"up":{"uv":[2,0,0,0],"texture":"#2"},"down":{"uv":[2,0,0,0],"texture":"#2"}}},{"from":[7,-10,7],"to":[9,-2,9],"rotation":{"angle":0,"axis":"y","origin":[8,-11,8]},"faces":{"north":{"uv":[11.5,10,12,12],"texture":"#2"},"east":{"uv":[2.5,12,3,14],"texture":"#2"},"south":{"uv":[3,12,3.5,14],"texture":"#2"},"west":{"uv":[3.5,12,4,14],"texture":"#2"},"up":{"uv":[12,13.5,11.5,13],"texture":"#2"},"down":{"uv":[13.5,11.5,13,12],"texture":"#2"}}},{"from":[6,-1,5.5],"to":[10,2,10.5],"rotation":{"angle":0,"axis":"y","origin":[8,-7,8.5]},"faces":{"north":{"uv":[15,4.25,16,5],"texture":"#2"},"east":{"uv":[15,2.75,16,3.5],"texture":"#2"},"south":{"uv":[15,2,16,2.75],"texture":"#2"},"west":{"uv":[15,3.5,16,4.25],"texture":"#2"},"up":{"uv":[15,1,16,2],"texture":"#2"},"down":{"uv":[15,0,16,1],"texture":"#2"}}},{"from":[7,-11,6.975],"to":[9,-9,9.025],"rotation":{"angle":-45,"axis":"z","origin":[8,-10,8]},"faces":{"north":{"uv":[12,13,12.5,13.5],"texture":"#2"},"east":{"uv":[12.5,13,13,13.5],"texture":"#2"},"south":{"uv":[13,12.5,13.5,13],"texture":"#2"},"west":{"uv":[13,13,13.5,13.5],"texture":"#2"},"up":{"uv":[1.75,13.75,1.25,13.25],"texture":"#2"},"down":{"uv":[2.25,13.25,1.75,13.75],"texture":"#2"}}},{"from":[-15,-2,8.9],"to":[13,27,8.9],"rotation":{"angle":0,"axis":"y","origin":[-6,1,8.9]},"faces":{"north":{"uv":[0,0,7,7.25],"texture":"#1"},"east":{"uv":[0,0,0,7.25],"texture":"#1"},"south":{"uv":[7,0,0,7.25],"texture":"#1"},"west":{"uv":[0,0,0,7.25],"texture":"#1"},"up":{"uv":[7,0,0,0],"texture":"#1"},"down":{"uv":[7,0,0,0],"texture":"#1"}}},{"from":[-12,-16,7.9],"to":[8,13,7.9],"rotation":{"angle":0,"axis":"y","origin":[-3,-13,7.9]},"faces":{"north":{"uv":[2.5,0,7.5,7.25],"texture":"#1"},"east":{"uv":[0,0,0,7.25],"texture":"#1"},"south":{"uv":[7.5,0,2.5,7.25],"texture":"#1"},"west":{"uv":[0,0,0,7.25],"texture":"#1"},"up":{"uv":[7,0,0,0],"texture":"#1"},"down":{"uv":[7,0,0,0],"texture":"#1"}}}],"gui_light":"front","display":{"thirdperson_righthand":{"rotation":[0,90,0],"translation":[0,6.25,1.75],"scale":[0.6,0.6,0.6]},"thirdperson_lefthand":{"rotation":[0,-90,0],"translation":[0,6.25,1.75],"scale":[0.6,0.6,0.6]},"firstperson_righthand":{"rotation":[-53,97,-8],"translation":[3.75,4,-4.25],"scale":[0.48555,0.48555,0.48555]},"firstperson_lefthand":{"rotation":[-53,-83,-8],"translation":[3.75,4,-4.25],"scale":[0.48555,0.48555,0.48555]},"ground":{"rotation":[90,0,90],"translation":[-0.5,6,0],"scale":[0.45,0.45,0.45]},"gui":{"rotation":[180,0,135],"translation":[-0.75,-0.25,-1.5],"scale":[0.4043,0.4043,0.4043]},"head":{"scale":[0,0,0]},"fixed":{"translation":[0,0,-3.25],"scale":[1.3,1.3,1.3]}},"groups":[{"name":"bone","origin":[8,0,8],"color":0,"children":[{"name":"group","origin":[12,-3,9],"color":0,"children":[0,1]},{"name":"group","origin":[10,1,9],"color":0,"children":[2,{"name":"group","origin":[-1,6,9],"color":0,"children":[3,4,5]}]},{"name":"group","origin":[10,1,9],"color":0,"children":[6,7,8]},{"name":"group","origin":[10,1,9],"color":0,"children":[9,10,11]},{"name":"group","origin":[10,1,9],"color":0,"children":[12,13,14]},{"name":"group","origin":[8,1.6,8.5],"color":0,"children":[15,16,17,18,19]},{"name":"group","origin":[8,11,8],"color":0,"children":[20,21,22]},23,24,25,26,{"name":"animation","origin":[6,6,8.5],"color":0,"children":[27,28]}]}],"mcmodels":"2b417193923f3efe16004df9c36c7e88"}