{"credit":"Made with Blockbench","texture_size":[64,64],"textures":{"1":"elitecreatures:broodmother_assortment_weapon/spid_animation_texture","2":"elitecreatures:broodmother_assortment_weapon/spid_hoe_texture","particle":"elitecreatures:broodmother_assortment_weapon/spid_animation_texture"},"elements":[{"from":[11,21,4.525],"to":[20,21,11.475],"rotation":{"angle":0,"axis":"y","origin":[11,22.5,8.5]},"faces":{"north":{"uv":[14,5,16,5.75],"texture":"#2"},"east":{"uv":[14,5,16,5.75],"texture":"#2"},"south":{"uv":[16,5,14,5.75],"texture":"#2"},"west":{"uv":[14,5,16,5.75],"texture":"#2"},"up":{"uv":[13.75,9.5,16,11.2375],"texture":"#2"},"down":{"uv":[13.75,11.2375,16,9.5],"texture":"#2"}}},{"from":[-1,18,6.525],"to":[7,21,9.475],"rotation":{"angle":22.5,"axis":"z","origin":[7,21,8.5]},"faces":{"north":{"uv":[16,5,14,5.75],"texture":"#2"},"east":{"uv":[14.7375,5,14,5.75],"texture":"#2"},"south":{"uv":[14,5,16,5.75],"texture":"#2"},"west":{"uv":[16,5,14,5.75],"texture":"#2"},"up":{"uv":[16,5.75,14,6.5],"texture":"#2"},"down":{"uv":[16,6.5,14,7.25],"texture":"#2"}}},{"from":[-7.39104,21.06147,6.5],"to":[-0.39104,24.06147,9.5],"rotation":{"angle":45,"axis":"z","origin":[7,21,8.5]},"faces":{"north":{"uv":[12.25,3.5,10.5,2.75],"texture":"#2"},"east":{"uv":[13,3.5,12.25,2.75],"texture":"#2"},"south":{"uv":[13,0.75,11.25,0],"texture":"#2"},"west":{"uv":[1.25,13,0.5,12.25],"texture":"#2"},"up":{"uv":[11.25,2.25,13,1.5],"texture":"#2"},"down":{"uv":[11.25,0.75,13,1.5],"texture":"#2"}}},{"from":[-11.39104,18.06147,8.5],"to":[-4.39104,24.06147,8.5],"rotation":{"angle":45,"axis":"z","origin":[7,21,8.5]},"faces":{"north":{"uv":[5.75,8.75,4,7.25],"texture":"#2"},"east":{"uv":[0,1.5,0,0],"texture":"#2"},"south":{"uv":[4,8.75,5.75,7.25],"texture":"#2"},"west":{"uv":[0,1.5,0,0],"texture":"#2"},"up":{"uv":[0,0,2.5,0],"texture":"#2"},"down":{"uv":[0,0,2.5,0],"texture":"#2"}}},{"from":[8,19,6.5],"to":[13,22,9.5],"rotation":{"angle":0,"axis":"y","origin":[8,40,8.5]},"faces":{"north":{"uv":[10.5,3.5,11.75,2.75],"texture":"#2"},"east":{"uv":[0.5,13,1.25,12.25],"texture":"#2"},"south":{"uv":[11.75,3.5,10.5,2.75],"texture":"#2"},"west":{"uv":[12.25,3.5,13,2.75],"texture":"#2"},"up":{"uv":[12.5,2.25,11.25,1.5],"texture":"#2"},"down":{"uv":[12.5,0.75,11.25,1.5],"texture":"#2"}}},{"from":[-0.5,10.5,6.5],"to":[6.5,13.5,9.5],"rotation":{"angle":45,"axis":"z","origin":[6.5,13.5,8.5]},"faces":{"north":{"uv":[12.25,3.5,10.5,2.75],"texture":"#2"},"east":{"uv":[13,3.5,12.25,2.75],"texture":"#2"},"south":{"uv":[13,0.75,11.25,0],"texture":"#2"},"west":{"uv":[1.25,13,0.5,12.25],"texture":"#2"},"up":{"uv":[11.25,2.25,13,1.5],"texture":"#2"},"down":{"uv":[11.25,0.75,13,1.5],"texture":"#2"}}},{"from":[-2.5,7.5,8.475],"to":[2.5,13.5,8.475],"rotation":{"angle":45,"axis":"z","origin":[6.5,13.5,8.475]},"faces":{"north":{"uv":[5.25,8.75,4,7.25],"texture":"#2"},"east":{"uv":[0,1.5,0,0],"texture":"#2"},"south":{"uv":[4,8.75,5.25,7.25],"texture":"#2"},"west":{"uv":[0,1.5,0,0],"texture":"#2"},"up":{"uv":[0,0,2.5,0],"texture":"#2"},"down":{"uv":[0,0,2.5,0],"texture":"#2"}}},{"from":[2,20,7.5],"to":[7,22,8.5],"rotation":{"angle":-22.5,"axis":"z","origin":[7,20,8.5]},"faces":{"north":{"uv":[12,11.5,13.25,11],"texture":"#2"},"east":{"uv":[5,13.75,5.25,13.25],"texture":"#2"},"south":{"uv":[11.5,12.5,12.75,12],"texture":"#2"},"west":{"uv":[5.25,13.75,5.5,13.25],"texture":"#2"},"up":{"uv":[10.25,13.25,9,13],"texture":"#2"},"down":{"uv":[14.25,8.75,13,9],"texture":"#2"}}},{"from":[0.14597,21.76118,7.525],"to":[3.14597,23.76118,8.475],"rotation":{"angle":0,"axis":"y","origin":[7,20,8.5]},"faces":{"north":{"uv":[11.5,13,12.25,12.5],"texture":"#2"},"east":{"uv":[13.25,5.75,13.5,5.25],"texture":"#2"},"south":{"uv":[12.25,13,13,12.5],"texture":"#2"},"west":{"uv":[13.25,6.25,13.5,5.75],"texture":"#2"},"up":{"uv":[14,4.75,13.25,4.5],"texture":"#2"},"down":{"uv":[14,4.25,13.25,4.5],"texture":"#2"}}},{"from":[-3.85403,18.76118,8],"to":[2.14597,23.76118,8],"rotation":{"angle":0,"axis":"y","origin":[7,20,8]},"faces":{"north":{"uv":[5.25,10.25,6.75,9],"texture":"#2"},"east":{"uv":[0,1.25,0,0],"texture":"#2"},"south":{"uv":[6.75,10.25,5.25,9],"texture":"#2"},"west":{"uv":[0,1.25,0,0],"texture":"#2"},"up":{"uv":[2.75,0,0,0],"texture":"#2"},"down":{"uv":[2.75,0,0,0],"texture":"#2"}}},{"from":[7,18.4,5.475],"to":[9.85,21.25,10.525],"rotation":{"angle":45,"axis":"z","origin":[8,19.4,8]},"faces":{"north":{"uv":[15.25,15.25,16,16],"texture":"#2"},"east":{"uv":[12.75,15.25,14,16],"texture":"#2"},"south":{"uv":[15.25,16,16,15.25],"rotation":180,"texture":"#2"},"west":{"uv":[14,15.25,15.25,16],"texture":"#2"},"up":{"uv":[14.5,14,15.25,15.25],"texture":"#2"},"down":{"uv":[15.25,14,16,15.25],"texture":"#2"}}},{"from":[6,13,5.5],"to":[10,20,10.5],"rotation":{"angle":0,"axis":"y","origin":[8,12,7.5]},"faces":{"north":{"uv":[9,10.5,10,12.25],"texture":"#2"},"east":{"uv":[7.75,10.25,9,12],"texture":"#2"},"south":{"uv":[10,10.5,11,12.25],"texture":"#2"},"west":{"uv":[0,10.5,1.25,12.25],"texture":"#2"},"up":{"uv":[12.5,6,11.5,4.75],"texture":"#2"},"down":{"uv":[12.5,6,11.5,7.25],"texture":"#2"}}},{"from":[7,11.75,5.475],"to":[9.85,14.6,10.525],"rotation":{"angle":-45,"axis":"z","origin":[8,13.6,8]},"faces":{"north":{"uv":[13.75,15.25,14.5,14.5],"texture":"#2"},"east":{"uv":[12.75,16,14,15.25],"texture":"#2"},"south":{"uv":[13.75,14.5,14.5,15.25],"rotation":180,"texture":"#2"},"west":{"uv":[14,16,15.25,15.25],"texture":"#2"},"up":{"uv":[15.25,15.25,16,14],"texture":"#2"},"down":{"uv":[14.5,15.25,15.25,14],"texture":"#2"}}},{"from":[7,-2.25,5.475],"to":[9.85,0.6,10.525],"rotation":{"angle":-45,"axis":"z","origin":[8,-0.4,8]},"faces":{"north":{"uv":[13.75,15.25,14.5,14.5],"texture":"#2"},"east":{"uv":[12.75,16,14,15.25],"texture":"#2"},"south":{"uv":[13.75,14.5,14.5,15.25],"rotation":180,"texture":"#2"},"west":{"uv":[14,16,15.25,15.25],"texture":"#2"},"up":{"uv":[15.25,15.25,16,14],"texture":"#2"},"down":{"uv":[14.5,15.25,15.25,14],"texture":"#2"}}},{"from":[7,1,6.475],"to":[9,12,9.525],"rotation":{"angle":0,"axis":"y","origin":[8,4,7.5]},"faces":{"north":{"uv":[2,10.5,2.5,13.25],"texture":"#2"},"east":{"uv":[10.5,0,11.25,2.75],"texture":"#2"},"south":{"uv":[11,10.5,11.5,13.25],"texture":"#2"},"west":{"uv":[1.25,10.5,2,13.25],"texture":"#2"},"up":{"uv":[13.25,8.5,12.75,7.75],"texture":"#2"},"down":{"uv":[13.5,0,13,0.75],"texture":"#2"}}},{"from":[7.35,11.3,6.45],"to":[8.75,12.7,9.55],"rotation":{"angle":-45,"axis":"z","origin":[8,12.05,7.5]},"faces":{"north":{"uv":[13,9,13.5,9.5],"texture":"#2"},"east":{"uv":[12.75,12,13.5,12.5],"texture":"#2"},"south":{"uv":[10.25,13,10.75,13.5],"texture":"#2"},"west":{"uv":[0.5,13,1.25,13.5],"texture":"#2"},"up":{"uv":[13.5,1.5,13,0.75],"texture":"#2"},"down":{"uv":[13.5,1.5,13,2.25],"texture":"#2"}}},{"from":[4,-16,8],"to":[12,-8,8],"rotation":{"angle":0,"axis":"y","origin":[8,-13,8]},"faces":{"north":{"uv":[0,7.25,2,9.25],"texture":"#2"},"east":{"uv":[0,0,0,2],"texture":"#2"},"south":{"uv":[2,7.25,0,9.25],"texture":"#2"},"west":{"uv":[0,0,0,2],"texture":"#2"},"up":{"uv":[2,0,0,0],"texture":"#2"},"down":{"uv":[2,0,0,0],"texture":"#2"}}},{"from":[7,-10,7],"to":[9,-2,9],"rotation":{"angle":0,"axis":"y","origin":[8,-11,8]},"faces":{"north":{"uv":[11.5,10,12,12],"texture":"#2"},"east":{"uv":[2.5,12,3,14],"texture":"#2"},"south":{"uv":[3,12,3.5,14],"texture":"#2"},"west":{"uv":[3.5,12,4,14],"texture":"#2"},"up":{"uv":[12,13.5,11.5,13],"texture":"#2"},"down":{"uv":[13.5,11.5,13,12],"texture":"#2"}}},{"from":[6,-1,5.5],"to":[10,2,10.5],"rotation":{"angle":0,"axis":"y","origin":[8,-7,8.5]},"faces":{"north":{"uv":[15,4.25,16,5],"texture":"#2"},"east":{"uv":[15,2.75,16,3.5],"texture":"#2"},"south":{"uv":[15,2,16,2.75],"texture":"#2"},"west":{"uv":[15,3.5,16,4.25],"texture":"#2"},"up":{"uv":[15,1,16,2],"texture":"#2"},"down":{"uv":[15,0,16,1],"texture":"#2"}}},{"from":[7,-11,6.975],"to":[9,-9,9.025],"rotation":{"angle":-45,"axis":"z","origin":[8,-10,8]},"faces":{"north":{"uv":[12,13,12.5,13.5],"texture":"#2"},"east":{"uv":[12.5,13,13,13.5],"texture":"#2"},"south":{"uv":[13,12.5,13.5,13],"texture":"#2"},"west":{"uv":[13,13,13.5,13.5],"texture":"#2"},"up":{"uv":[1.75,13.75,1.25,13.25],"texture":"#2"},"down":{"uv":[2.25,13.25,1.75,13.75],"texture":"#2"}}},{"from":[-15,1,8.9],"to":[13,30,8.9],"rotation":{"angle":0,"axis":"y","origin":[-6,4,8.9]},"faces":{"north":{"uv":[0,0,7,7.25],"texture":"#1"},"east":{"uv":[0,0,0,7.25],"texture":"#1"},"south":{"uv":[7,0,0,7.25],"texture":"#1"},"west":{"uv":[0,0,0,7.25],"texture":"#1"},"up":{"uv":[7,0,0,0],"texture":"#1"},"down":{"uv":[7,0,0,0],"texture":"#1"}}},{"from":[-12,-13,7.9],"to":[8,16,7.9],"rotation":{"angle":0,"axis":"y","origin":[-3,-10,7.9]},"faces":{"north":{"uv":[2.5,0,7.5,7.25],"texture":"#1"},"east":{"uv":[0,0,0,7.25],"texture":"#1"},"south":{"uv":[7.5,0,2.5,7.25],"texture":"#1"},"west":{"uv":[0,0,0,7.25],"texture":"#1"},"up":{"uv":[7,0,0,0],"texture":"#1"},"down":{"uv":[7,0,0,0],"texture":"#1"}}}],"gui_light":"front","display":{"thirdperson_righthand":{"rotation":[0,90,0],"translation":[0,6.25,2.25],"scale":[0.6,0.6,0.6]},"thirdperson_lefthand":{"rotation":[0,-90,0],"translation":[0,6.25,2.25],"scale":[0.6,0.6,0.6]},"firstperson_righthand":{"rotation":[-10,90,2],"translation":[6,4,-4.25],"scale":[0.43789,0.43789,0.43789]},"firstperson_lefthand":{"rotation":[-10,-90,2],"translation":[6,4,-4.25],"scale":[0.43789,0.43789,0.43789]},"ground":{"rotation":[90,0,90],"translation":[-1.5,6,0],"scale":[0.45,0.45,0.45]},"gui":{"rotation":[180,0,135],"translation":[-1.25,1,0],"scale":[0.4668,0.4668,0.4668]},"head":{"scale":[0,0,0]},"fixed":{"translation":[0,4.75,-3.25],"scale":[1.3,1.3,1.3]}},"groups":[{"name":"bone","origin":[8,0,8],"color":0,"children":[{"name":"group","origin":[12,14,7.5],"color":0,"children":[0]},{"name":"group","origin":[12,14,7.5],"color":0,"children":[1,{"name":"group","origin":[12,-3,9],"color":0,"children":[2,3]},4]},{"name":"group","origin":[12,-3,9],"color":0,"children":[5,6]},{"name":"group","origin":[10,1,9],"color":0,"children":[7,{"name":"group","origin":[-1,6,9],"color":0,"children":[8,9]}]},{"name":"group","origin":[8,1.6,8.5],"color":0,"children":[10,11,12,13]},{"name":"group","origin":[8,11,8],"color":0,"children":[14,15]},16,17,18,19,{"name":"animation","origin":[6,6,8.5],"color":0,"children":[20,21]}]}],"mcmodels":"2b417193923f3efe16004df9c36c7e88"}