{"credit":"Made with Blockbench","texture_size":[64,64],"textures":{"2":"elitecreatures:broodmother_assortment_weapon/spid_key_texture"},"elements":[{"from":[6,3,7],"to":[10,7,9],"rotation":{"angle":0,"axis":"y","origin":[9,6,8]},"faces":{"north":{"uv":[10.75,2.5,11.75,3.5],"rotation":90,"texture":"#2"},"east":{"uv":[12,1,13,1.5],"rotation":90,"texture":"#2"},"south":{"uv":[10.75,3.5,11.75,2.5],"rotation":90,"texture":"#2"},"west":{"uv":[11.25,2.25,12.25,2.75],"rotation":90,"texture":"#2"},"up":{"uv":[11.75,3.25,12.25,2.25],"rotation":90,"texture":"#2"},"down":{"uv":[10.75,2.5,11.25,3.5],"rotation":90,"texture":"#2"}}},{"from":[0,3,8],"to":[16,22,8],"rotation":{"angle":0,"axis":"y","origin":[9,6,8]},"faces":{"north":{"uv":[4,2.5,8,7.25],"texture":"#2"},"east":{"uv":[0,0,0,7.25],"texture":"#2"},"south":{"uv":[8,2.5,4,7.25],"texture":"#2"},"west":{"uv":[0,0,0,7.25],"texture":"#2"},"up":{"uv":[3.5,0,0,0],"texture":"#2"},"down":{"uv":[3.5,0,0,0],"texture":"#2"}}},{"from":[4,-7,8],"to":[12,3,8],"rotation":{"angle":0,"axis":"y","origin":[8,-4,8]},"faces":{"north":{"uv":[0,6.75,2,9.25],"texture":"#2"},"east":{"uv":[0,0,0,2],"texture":"#2"},"south":{"uv":[2,6.75,0,9.25],"texture":"#2"},"west":{"uv":[0,0,0,2],"texture":"#2"},"up":{"uv":[2,0,0,0],"texture":"#2"},"down":{"uv":[2,0,0,0],"texture":"#2"}}},{"from":[7,-2,6.975],"to":[9,0,9.025],"rotation":{"angle":-45,"axis":"z","origin":[8,-1,8]},"faces":{"north":{"uv":[12,13,12.5,13.5],"texture":"#2"},"east":{"uv":[12.5,13,13,13.5],"texture":"#2"},"south":{"uv":[12,11.75,12.5,12.25],"texture":"#2"},"west":{"uv":[12,12.25,12.5,12.75],"texture":"#2"},"up":{"uv":[1.75,13.75,1.25,13.25],"texture":"#2"},"down":{"uv":[2.25,13.25,1.75,13.75],"texture":"#2"}}}],"gui_light":"front","display":{"thirdperson_righthand":{"rotation":[0,90,0],"translation":[0,2,2.25],"scale":[0.51016,0.51016,0.51016]},"thirdperson_lefthand":{"rotation":[0,-90,0],"translation":[0,2,2.25],"scale":[0.51016,0.51016,0.51016]},"firstperson_righthand":{"rotation":[-35,90,2],"translation":[5.75,2.75,-4.25],"scale":[0.43789,0.43789,0.43789]},"firstperson_lefthand":{"rotation":[-35,-90,2],"translation":[5.75,2.75,-4.25],"scale":[0.43789,0.43789,0.43789]},"ground":{"rotation":[90,0,90],"translation":[0,6,0],"scale":[0.45,0.45,0.45]},"gui":{"translation":[0,0.5,0],"scale":[0.52539,0.52539,0.52539]},"head":{"scale":[0,0,0]},"fixed":{"translation":[0,2.25,-1.25],"scale":[1.3,1.3,1.3]}},"groups":[{"name":"bone","origin":[8,0,8],"color":0,"children":[{"name":"key","origin":[9,3,-7.5],"color":0,"children":[0,1,2,3]}]}],"mcmodels":"2b417193923f3efe16004df9c36c7e88"}