{"credit":"Made with Blockbench","texture_size":[64,64],"textures":{"2":"elitecreatures:broodmother_assortment_weapon/spid_wing_texture"},"elements":[{"name":"body","from":[4.8,-10.6,6.115],"to":[10.8,-8.8,7.915],"rotation":{"angle":0,"axis":"y","origin":[7.8,-23.2,7.915]},"faces":{"north":{"uv":[6.75,7.25,9.25,8],"texture":"#2"},"east":{"uv":[6,7.25,6.75,8],"texture":"#2"},"south":{"uv":[10,7.25,12.5,8],"texture":"#2"},"west":{"uv":[9.25,7.25,10,8],"texture":"#2"},"up":{"uv":[9.25,7.25,6.75,6.5],"texture":"#2"},"down":{"uv":[11.75,6.5,9.25,7.25],"texture":"#2"}}},{"name":"body","from":[6.6,-15.4,6.115],"to":[9,-10.6,7.915],"rotation":{"angle":0,"axis":"y","origin":[7.8,-28,7.915]},"faces":{"north":{"uv":[7.75,0.75,8.75,2.75],"texture":"#2"},"east":{"uv":[7,0.75,7.75,2.75],"texture":"#2"},"south":{"uv":[9.5,0.75,10.5,2.75],"texture":"#2"},"west":{"uv":[8.75,0.75,9.5,2.75],"texture":"#2"},"up":{"uv":[8.75,0.75,7.75,0],"texture":"#2"},"down":{"uv":[9.75,0,8.75,0.75],"texture":"#2"}}},{"name":"body","from":[-1.2,-13.6,6.1],"to":[6.6,-11.8,7.9],"rotation":{"angle":0,"axis":"y","origin":[5.4,-13.6,7.9]},"faces":{"north":{"uv":[0.75,4.25,4,5],"texture":"#2"},"east":{"uv":[0,4.25,0.75,5],"texture":"#2"},"south":{"uv":[4.75,4.25,8,5],"texture":"#2"},"west":{"uv":[4,4.25,4.75,5],"texture":"#2"},"up":{"uv":[4,4.25,0.75,3.5],"texture":"#2"},"down":{"uv":[7.25,3.5,4,4.25],"texture":"#2"}}},{"name":"body","from":[-1.2,-13.6,-0.5],"to":[0.6,-11.8,6.1],"rotation":{"angle":0,"axis":"y","origin":[5.4,-13.6,6.1]},"faces":{"north":{"uv":[2.75,2.75,3.5,3.5],"texture":"#2"},"east":{"uv":[0,2.75,2.75,3.5],"texture":"#2"},"south":{"uv":[6.25,2.75,7,3.5],"texture":"#2"},"west":{"uv":[3.5,2.75,6.25,3.5],"texture":"#2"},"up":{"uv":[3.5,2.75,2.75,0],"texture":"#2"},"down":{"uv":[4.25,0,3.5,2.75],"texture":"#2"}}},{"name":"body","from":[-1.2,-12.7,-4.7],"to":[0.6,-12.7,-0.5],"rotation":{"angle":0,"axis":"y","origin":[5.4,-13.6,3.1]},"faces":{"north":{"uv":[3.75,9.75,4.5,9.75],"texture":"#2"},"east":{"uv":[2,9.75,3.75,9.75],"texture":"#2"},"south":{"uv":[6.25,9.75,7,9.75],"texture":"#2"},"west":{"uv":[4.5,9.75,6.25,9.75],"texture":"#2"},"up":{"uv":[4.5,9.75,3.75,8],"texture":"#2"},"down":{"uv":[5.25,8,4.5,9.75],"texture":"#2"}}},{"name":"body","from":[9,-13.6,6.1],"to":[16.8,-11.8,7.9],"rotation":{"angle":0,"axis":"y","origin":[10.2,-13.6,7.9]},"faces":{"north":{"uv":[4,4.25,0.75,5],"texture":"#2"},"east":{"uv":[4.75,4.25,4,5],"texture":"#2"},"south":{"uv":[8,4.25,4.75,5],"texture":"#2"},"west":{"uv":[0.75,4.25,0,5],"texture":"#2"},"up":{"uv":[0.75,4.25,4,3.5],"texture":"#2"},"down":{"uv":[4,3.5,7.25,4.25],"texture":"#2"}}},{"name":"body","from":[15,-13.6,-0.5],"to":[16.8,-11.8,6.1],"rotation":{"angle":0,"axis":"y","origin":[10.2,-13.6,6.1]},"faces":{"north":{"uv":[3.5,2.75,2.75,3.5],"texture":"#2"},"east":{"uv":[6.25,2.75,3.5,3.5],"texture":"#2"},"south":{"uv":[7,2.75,6.25,3.5],"texture":"#2"},"west":{"uv":[2.75,2.75,0,3.5],"texture":"#2"},"up":{"uv":[2.75,2.75,3.5,0],"texture":"#2"},"down":{"uv":[3.5,0,4.25,2.75],"texture":"#2"}}},{"name":"body","from":[15,-12.7,-4.7],"to":[16.8,-12.7,-0.5],"rotation":{"angle":0,"axis":"y","origin":[10.2,-13.6,3.1]},"faces":{"north":{"uv":[4.5,9.75,3.75,9.75],"texture":"#2"},"east":{"uv":[6.25,9.75,4.5,9.75],"texture":"#2"},"south":{"uv":[7,9.75,6.25,9.75],"texture":"#2"},"west":{"uv":[3.75,9.75,2,9.75],"texture":"#2"},"up":{"uv":[3.75,9.75,4.5,8],"texture":"#2"},"down":{"uv":[4.5,8,5.25,9.75],"texture":"#2"}}},{"name":"body","from":[-1.2,-15.4,6.1],"to":[6.6,-13.6,7.9],"rotation":{"angle":45,"axis":"z","origin":[6.6,-13.6,7.9]},"faces":{"north":{"uv":[0.75,4.25,4,5],"texture":"#2"},"east":{"uv":[0,4.25,0.75,5],"texture":"#2"},"south":{"uv":[4.75,4.25,8,5],"texture":"#2"},"west":{"uv":[4,4.25,4.75,5],"texture":"#2"},"up":{"uv":[4,4.25,0.75,3.5],"texture":"#2"},"down":{"uv":[7.25,3.5,4,4.25],"texture":"#2"}}},{"name":"body","from":[-1.2,-15.4,0.7],"to":[0.6,-13.6,6.1],"rotation":{"angle":45,"axis":"z","origin":[6.6,-13.6,6.1]},"faces":{"north":{"uv":[2.25,7.25,3,8],"texture":"#2"},"east":{"uv":[0,7.25,2.25,8],"texture":"#2"},"south":{"uv":[5.25,7.25,6,8],"texture":"#2"},"west":{"uv":[3,7.25,5.25,8],"texture":"#2"},"up":{"uv":[3,7.25,2.25,5],"texture":"#2"},"down":{"uv":[3.75,5,3,7.25],"texture":"#2"}}},{"name":"body","from":[-1.2,-14.5,-2.9],"to":[0.6,-14.5,0.7],"rotation":{"angle":45,"axis":"z","origin":[6.6,-13.6,0.7]},"faces":{"north":{"uv":[3.75,9.75,4.5,9.75],"texture":"#2"},"east":{"uv":[2.25,9.75,3.75,9.75],"texture":"#2"},"south":{"uv":[6,9.75,6.75,9.75],"texture":"#2"},"west":{"uv":[4.5,9.75,6,9.75],"texture":"#2"},"up":{"uv":[4.5,9.75,3.75,8.25],"texture":"#2"},"down":{"uv":[5.25,8.25,4.5,9.75],"texture":"#2"}}},{"name":"body","from":[9,-15.4,6.1],"to":[16.8,-13.6,7.9],"rotation":{"angle":-45,"axis":"z","origin":[9,-13.6,7.9]},"faces":{"north":{"uv":[4,4.25,0.75,5],"texture":"#2"},"east":{"uv":[4.75,4.25,4,5],"texture":"#2"},"south":{"uv":[8,4.25,4.75,5],"texture":"#2"},"west":{"uv":[0.75,4.25,0,5],"texture":"#2"},"up":{"uv":[0.75,4.25,4,3.5],"texture":"#2"},"down":{"uv":[4,3.5,7.25,4.25],"texture":"#2"}}},{"name":"body","from":[15,-15.4,0.7],"to":[16.8,-13.6,6.1],"rotation":{"angle":-45,"axis":"z","origin":[9,-13.6,6.1]},"faces":{"north":{"uv":[3,7.25,2.25,8],"texture":"#2"},"east":{"uv":[5.25,7.25,3,8],"texture":"#2"},"south":{"uv":[6,7.25,5.25,8],"texture":"#2"},"west":{"uv":[2.25,7.25,0,8],"texture":"#2"},"up":{"uv":[2.25,7.25,3,5],"texture":"#2"},"down":{"uv":[3,5,3.75,7.25],"texture":"#2"}}},{"name":"body","from":[15,-14.5,-2.9],"to":[16.8,-14.5,0.7],"rotation":{"angle":-45,"axis":"z","origin":[9,-13.6,0.7]},"faces":{"north":{"uv":[4.5,9.75,3.75,9.75],"texture":"#2"},"east":{"uv":[6,9.75,4.5,9.75],"texture":"#2"},"south":{"uv":[6.75,9.75,6,9.75],"texture":"#2"},"west":{"uv":[3.75,9.75,2.25,9.75],"texture":"#2"},"up":{"uv":[3.75,9.75,4.5,8.25],"texture":"#2"},"down":{"uv":[4.5,8.25,5.25,9.75],"texture":"#2"}}},{"name":"body","from":[-1.8,-10.6,6.1],"to":[4.8,-8.8,7.9],"rotation":{"angle":-45,"axis":"z","origin":[4.8,-10.6,7.9]},"faces":{"north":{"uv":[6.75,5.75,9.5,6.5],"texture":"#2"},"east":{"uv":[6,5.75,6.75,6.5],"texture":"#2"},"south":{"uv":[10.25,5.75,13,6.5],"texture":"#2"},"west":{"uv":[9.5,5.75,10.25,6.5],"texture":"#2"},"up":{"uv":[9.5,5.75,6.75,5],"texture":"#2"},"down":{"uv":[12.25,5,9.5,5.75],"texture":"#2"}}},{"name":"body","from":[-1.8,-10.6,-0.5],"to":[0,-8.8,6.1],"rotation":{"angle":-45,"axis":"z","origin":[4.8,-10.6,6.1]},"faces":{"north":{"uv":[2.75,2.75,3.5,3.5],"texture":"#2"},"east":{"uv":[0,2.75,2.75,3.5],"texture":"#2"},"south":{"uv":[6.25,2.75,7,3.5],"texture":"#2"},"west":{"uv":[3.5,2.75,6.25,3.5],"texture":"#2"},"up":{"uv":[3.5,2.75,2.75,0],"texture":"#2"},"down":{"uv":[4.25,0,3.5,2.75],"texture":"#2"}}},{"name":"body","from":[-1.8,-9.7,-5.3],"to":[0.6,-9.7,-0.5],"rotation":{"angle":-45,"axis":"z","origin":[4.8,-10.6,6.1]},"faces":{"north":{"uv":[1.25,10,2.25,10],"texture":"#2"},"east":{"uv":[-0.75,10,1.25,10],"texture":"#2"},"south":{"uv":[4.25,10,5.25,10],"texture":"#2"},"west":{"uv":[2.25,10,4.25,10],"texture":"#2"},"up":{"uv":[2.25,10,1.25,8],"texture":"#2"},"down":{"uv":[3.25,8,2.25,10],"texture":"#2"}}},{"name":"body","from":[10.8,-10.6,6.1],"to":[17.4,-8.8,7.9],"rotation":{"angle":45,"axis":"z","origin":[10.8,-10.6,7.9]},"faces":{"north":{"uv":[9.5,5.75,6.75,6.5],"texture":"#2"},"east":{"uv":[10.25,5.75,9.5,6.5],"texture":"#2"},"south":{"uv":[13,5.75,10.25,6.5],"texture":"#2"},"west":{"uv":[6.75,5.75,6,6.5],"texture":"#2"},"up":{"uv":[6.75,5.75,9.5,5],"texture":"#2"},"down":{"uv":[9.5,5,12.25,5.75],"texture":"#2"}}},{"name":"body","from":[15.6,-10.6,-0.5],"to":[17.4,-8.8,6.1],"rotation":{"angle":45,"axis":"z","origin":[10.8,-10.6,6.1]},"faces":{"north":{"uv":[3.5,2.75,2.75,3.5],"texture":"#2"},"east":{"uv":[6.25,2.75,3.5,3.5],"texture":"#2"},"south":{"uv":[7,2.75,6.25,3.5],"texture":"#2"},"west":{"uv":[2.75,2.75,0,3.5],"texture":"#2"},"up":{"uv":[2.75,2.75,3.5,0],"texture":"#2"},"down":{"uv":[3.5,0,4.25,2.75],"texture":"#2"}}},{"name":"body","from":[15,-9.7,-5.3],"to":[17.4,-9.7,-0.5],"rotation":{"angle":45,"axis":"z","origin":[10.8,-10.6,6.1]},"faces":{"north":{"uv":[2.25,10,1.25,10],"texture":"#2"},"east":{"uv":[4.25,10,2.25,10],"texture":"#2"},"south":{"uv":[5.25,10,4.25,10],"texture":"#2"},"west":{"uv":[1.25,10,-0.75,10],"texture":"#2"},"up":{"uv":[1.25,10,2.25,8],"texture":"#2"},"down":{"uv":[2.25,8,3.25,10],"texture":"#2"}}}],"gui_light":"front","display":{"thirdperson_righthand":{"rotation":[75,45,0],"translation":[0.5,2.5,6.5],"scale":[0.30859,0.30859,0.30859]},"thirdperson_lefthand":{"rotation":[66.5,0,0],"translation":[-6,3.25,33.25],"scale":[1.35,1.35,1.35]},"firstperson_righthand":{"rotation":[0,135,0],"translation":[1.25,14.25,0],"scale":[0.41172,0.41172,0.41172]},"firstperson_lefthand":{"scale":[0,0,0]},"ground":{"translation":[0,16,3],"scale":[0.5,0.5,0.5]},"gui":{"rotation":[14,166,0],"translation":[1,15.5,0],"scale":[0.7539,0.7539,0.7539]},"head":{"translation":[0,-4.25,7.5],"scale":[2.25,2.25,2.25]},"fixed":{"translation":[0,58.5,0.25],"scale":[2.8,2.8,2.8]}},"groups":[{"name":"bone5","origin":[0,23,3.25],"color":0,"children":[0,1,{"name":"group","origin":[-5,22,3],"color":0,"children":[{"name":"group","origin":[4,12,3],"color":0,"children":[2,3,4]},{"name":"group","origin":[4,12,3],"color":0,"children":[5,6,7]},{"name":"group","origin":[6,12,-1],"color":0,"children":[8,9,10]},{"name":"group","origin":[6,12,-1],"color":0,"children":[11,12,13]},{"name":"group","origin":[3,17,8],"color":0,"children":[14,15,16]},{"name":"group","origin":[3,17,8],"color":0,"children":[17,18,19]}]}]}],"mcmodels":"2b417193923f3efe16004df9c36c7e88"}