{"sources":[{"type":"single","resource":"elitecreatures:cat_sage_animated_weapon_set/armor/catsage_leggings"},{"type":"single","resource":"mimix_stray:items/stray_scythe/stray_scythe1"},{"type":"single","resource":"mimix_stray:tools/stray_fishing_rod/rod_cast/stray_fishing_rod1"},{"type":"single","resource":"elitecreatures:elite_crates/spark_animation_2"},{"type":"single","resource":"mimix_stray:items/stray_spear/stray_spear"},{"type":"single","resource":"elitecreatures:broodmother_assortment_weapon/spid_pickaxe_texture"},{"type":"single","resource":"elitecreatures:arctic_knight_animated_weapon_set/arctic_knight_texture"},{"type":"single","resource":"_iainternal:icons/icon_left_blue"},{"type":"single","resource":"mimix_stray:tools/stray_shovel/stray_shovel1"},{"type":"single","resource":"elitecreatures:broodmother_assortment_weapon/spid_crossbow_texture"},{"type":"single","resource":"elitecreatures:broodmother_assortment_weapon/spid_bow_texture"},{"type":"single","resource":"mimix_stray:items/stray_wand/stray_wand1"},{"type":"single","resource":"mimix_stray:items/stray_wand/stray_wand2"},{"type":"single","resource":"mimix_stray:items/stray_wand/stray_wand3"},{"type":"single","resource":"mimix_stray:items/stray_crossbow/crossbow_1/crossbow_1"},{"type":"single","resource":"elitecreatures:arctic_knight_animated_weapon_set/armor/arcticknight_chestplate"},{"type":"single","resource":"mimix_stray:items/stray_sword/stray_sword1"},{"type":"single","resource":"_iainternal:icons/icon_next_orange"},{"type":"single","resource":"elitecreatures:broodmother_assortment_weapon/spid_staff_texture"},{"type":"single","resource":"mimix_stray:items/stray_crossbow/crossbow_charge/crossbow_1"},{"type":"single","resource":"mimix_stray:items/stray_crossbow/crossbow_charge/crossbow_2"},{"type":"single","resource":"elitecreatures:broodmother_assortment_weapon/spid_hat_texture"},{"type":"single","resource":"elitecreatures:elite_crates/wind_animation_2"},{"type":"single","resource":"elitecreatures:elite_crates/treechest"},{"type":"single","resource":"elitecreatures:broodmother_assortment_weapon/spid_scythe_texture"},{"type":"single","resource":"elitecreatures:elite_crates/treekey"},{"type":"single","resource":"elitecreatures:elite_crates/windkey"},{"type":"single","resource":"mimix_stray:tools/stray_hoe/stray_hoe"},{"type":"single","resource":"elitecreatures:arctic_knight_animated_weapon_set/armor/arcticknight_boots"},{"type":"single","resource":"mimix_stray:tools/stray_pickaxe/stray_pickaxe1"},{"type":"single","resource":"_iainternal:icons/icon_cancel"},{"type":"single","resource":"elitecreatures:broodmother_assortment_weapon/spid_hoe_texture"},{"type":"single","resource":"mimix_stray:tools/stray_fishing_rod/rod/stray_fishing_rod1"},{"type":"single","resource":"mimix_stray:tools/stray_fishing_rod/rod/stray_fishing_rod"},{"type":"single","resource":"elitecreatures:broodmother_assortment_weapon/spid_trident_texture"},{"type":"single","resource":"elitecreatures:broodmother_assortment_weapon/spid_dagger_texture"},{"type":"single","resource":"mimix_stray:items/stray_sword/stray_sword"},{"type":"single","resource":"elitecreatures:broodmother_assortment_weapon/spid_key_texture"},{"type":"single","resource":"_iainternal:icons/icon_arrow_chest"},{"type":"single","resource":"elitecreatures:elite_crates/valentinechest"},{"type":"single","resource":"mimix_stray:armor/stray_helmet"},{"type":"single","resource":"mimix_stray:armor/stray_leggings"},{"type":"single","resource":"mimix_stray:cosmetics/stray_wings/stray_wings"},{"type":"single","resource":"elitecreatures:elite_crates/icekey"},{"type":"single","resource":"elitecreatures:elite_crates/magma_animation_2"},{"type":"single","resource":"mimix_stray:items/stray_bow/bow_0/stray_bow"},{"type":"single","resource":"elitecreatures:broodmother_assortment_weapon/spid_saber_texture"},{"type":"single","resource":"elitecreatures:elite_crates/magma_animation"},{"type":"single","resource":"mimix_stray:items/stray_shield/stray_shield1"},{"type":"single","resource":"elitecreatures:broodmother_assortment_weapon/spid_rod_texture"},{"type":"single","resource":"mimix_stray:cosmetics/stray_hat/stray_hat1"},{"type":"single","resource":"mimix_stray:tools/stray_hoe/stray_hoe1"},{"type":"single","resource":"mimix_stray:tools/stray_shovel/stray_shovel"},{"type":"single","resource":"elitecreatures:broodmother_assortment_weapon/spid_axe_texture"},{"type":"single","resource":"mimix_stray:tools/stray_axe/stray_axe1"},{"type":"single","resource":"mimix_stray:items/stray_crossbow/crossbow/crossbow_0"},{"type":"single","resource":"mimix_stray:items/stray_crossbow/crossbow/crossbow_1"},{"type":"single","resource":"elitecreatures:broodmother_assortment_weapon/spid_wing_texture"},{"type":"single","resource":"elitecreatures:cat_sage_animated_weapon_set/cat_sage_animation03"},{"type":"single","resource":"elitecreatures:elite_crates/lavakey"},{"type":"single","resource":"mimix_stray:tools/stray_pickaxe/stray_pickaxe"},{"type":"single","resource":"mimix_stray:items/stray_wand/stray_wand"},{"type":"single","resource":"elitecreatures:cat_sage_animated_weapon_set/cat_sage_animation01"},{"type":"single","resource":"elitecreatures:cat_sage_animated_weapon_set/cat_sage_animation02"},{"type":"single","resource":"elitecreatures:cat_sage_animated_weapon_set/armor/catsage_boots"},{"type":"single","resource":"mimix_stray:items/stray_bow/bow/stray_bow"},{"type":"single","resource":"elitecreatures:arctic_knight_animated_weapon_set/armor/arcticknight_leggings"},{"type":"single","resource":"mimix_stray:items/stray_shield/stray_shield"},{"type":"single","resource":"elitecreatures:broodmother_assortment_weapon/spid_spear_texture"},{"type":"single","resource":"mimix_stray:armor/stray_chestplate"},{"type":"single","resource":"elitecreatures:broodmother_assortment_weapon/spid_hammer_texture"},{"type":"single","resource":"elitecreatures:elite_crates/lavachest"},{"type":"single","resource":"elitecreatures:cat_sage_animated_weapon_set/armor/catsage_chestplate"},{"type":"single","resource":"elitecreatures:elite_crates/ice_animation"},{"type":"single","resource":"elitecreatures:elite_crates/nature_animation"},{"type":"single","resource":"elitecreatures:broodmother_assortment_weapon/spid_shovel_texture"},{"type":"single","resource":"elitecreatures:broodmother_assortment_weapon/spid_animation_texture"},{"type":"single","resource":"mimix_stray:items/stray_bow/bow_2/stray_bow"},{"type":"single","resource":"mimix_stray:cosmetics/stray_hat/stray_hat"},{"type":"single","resource":"elitecreatures:elite_crates/windchest"},{"type":"single","resource":"elitecreatures:arctic_knight_animated_weapon_set/arctic_knight_animation01"},{"type":"single","resource":"elitecreatures:arctic_knight_animated_weapon_set/armor/arcticknight_helmet"},{"type":"single","resource":"mimix_stray:items/stray_scythe/stray_scythe"},{"type":"single","resource":"elitecreatures:cat_sage_animated_weapon_set/cat_sage_texture"},{"type":"single","resource":"mimix_stray:cosmetics/stray_wings/stray_wings1"},{"type":"single","resource":"elitecreatures:elite_crates/icechest"},{"type":"single","resource":"elitecreatures:elite_crates/spark_animation"},{"type":"single","resource":"elitecreatures:cat_sage_animated_weapon_set/armor/catsage_helmet"},{"type":"single","resource":"mimix_stray:items/stray_bow/bow_1/stray_bow"},{"type":"single","resource":"elitecreatures:broodmother_assortment_weapon/spid_chest_texture"},{"type":"single","resource":"elitecreatures:broodmother_assortment_weapon/spid_sword_texture"},{"type":"single","resource":"mimix_stray:items/stray_crossbow/crossbow_2/crossbow_2"},{"type":"single","resource":"elitecreatures:elite_crates/love_animation"},{"type":"single","resource":"mimix_stray:items/stray_crossbow/crossbow_2/crossbow_1"},{"type":"single","resource":"elitecreatures:elite_crates/lovekey"},{"type":"single","resource":"_iainternal:icons/icon_back_orange"},{"type":"single","resource":"mimix_stray:items/stray_spear/stray_spear1"},{"type":"single","resource":"mimix_stray:items/stray_spear/stray_spear2"},{"type":"single","resource":"mimix_stray:items/stray_crossbow/crossbow_1/crossbow_2"},{"type":"single","resource":"elitecreatures:elite_crates/wind_animation"},{"type":"single","resource":"_iainternal:icons/icon_search"},{"type":"single","resource":"_iainternal:icons/icon_right_blue"},{"type":"single","resource":"elitecreatures:broodmother_assortment_weapon/spid_shield_texture"},{"type":"single","resource":"mimix_stray:armor/stray_boots"},{"type":"single","resource":"mimix_stray:tools/stray_fishing_rod/rod_cast/stray_fishing_rod"},{"type":"single","resource":"mimix_stray:tools/stray_axe/stray_axe"}]}