{"credit":"Madebykron","texture_size":[64,64],"textures":{"0":"elitecreatures:elite_crates/lavachest","1":"elitecreatures:elite_crates/magma_animation_2","2":"elitecreatures:elite_crates/magma_animation","particle":"elitecreatures:elite_crates/lavachest"},"elements":[{"from":[0,2,3],"to":[16,6,14],"rotation":{"angle":0,"axis":"y","origin":[16,-11,-6]},"faces":{"north":{"uv":[9,8.25,13,9.25],"texture":"#0"},"east":{"uv":[10,3.25,12.75,4.25],"texture":"#0"},"south":{"uv":[9,9.25,13,10.25],"texture":"#0"},"west":{"uv":[10,4.25,12.75,5.25],"texture":"#0"}}},{"from":[-3,0,2],"to":[19,2,15],"rotation":{"angle":0,"axis":"y","origin":[8,5,14]},"faces":{"north":{"uv":[10,2.25,15.5,2.75],"texture":"#0"},"east":{"uv":[10,10.75,13.25,11.25],"texture":"#0"},"south":{"uv":[10,2.75,15.5,3.25],"texture":"#0"},"west":{"uv":[0,11.25,3.25,11.75],"texture":"#0"},"up":{"uv":[5.5,3.25,0,0],"texture":"#0"},"down":{"uv":[5.5,3.25,0,6.5],"texture":"#0"}}},{"from":[-1,6,2],"to":[17,8,15],"rotation":{"angle":0,"axis":"x","origin":[8,13.99127,8.25]},"faces":{"north":{"uv":[10,5.25,14.5,5.75],"texture":"#0"},"east":{"uv":[3.25,11.25,6.5,11.75],"texture":"#0"},"south":{"uv":[10,5.75,14.5,6.25],"texture":"#0"},"west":{"uv":[10,11.25,13.25,11.75],"texture":"#0"},"up":{"uv":[10,3.25,5.5,0],"texture":"#0"},"down":{"uv":[10,3.25,5.5,6.5],"texture":"#0"}}},{"from":[-1,11,2],"to":[17,13,15],"rotation":{"angle":0,"axis":"x","origin":[8,13.99127,8.25]},"faces":{"north":{"uv":[8,10.25,12.5,10.75],"texture":"#0"},"east":{"uv":[6.5,11.5,9.75,12],"texture":"#0"},"south":{"uv":[0,10.75,4.5,11.25],"texture":"#0"},"west":{"uv":[0,11.75,3.25,12.25],"texture":"#0"},"up":{"uv":[4.5,9.75,0,6.5],"texture":"#0"},"down":{"uv":[9,6.5,4.5,9.75],"texture":"#0"}}},{"from":[0,8,3],"to":[16,11,14],"rotation":{"angle":0,"axis":"x","origin":[8,13.99127,8.25]},"faces":{"north":{"uv":[10,0.75,14,1.5],"texture":"#0"},"east":{"uv":[4.5,10.5,7.25,11.25],"texture":"#0"},"south":{"uv":[10,1.5,14,2.25],"texture":"#0"},"west":{"uv":[7.25,10.75,10,11.5],"texture":"#0"}}},{"from":[0,12,5],"to":[16,15,12],"rotation":{"angle":0,"axis":"x","origin":[8,13.99127,8.25]},"faces":{"north":{"uv":[4,9.75,8,10.5],"texture":"#0"},"east":{"uv":[5.75,12,7.5,12.75],"texture":"#0"},"south":{"uv":[10,0,14,0.75],"texture":"#0"},"west":{"uv":[7.5,12,9.25,12.75],"texture":"#0"},"up":{"uv":[13,8.25,9,6.5],"texture":"#0"}}},{"from":[8.72009,10.92393,8.5],"to":[24.72009,26.92393,8.5],"rotation":{"angle":-22.5,"axis":"z","origin":[8,13.99127,8.25]},"faces":{"north":{"uv":[0,0,16,16],"texture":"#1"},"south":{"uv":[16,0,0,16],"texture":"#1"}}},{"from":[3,2,2.5],"to":[19,11,2.5],"rotation":{"angle":0,"axis":"x","origin":[8,13.99127,8.25]},"faces":{"north":{"uv":[16,7,0,16],"texture":"#2"},"south":{"uv":[16,7,0,16],"texture":"#2"}}},{"from":[0,2,14.5],"to":[16,11,14.5],"rotation":{"angle":0,"axis":"x","origin":[8,13.99127,8.25]},"faces":{"north":{"uv":[16,7,0,16],"texture":"#2"},"south":{"uv":[16,7,0,16],"texture":"#2"}}},{"from":[-3,2,2.5],"to":[13,11,2.5],"rotation":{"angle":0,"axis":"x","origin":[8,13.99127,8.25]},"faces":{"north":{"uv":[0,7,16,16],"texture":"#2"},"south":{"uv":[0,7,16,16],"texture":"#2"}}},{"from":[1.72009,8.92393,8.5],"to":[17.72009,24.92393,8.5],"rotation":{"angle":-22.5,"axis":"z","origin":[8,13.99127,8.25]},"faces":{"north":{"uv":[0,0,16,16],"texture":"#1"},"south":{"uv":[16,0,0,16],"texture":"#1"}}},{"from":[-1.72009,8.92393,8.5],"to":[14.27991,24.92393,8.5],"rotation":{"angle":22.5,"axis":"z","origin":[8,13.99127,8.25]},"faces":{"north":{"uv":[16,0,0,16],"texture":"#1"},"south":{"uv":[0,0,16,16],"texture":"#1"}}},{"from":[-8.72009,10.92393,8.5],"to":[7.27991,26.92393,8.5],"rotation":{"angle":22.5,"axis":"z","origin":[8,13.99127,8.25]},"faces":{"north":{"uv":[16,0,0,16],"texture":"#1"},"south":{"uv":[0,0,16,16],"texture":"#1"}}},{"from":[0,8.40645,5.23862],"to":[16,12.40645,8.23862],"rotation":{"angle":45,"axis":"x","origin":[8,13.99127,8.25]},"faces":{"north":{"uv":[0,9.75,4,10.75],"texture":"#0"},"east":{"uv":[7.5,12.75,8.25,13.75],"texture":"#0"},"west":{"uv":[8.25,12.75,9,13.75],"texture":"#0"}}},{"from":[0,14.3562,10.18837],"to":[16,17.3562,14.18837],"rotation":{"angle":45,"axis":"x","origin":[8,13.99127,8.25]},"faces":{"east":{"uv":[8.25,12.75,7.5,13.75],"rotation":90,"texture":"#0"},"west":{"uv":[9,12.75,8.25,13.75],"rotation":270,"texture":"#0"},"up":{"uv":[4,9.75,0,10.75],"texture":"#0"}}},{"from":[4.29907,16.11876,6.5],"to":[7.29907,19.11876,10.5],"rotation":{"angle":45,"axis":"z","origin":[8,13.99127,8.25]},"faces":{"north":{"uv":[3.25,13,4,13.75],"texture":"#0"},"east":{"uv":[12.75,4.25,13.75,5],"texture":"#0"},"south":{"uv":[4,13,4.75,13.75],"texture":"#0"},"west":{"uv":[5.75,12.75,6.75,13.5],"texture":"#0"},"up":{"uv":[3.25,13.25,2.5,12.25],"texture":"#0"},"down":{"uv":[7.5,12.75,6.75,13.75],"texture":"#0"}}},{"from":[2.63827,17.28858,7],"to":[5.63827,20.28858,10],"rotation":{"angle":22.5,"axis":"z","origin":[8,13.99127,8.25]},"faces":{"north":{"uv":[4.75,13,5.5,13.75],"texture":"#0"},"east":{"uv":[13,6.25,13.75,7],"texture":"#0"},"south":{"uv":[13,7,13.75,7.75],"texture":"#0"},"west":{"uv":[13,7.75,13.75,8.5],"texture":"#0"},"up":{"uv":[13.75,9.25,13,8.5],"texture":"#0"},"down":{"uv":[13.75,9.25,13,10],"texture":"#0"}}},{"from":[0.87563,17.7396,7.5],"to":[2.87563,20.7396,9.5],"rotation":{"angle":0,"axis":"x","origin":[8,13.99127,8.25]},"faces":{"north":{"uv":[1,13.25,1.5,14],"texture":"#0"},"east":{"uv":[1.5,13.25,2,14],"texture":"#0"},"south":{"uv":[2,13.25,2.5,14],"texture":"#0"},"west":{"uv":[2.5,13.25,3,14],"texture":"#0"},"up":{"uv":[3.5,14.25,3,13.75],"texture":"#0"},"down":{"uv":[4,13.75,3.5,14.25],"texture":"#0"}}},{"from":[-0.82264,17.65241,8],"to":[0.17736,19.65241,9],"rotation":{"angle":-22.5,"axis":"z","origin":[8,13.99127,8.25]},"faces":{"north":{"uv":[5.25,13.75,5.5,14.25],"texture":"#0"},"east":{"uv":[13.75,6.25,14,6.75],"texture":"#0"},"south":{"uv":[6.75,13.75,7,14.25],"texture":"#0"},"west":{"uv":[13.75,6.75,14,7.25],"texture":"#0"},"up":{"uv":[7.25,11.5,7,11.25],"texture":"#0"},"down":{"uv":[10,11.5,9.75,11.75],"texture":"#0"}}},{"from":[8.70093,16.11876,6.5],"to":[11.70093,19.11876,10.5],"rotation":{"angle":-45,"axis":"z","origin":[8,13.99127,8.25]},"faces":{"north":{"uv":[4,13,3.25,13.75],"texture":"#0"},"east":{"uv":[6.75,12.75,5.75,13.5],"texture":"#0"},"south":{"uv":[4.75,13,4,13.75],"texture":"#0"},"west":{"uv":[13.75,4.25,12.75,5],"texture":"#0"},"up":{"uv":[2.5,13.25,3.25,12.25],"texture":"#0"},"down":{"uv":[6.75,12.75,7.5,13.75],"texture":"#0"}}},{"from":[10.36173,17.28858,7],"to":[13.36173,20.28858,10],"rotation":{"angle":-22.5,"axis":"z","origin":[8,13.99127,8.25]},"faces":{"north":{"uv":[5.5,13,4.75,13.75],"texture":"#0"},"east":{"uv":[13.75,7.75,13,8.5],"texture":"#0"},"south":{"uv":[13.75,7,13,7.75],"texture":"#0"},"west":{"uv":[13.75,6.25,13,7],"texture":"#0"},"up":{"uv":[13,9.25,13.75,8.5],"texture":"#0"},"down":{"uv":[13,9.25,13.75,10],"texture":"#0"}}},{"from":[13.12437,17.7396,7.5],"to":[15.12437,20.7396,9.5],"rotation":{"angle":0,"axis":"x","origin":[8,13.99127,8.25]},"faces":{"north":{"uv":[1.5,13.25,1,14],"texture":"#0"},"east":{"uv":[3,13.25,2.5,14],"texture":"#0"},"south":{"uv":[2.5,13.25,2,14],"texture":"#0"},"west":{"uv":[2,13.25,1.5,14],"texture":"#0"},"up":{"uv":[3,14.25,3.5,13.75],"texture":"#0"},"down":{"uv":[3.5,13.75,4,14.25],"texture":"#0"}}},{"from":[15.82264,17.65241,8],"to":[16.82264,19.65241,9],"rotation":{"angle":22.5,"axis":"z","origin":[8,13.99127,8.25]},"faces":{"north":{"uv":[5.5,13.75,5.25,14.25],"texture":"#0"},"east":{"uv":[14,6.75,13.75,7.25],"texture":"#0"},"south":{"uv":[7,13.75,6.75,14.25],"texture":"#0"},"west":{"uv":[14,6.25,13.75,6.75],"texture":"#0"},"up":{"uv":[7,11.5,7.25,11.25],"texture":"#0"},"down":{"uv":[9.75,11.5,10,11.75],"texture":"#0"}}},{"from":[-1.79822,5.25557,6],"to":[3.20178,9.25557,11],"rotation":{"angle":-22.5,"axis":"z","origin":[8,13.99127,8.25]},"faces":{"north":{"uv":[0,12.25,1.25,13.25],"texture":"#0"},"east":{"uv":[1.25,12.25,2.5,13.25],"texture":"#0"},"south":{"uv":[12.25,11.75,13.5,12.75],"texture":"#0"},"west":{"uv":[12.75,3.25,14,4.25],"texture":"#0"},"up":{"uv":[4.5,13,3.25,11.75],"texture":"#0"},"down":{"uv":[5.75,11.75,4.5,13],"texture":"#0"}}},{"from":[-3.47911,19.6543,6.5],"to":[-0.47911,22.6543,10.5],"rotation":{"angle":45,"axis":"z","origin":[8,13.99127,8.25]},"faces":{"north":{"uv":[3.25,13,4,13.75],"texture":"#0"},"east":{"uv":[12.75,4.25,13.75,5],"texture":"#0"},"south":{"uv":[4,13,4.75,13.75],"texture":"#0"},"west":{"uv":[5.75,12.75,6.75,13.5],"texture":"#0"},"up":{"uv":[3.25,13.25,2.5,12.25],"texture":"#0"},"down":{"uv":[7.5,12.75,6.75,13.75],"texture":"#0"}}},{"from":[-5.90082,17.57841,7],"to":[-2.90082,20.57841,10],"rotation":{"angle":22.5,"axis":"z","origin":[8,13.99127,8.25]},"faces":{"north":{"uv":[4.75,13,5.5,13.75],"texture":"#0"},"east":{"uv":[13,6.25,13.75,7],"texture":"#0"},"south":{"uv":[13,7,13.75,7.75],"texture":"#0"},"west":{"uv":[13,7.75,13.75,8.5],"texture":"#0"},"up":{"uv":[13.75,9.25,13,8.5],"texture":"#0"},"down":{"uv":[13.75,9.25,13,10],"texture":"#0"}}},{"from":[-7.12437,14.7396,7.5],"to":[-5.12437,17.7396,9.5],"rotation":{"angle":0,"axis":"x","origin":[8,13.99127,8.25]},"faces":{"north":{"uv":[1,13.25,1.5,14],"texture":"#0"},"east":{"uv":[1.5,13.25,2,14],"texture":"#0"},"south":{"uv":[2,13.25,2.5,14],"texture":"#0"},"west":{"uv":[2.5,13.25,3,14],"texture":"#0"},"up":{"uv":[3.5,14.25,3,13.75],"texture":"#0"},"down":{"uv":[4,13.75,3.5,14.25],"texture":"#0"}}},{"from":[-7.06563,11.8193,8],"to":[-6.06563,13.8193,9],"rotation":{"angle":-22.5,"axis":"z","origin":[8,13.99127,8.25]},"faces":{"north":{"uv":[5.25,13.75,5.5,14.25],"texture":"#0"},"east":{"uv":[13.75,6.25,14,6.75],"texture":"#0"},"south":{"uv":[6.75,13.75,7,14.25],"texture":"#0"},"west":{"uv":[13.75,6.75,14,7.25],"texture":"#0"},"up":{"uv":[7.25,11.5,7,11.25],"texture":"#0"},"down":{"uv":[10,11.5,9.75,11.75],"texture":"#0"}}},{"from":[12.79822,5.25557,6],"to":[17.79822,9.25557,11],"rotation":{"angle":22.5,"axis":"z","origin":[8,13.99127,8.25]},"faces":{"north":{"uv":[1.25,12.25,0,13.25],"texture":"#0"},"east":{"uv":[14,3.25,12.75,4.25],"texture":"#0"},"south":{"uv":[13.5,11.75,12.25,12.75],"texture":"#0"},"west":{"uv":[2.5,12.25,1.25,13.25],"texture":"#0"},"up":{"uv":[3.25,13,4.5,11.75],"texture":"#0"},"down":{"uv":[4.5,11.75,5.75,13],"texture":"#0"}}},{"from":[16.47911,19.6543,6.5],"to":[19.47911,22.6543,10.5],"rotation":{"angle":-45,"axis":"z","origin":[8,13.99127,8.25]},"faces":{"north":{"uv":[4,13,3.25,13.75],"texture":"#0"},"east":{"uv":[6.75,12.75,5.75,13.5],"texture":"#0"},"south":{"uv":[4.75,13,4,13.75],"texture":"#0"},"west":{"uv":[13.75,4.25,12.75,5],"texture":"#0"},"up":{"uv":[2.5,13.25,3.25,12.25],"texture":"#0"},"down":{"uv":[6.75,12.75,7.5,13.75],"texture":"#0"}}},{"from":[18.90082,17.57841,7],"to":[21.90082,20.57841,10],"rotation":{"angle":-22.5,"axis":"z","origin":[8,13.99127,8.25]},"faces":{"north":{"uv":[5.5,13,4.75,13.75],"texture":"#0"},"east":{"uv":[13.75,7.75,13,8.5],"texture":"#0"},"south":{"uv":[13.75,7,13,7.75],"texture":"#0"},"west":{"uv":[13.75,6.25,13,7],"texture":"#0"},"up":{"uv":[13,9.25,13.75,8.5],"texture":"#0"},"down":{"uv":[13,9.25,13.75,10],"texture":"#0"}}},{"from":[21.12437,14.7396,7.5],"to":[23.12437,17.7396,9.5],"rotation":{"angle":0,"axis":"x","origin":[8,13.99127,8.25]},"faces":{"north":{"uv":[1.5,13.25,1,14],"texture":"#0"},"east":{"uv":[3,13.25,2.5,14],"texture":"#0"},"south":{"uv":[2.5,13.25,2,14],"texture":"#0"},"west":{"uv":[2,13.25,1.5,14],"texture":"#0"},"up":{"uv":[3,14.25,3.5,13.75],"texture":"#0"},"down":{"uv":[3.5,13.75,4,14.25],"texture":"#0"}}},{"from":[22.06563,11.8193,8],"to":[23.06563,13.8193,9],"rotation":{"angle":22.5,"axis":"z","origin":[8,13.99127,8.25]},"faces":{"north":{"uv":[5.5,13.75,5.25,14.25],"texture":"#0"},"east":{"uv":[14,6.75,13.75,7.25],"texture":"#0"},"south":{"uv":[7,13.75,6.75,14.25],"texture":"#0"},"west":{"uv":[14,6.25,13.75,6.75],"texture":"#0"},"up":{"uv":[7,11.5,7.25,11.25],"texture":"#0"},"down":{"uv":[9.75,11.5,10,11.75],"texture":"#0"}}},{"from":[7,5,1],"to":[9,9,3],"rotation":{"angle":0,"axis":"x","origin":[8,13.99127,8.25]},"faces":{"north":{"uv":[10.75,13,11.25,14],"texture":"#0"},"east":{"uv":[11.25,13,11.75,14],"texture":"#0"},"south":{"uv":[11.75,13,12.25,14],"texture":"#0"},"west":{"uv":[13,12.75,13.5,13.75],"texture":"#0"},"up":{"uv":[5,14.25,4.5,13.75],"texture":"#0"},"down":{"uv":[14.25,4.75,13.75,5.25],"texture":"#0"}}},{"from":[1,9,2],"to":[3,10,3],"faces":{"north":{"uv":[12.25,6.25,12.75,6.5],"texture":"#0"},"east":{"uv":[6.25,11.75,6.5,12],"texture":"#0"},"south":{"uv":[12.75,5,13.25,5.25],"texture":"#0"},"west":{"uv":[12.75,6.25,13,6.5],"texture":"#0"},"up":{"uv":[13.75,5.25,13.25,5],"texture":"#0"},"down":{"uv":[14,10.5,13.5,10.75],"texture":"#0"}}},{"from":[1,10,1],"to":[3,14,4],"faces":{"north":{"uv":[9.75,13,10.25,14],"texture":"#0"},"east":{"uv":[9,12.75,9.75,13.75],"texture":"#0"},"south":{"uv":[10.25,13,10.75,14],"texture":"#0"},"west":{"uv":[12.25,12.75,13,13.75],"texture":"#0"},"up":{"uv":[13.75,11.5,13.25,10.75],"texture":"#0"},"down":{"uv":[6,13.5,5.5,14.25],"texture":"#0"}}},{"from":[1,0,1],"to":[3,3,3],"faces":{"north":{"uv":[9.25,12,9.75,12.75],"texture":"#0"},"east":{"uv":[13,10,13.5,10.75],"texture":"#0"},"south":{"uv":[0,13.25,0.5,14],"texture":"#0"},"west":{"uv":[0.5,13.25,1,14],"texture":"#0"},"up":{"uv":[8.5,10.25,8,9.75],"texture":"#0"},"down":{"uv":[9,9.75,8.5,10.25],"texture":"#0"}}},{"from":[1,5,1],"to":[3,6,3],"faces":{"north":{"uv":[11.25,6.25,11.75,6.5],"texture":"#0"},"east":{"uv":[6.5,11.25,7,11.5],"texture":"#0"},"south":{"uv":[5.75,11.75,6.25,12],"texture":"#0"},"west":{"uv":[11.75,6.25,12.25,6.5],"texture":"#0"},"up":{"uv":[4.5,14.25,4,13.75],"texture":"#0"},"down":{"uv":[14.25,4.25,13.75,4.75],"texture":"#0"}}},{"from":[1,3,2],"to":[3,5,3],"faces":{"north":{"uv":[12.5,10.25,13,10.75],"texture":"#0"},"east":{"uv":[5.5,13,5.75,13.5],"texture":"#0"},"south":{"uv":[6,13.5,6.5,14],"texture":"#0"},"west":{"uv":[3,13.25,3.25,13.75],"texture":"#0"},"up":{"uv":[4.5,10.75,4,10.5],"texture":"#0"},"down":{"uv":[11.25,6.25,10.75,6.5],"texture":"#0"}}},{"from":[-1,4,7],"to":[0,5,10],"faces":{"north":{"uv":[13.25,11.5,13.5,11.75],"texture":"#0"},"east":{"uv":[10,6.25,10.75,6.5],"texture":"#0"},"south":{"uv":[7,13.75,7.25,14],"texture":"#0"},"west":{"uv":[7.25,10.5,8,10.75],"texture":"#0"},"up":{"uv":[6.75,14.25,6.5,13.5],"texture":"#0"},"down":{"uv":[5.25,13.75,5,14.5],"texture":"#0"}}},{"from":[-1.1,-0.5,6],"to":[-1.1,4.5,11],"rotation":{"angle":-45,"axis":"z","origin":[-1,4.5,8.5]},"faces":{"north":{"uv":[0,0,0,1.25],"texture":"#0"},"east":{"uv":[11,11.75,12.25,13],"texture":"#0"},"south":{"uv":[0,0,0,1.25],"texture":"#0"},"west":{"uv":[11,11.75,12.25,13],"texture":"#0"},"up":{"uv":[0,1.25,0,0],"texture":"#0"},"down":{"uv":[0,0,0,1.25],"texture":"#0"}}},{"from":[13,9,2],"to":[15,10,3],"faces":{"north":{"uv":[12.25,6.25,12.75,6.5],"texture":"#0"},"east":{"uv":[6.25,11.75,6.5,12],"texture":"#0"},"south":{"uv":[12.75,5,13.25,5.25],"texture":"#0"},"west":{"uv":[12.75,6.25,13,6.5],"texture":"#0"},"up":{"uv":[13.75,5.25,13.25,5],"texture":"#0"},"down":{"uv":[14,10.5,13.5,10.75],"texture":"#0"}}},{"from":[13,10,1],"to":[15,14,4],"faces":{"north":{"uv":[9.75,13,10.25,14],"texture":"#0"},"east":{"uv":[9,12.75,9.75,13.75],"texture":"#0"},"south":{"uv":[10.25,13,10.75,14],"texture":"#0"},"west":{"uv":[12.25,12.75,13,13.75],"texture":"#0"},"up":{"uv":[13.75,11.5,13.25,10.75],"texture":"#0"},"down":{"uv":[6,13.5,5.5,14.25],"texture":"#0"}}},{"from":[13,0,1],"to":[15,3,3],"faces":{"north":{"uv":[9.25,12,9.75,12.75],"texture":"#0"},"east":{"uv":[13,10,13.5,10.75],"texture":"#0"},"south":{"uv":[0,13.25,0.5,14],"texture":"#0"},"west":{"uv":[0.5,13.25,1,14],"texture":"#0"},"up":{"uv":[8.5,10.25,8,9.75],"texture":"#0"},"down":{"uv":[9,9.75,8.5,10.25],"texture":"#0"}}},{"from":[13,5,1],"to":[15,6,3],"faces":{"north":{"uv":[11.25,6.25,11.75,6.5],"texture":"#0"},"east":{"uv":[6.5,11.25,7,11.5],"texture":"#0"},"south":{"uv":[5.75,11.75,6.25,12],"texture":"#0"},"west":{"uv":[11.75,6.25,12.25,6.5],"texture":"#0"},"up":{"uv":[4.5,14.25,4,13.75],"texture":"#0"},"down":{"uv":[14.25,4.25,13.75,4.75],"texture":"#0"}}},{"from":[13,3,2],"to":[15,5,3],"faces":{"north":{"uv":[12.5,10.25,13,10.75],"texture":"#0"},"east":{"uv":[5.5,13,5.75,13.5],"texture":"#0"},"south":{"uv":[6,13.5,6.5,14],"texture":"#0"},"west":{"uv":[3,13.25,3.25,13.75],"texture":"#0"},"up":{"uv":[4.5,10.75,4,10.5],"texture":"#0"},"down":{"uv":[11.25,6.25,10.75,6.5],"texture":"#0"}}},{"from":[16,4,7],"to":[17,5,10],"rotation":{"angle":0,"axis":"y","origin":[16,0,0]},"faces":{"north":{"uv":[13.5,11.5,13.25,11.75],"texture":"#0"},"east":{"uv":[8,10.5,7.25,10.75],"texture":"#0"},"south":{"uv":[7.25,13.75,7,14],"texture":"#0"},"west":{"uv":[10.75,6.25,10,6.5],"texture":"#0"},"up":{"uv":[6.5,14.25,6.75,13.5],"texture":"#0"},"down":{"uv":[5,13.75,5.25,14.5],"texture":"#0"}}},{"from":[17.1,-0.5,6],"to":[17.1,4.5,11],"rotation":{"angle":45,"axis":"z","origin":[17,4.5,8.5]},"faces":{"north":{"uv":[0,0,0,1.25],"texture":"#0"},"east":{"uv":[12.25,11.75,11,13],"texture":"#0"},"south":{"uv":[0,0,0,1.25],"texture":"#0"},"west":{"uv":[12.25,11.75,11,13],"texture":"#0"},"up":{"uv":[0,1.25,0,0],"texture":"#0"},"down":{"uv":[0,0,0,1.25],"texture":"#0"}}},{"from":[4,7,14],"to":[6,9,16],"rotation":{"angle":0,"axis":"y","origin":[0,0,16]},"faces":{"north":{"uv":[14,12,13.5,12.5],"texture":"#0"},"east":{"uv":[14,11.5,13.5,12],"texture":"#0"},"south":{"uv":[14,10,13.5,10.5],"texture":"#0"},"west":{"uv":[14,12.5,13.5,13],"texture":"#0"},"up":{"uv":[14,13,13.5,13.5],"texture":"#0"},"down":{"uv":[14,14,13.5,13.5],"texture":"#0"}}},{"from":[4,9,14],"to":[6,10,15],"rotation":{"angle":0,"axis":"y","origin":[0,0,16]},"faces":{"north":{"uv":[13.25,5,12.75,5.25],"texture":"#0"},"east":{"uv":[6.5,11.75,6.25,12],"texture":"#0"},"south":{"uv":[12.75,6.25,12.25,6.5],"texture":"#0"},"west":{"uv":[13,6.25,12.75,6.5],"texture":"#0"},"up":{"uv":[13.75,5,13.25,5.25],"texture":"#0"},"down":{"uv":[14,10.75,13.5,10.5],"texture":"#0"}}},{"from":[4,10,13],"to":[6,14,16],"rotation":{"angle":0,"axis":"y","origin":[0,0,16]},"faces":{"north":{"uv":[10.75,13,10.25,14],"texture":"#0"},"east":{"uv":[9.75,12.75,9,13.75],"texture":"#0"},"south":{"uv":[10.25,13,9.75,14],"texture":"#0"},"west":{"uv":[13,12.75,12.25,13.75],"texture":"#0"},"up":{"uv":[13.75,10.75,13.25,11.5],"texture":"#0"},"down":{"uv":[6,14.25,5.5,13.5],"texture":"#0"}}},{"from":[4,0,14],"to":[6,3,16],"rotation":{"angle":0,"axis":"y","origin":[0,0,16]},"faces":{"north":{"uv":[0.5,13.25,0,14],"texture":"#0"},"east":{"uv":[13.5,10,13,10.75],"texture":"#0"},"south":{"uv":[9.75,12,9.25,12.75],"texture":"#0"},"west":{"uv":[1,13.25,0.5,14],"texture":"#0"},"up":{"uv":[8.5,9.75,8,10.25],"texture":"#0"},"down":{"uv":[9,10.25,8.5,9.75],"texture":"#0"}}},{"from":[4,5,14],"to":[6,6,16],"rotation":{"angle":0,"axis":"y","origin":[0,0,16]},"faces":{"north":{"uv":[6.25,11.75,5.75,12],"texture":"#0"},"east":{"uv":[7,11.25,6.5,11.5],"texture":"#0"},"south":{"uv":[11.75,6.25,11.25,6.5],"texture":"#0"},"west":{"uv":[12.25,6.25,11.75,6.5],"texture":"#0"},"up":{"uv":[4.5,13.75,4,14.25],"texture":"#0"},"down":{"uv":[14.25,4.75,13.75,4.25],"texture":"#0"}}},{"from":[4,3,14],"to":[6,5,15],"rotation":{"angle":0,"axis":"y","origin":[0,0,16]},"faces":{"north":{"uv":[6.5,13.5,6,14],"texture":"#0"},"east":{"uv":[5.75,13,5.5,13.5],"texture":"#0"},"south":{"uv":[13,10.25,12.5,10.75],"texture":"#0"},"west":{"uv":[3.25,13.25,3,13.75],"texture":"#0"},"up":{"uv":[4.5,10.5,4,10.75],"texture":"#0"},"down":{"uv":[11.25,6.5,10.75,6.25],"texture":"#0"}}},{"from":[10,0,14],"to":[12,3,16],"rotation":{"angle":0,"axis":"y","origin":[0,0,16]},"faces":{"north":{"uv":[0.5,13.25,0,14],"texture":"#0"},"east":{"uv":[13.5,10,13,10.75],"texture":"#0"},"south":{"uv":[9.75,12,9.25,12.75],"texture":"#0"},"west":{"uv":[1,13.25,0.5,14],"texture":"#0"},"up":{"uv":[8.5,9.75,8,10.25],"texture":"#0"},"down":{"uv":[9,10.25,8.5,9.75],"texture":"#0"}}},{"from":[10,5,14],"to":[12,6,16],"rotation":{"angle":0,"axis":"y","origin":[0,0,16]},"faces":{"north":{"uv":[6.25,11.75,5.75,12],"texture":"#0"},"east":{"uv":[7,11.25,6.5,11.5],"texture":"#0"},"south":{"uv":[11.75,6.25,11.25,6.5],"texture":"#0"},"west":{"uv":[12.25,6.25,11.75,6.5],"texture":"#0"},"up":{"uv":[4.5,13.75,4,14.25],"texture":"#0"},"down":{"uv":[14.25,4.75,13.75,4.25],"texture":"#0"}}},{"from":[10,3,14],"to":[12,5,15],"rotation":{"angle":0,"axis":"y","origin":[0,0,16]},"faces":{"north":{"uv":[6.5,13.5,6,14],"texture":"#0"},"east":{"uv":[5.75,13,5.5,13.5],"texture":"#0"},"south":{"uv":[13,10.25,12.5,10.75],"texture":"#0"},"west":{"uv":[3.25,13.25,3,13.75],"texture":"#0"},"up":{"uv":[4.5,10.5,4,10.75],"texture":"#0"},"down":{"uv":[11.25,6.5,10.75,6.25],"texture":"#0"}}},{"from":[10,7,14],"to":[12,9,16],"rotation":{"angle":0,"axis":"y","origin":[0,0,16]},"faces":{"north":{"uv":[14,12,13.5,12.5],"texture":"#0"},"east":{"uv":[14,11.5,13.5,12],"texture":"#0"},"south":{"uv":[14,10,13.5,10.5],"texture":"#0"},"west":{"uv":[14,12.5,13.5,13],"texture":"#0"},"up":{"uv":[14,13,13.5,13.5],"texture":"#0"},"down":{"uv":[14,14,13.5,13.5],"texture":"#0"}}},{"from":[10,9,14],"to":[12,10,15],"rotation":{"angle":0,"axis":"y","origin":[0,0,16]},"faces":{"north":{"uv":[13.25,5,12.75,5.25],"texture":"#0"},"east":{"uv":[6.5,11.75,6.25,12],"texture":"#0"},"south":{"uv":[12.75,6.25,12.25,6.5],"texture":"#0"},"west":{"uv":[13,6.25,12.75,6.5],"texture":"#0"},"up":{"uv":[13.75,5,13.25,5.25],"texture":"#0"},"down":{"uv":[14,10.75,13.5,10.5],"texture":"#0"}}},{"from":[10,10,13],"to":[12,14,16],"rotation":{"angle":0,"axis":"y","origin":[0,0,16]},"faces":{"north":{"uv":[10.75,13,10.25,14],"texture":"#0"},"east":{"uv":[9.75,12.75,9,13.75],"texture":"#0"},"south":{"uv":[10.25,13,9.75,14],"texture":"#0"},"west":{"uv":[13,12.75,12.25,13.75],"texture":"#0"},"up":{"uv":[13.75,10.75,13.25,11.5],"texture":"#0"},"down":{"uv":[6,14.25,5.5,13.5],"texture":"#0"}}}],"gui_light":"front","display":{"thirdperson_righthand":{"rotation":[62,0,0],"translation":[0,0,1.75],"scale":[0.38,0.38,0.38]},"thirdperson_lefthand":{"rotation":[62,0,0],"translation":[0,0,1.75],"scale":[0.38,0.38,0.38]},"firstperson_righthand":{"rotation":[5,1,3],"translation":[-1.5,4,2.25],"scale":[0.34,0.34,0.34]},"firstperson_lefthand":{"rotation":[5,1,3],"translation":[-1.5,4,2.25],"scale":[0.34,0.34,0.34]},"ground":{"scale":[0.5,0.5,0.5]},"gui":{"rotation":[30,-135,0],"translation":[0.25,-1.25,0],"scale":[0.50086,0.50086,0.50086]},"head":{"translation":[0,-33,-1.5],"scale":[1.56,1.56,1.56]},"fixed":{"rotation":[-90,0,0],"translation":[0,-1.25,-19.75],"scale":[2.46484,2.46484,2.46484]}},"groups":[0,1,{"name":"group","origin":[8,5,14],"color":0,"children":[2,3,4,5,6,7,8,9,10,11,12,13,14,{"name":"group","origin":[0,0,0],"color":0,"children":[15,16,17,18]},{"name":"group","origin":[0,0,0],"color":0,"children":[19,20,21,22]},{"name":"group","origin":[0,0,0],"color":0,"children":[23,{"name":"group","origin":[0,0,0],"color":0,"children":[24,25,26,27]}]},{"name":"group","origin":[0,0,0],"color":0,"children":[28,{"name":"group","origin":[0,0,0],"color":0,"children":[29,30,31,32]}]},33]},{"name":"group","origin":[0,0,0],"color":0,"children":[34,35]},{"name":"group","origin":[0,0,0],"color":0,"children":[36,37,38]},{"name":"group","origin":[-1,5,8.5],"color":0,"children":[39,40]},{"name":"group","origin":[0,0,0],"color":0,"children":[41,42]},{"name":"group","origin":[0,0,0],"color":0,"children":[43,44,45]},{"name":"group","origin":[-1,5,8.5],"color":0,"children":[46,47]},{"name":"group","origin":[0,0,0],"color":0,"children":[48,49,50]},{"name":"group","origin":[0,0,0],"color":0,"children":[51,52,53]},{"name":"group","origin":[0,0,0],"color":0,"children":[54,55,56]},{"name":"group","origin":[0,0,0],"color":0,"children":[57,58,59]},{"name":"group","origin":[2.5,21.25,7.4],"color":0,"children":[{"name":"group","origin":[2.5,16.6,-0.5],"color":0,"children":[]}]}]}