{
	"credit": "Made with Blockbench",
	"texture_size": [32, 32],
	"textures": {
		"0": "mimix_stray:tools/stray_pickaxe/stray_pickaxe",
		"1": "mimix_stray:tools/stray_pickaxe/stray_pickaxe1",
		"particle": "mimix_stray:tools/stray_pickaxe/stray_pickaxe"
	},
	"elements": [
		{
			"from": [7.5, 0, 7.25],
			"to": [8.5, 1.5, 8.75],
			"rotation": {"angle": -45, "axis": "x", "origin": [8, 0.75, 8]},
			"faces": {
				"north": {"uv": [5.75, 1.5, 6.25, 2.25], "texture": "#0"},
				"east": {"uv": [7, 1.5, 6.25, 2.25], "texture": "#0"},
				"south": {"uv": [7, 1.5, 7.5, 2.25], "texture": "#0"},
				"west": {"uv": [6.25, 1.5, 7, 2.25], "texture": "#0"},
				"up": {"uv": [7.5, 2.25, 7, 1.5], "texture": "#0"},
				"down": {"uv": [6.25, 2.25, 5.75, 1.5], "texture": "#0"}
			}
		},
		{
			"from": [7.75, 1, 7.5],
			"to": [8.25, 10, 8.5],
			"faces": {
				"north": {"uv": [0, 4.5, 0.25, 9], "texture": "#0"},
				"east": {"uv": [2.5, 2, 2, 6.5], "texture": "#0"},
				"south": {"uv": [0.5, 4.5, 0.75, 9], "texture": "#0"},
				"west": {"uv": [2, 2, 2.5, 6.5], "texture": "#0"},
				"up": {"uv": [2.75, 7.5, 2.5, 7], "texture": "#0"},
				"down": {"uv": [7.25, 2.5, 7, 3], "texture": "#0"}
			}
		},
		{
			"from": [7.25, 9.5, 5.75],
			"to": [8.75, 11, 10.25],
			"rotation": {"angle": 0, "axis": "y", "origin": [8, 9.66533, 5.58869]},
			"faces": {
				"north": {"uv": [5.5, 5, 6.25, 5.75], "texture": "#0"},
				"east": {"uv": [3, 0, 5.25, 0.75], "texture": "#0"},
				"south": {"uv": [6, 0, 6.75, 0.75], "texture": "#0"},
				"west": {"uv": [5.25, 0, 3, 0.75], "texture": "#0"},
				"up": {"uv": [3.75, 4.25, 3, 2], "texture": "#0"},
				"down": {"uv": [4.75, 2, 4, 4.25], "texture": "#0"}
			}
		},
		{
			"from": [7.5, 9.1422, 9.28749],
			"to": [8.5, 10.6422, 11.78749],
			"rotation": {"angle": 22.5, "axis": "x", "origin": [8, 9.66533, 10.41131]},
			"faces": {
				"north": {"uv": [4.5, 6.5, 5, 7.25], "texture": "#0"},
				"east": {"uv": [5, 3, 6.25, 3.75], "texture": "#0"},
				"south": {"uv": [5, 6.5, 5.5, 7.25], "texture": "#0"},
				"west": {"uv": [6.25, 3, 5, 3.75], "texture": "#0"},
				"up": {"uv": [4, 6.75, 3.5, 5.5], "texture": "#0"},
				"down": {"uv": [4.5, 5.5, 4, 6.75], "texture": "#0"}
			}
		},
		{
			"from": [7.75, 7.12896, 10.49583],
			"to": [8.25, 9.12896, 11.49583],
			"rotation": {"angle": -45, "axis": "x", "origin": [8, 9.66533, 10.41131]},
			"faces": {
				"north": {"uv": [7, 0, 7.25, 1], "texture": "#0"},
				"east": {"uv": [2.5, 6.5, 3, 5.5], "texture": "#0"},
				"south": {"uv": [1, 7, 1.25, 8], "texture": "#0"},
				"west": {"uv": [3, 6.5, 2.5, 5.5], "texture": "#0"},
				"up": {"uv": [7.25, 3.5, 7, 4], "texture": "#0"},
				"down": {"uv": [7.25, 3.5, 7, 4], "texture": "#0"}
			}
		},
		{
			"from": [7.5, 9.1422, 4.21251],
			"to": [8.5, 10.6422, 6.71251],
			"rotation": {"angle": -22.5, "axis": "x", "origin": [8, 9.66533, 5.58869]},
			"faces": {
				"north": {"uv": [5.5, 6.5, 5, 7.25], "texture": "#0"},
				"east": {"uv": [6.25, 3, 5, 3.75], "texture": "#0"},
				"south": {"uv": [5, 6.5, 4.5, 7.25], "texture": "#0"},
				"west": {"uv": [5, 3, 6.25, 3.75], "texture": "#0"},
				"up": {"uv": [4, 5.5, 3.5, 6.75], "texture": "#0"},
				"down": {"uv": [4.5, 6.75, 4, 5.5], "texture": "#0"}
			}
		},
		{
			"from": [7.75, 7.12896, 4.50417],
			"to": [8.25, 9.12896, 5.50417],
			"rotation": {"angle": 45, "axis": "x", "origin": [8, 9.66533, 5.58869]},
			"faces": {
				"north": {"uv": [1.25, 7, 1, 8], "texture": "#0"},
				"east": {"uv": [3, 6.5, 2.5, 5.5], "texture": "#0"},
				"south": {"uv": [7.25, 0, 7, 1], "texture": "#0"},
				"west": {"uv": [2.5, 6.5, 3, 5.5], "texture": "#0"},
				"up": {"uv": [7.25, 4, 7, 3.5], "texture": "#0"},
				"down": {"uv": [7.25, 4, 7, 3.5], "texture": "#0"}
			}
		},
		{
			"from": [7.5, 8.75, 7.25],
			"to": [8.5, 9.75, 8.75],
			"rotation": {"angle": 0, "axis": "y", "origin": [0, 0.25, 0]},
			"faces": {
				"north": {"uv": [0.25, 0, 0.75, 0.5], "texture": "#0"},
				"east": {"uv": [1.5, 0, 2.25, 0.5], "texture": "#0"},
				"south": {"uv": [0.25, 0, 0.75, 0.5], "texture": "#0"},
				"west": {"uv": [1.5, 0, 2.25, 0.5], "texture": "#0"},
				"up": {"uv": [1.25, 0.5, 1.75, 1.25], "texture": "#0"},
				"down": {"uv": [1.25, 0.5, 1.75, 1.25], "texture": "#0"}
			}
		},
		{
			"from": [7.5, 8, 7.25],
			"to": [8.5, 8.5, 8.75],
			"rotation": {"angle": 0, "axis": "y", "origin": [0, 0.25, 0]},
			"faces": {
				"north": {"uv": [0.75, 1.5, 1.25, 1.75], "texture": "#0"},
				"east": {"uv": [0, 1.5, 0.75, 1.75], "texture": "#0"},
				"south": {"uv": [0.75, 1.5, 1.25, 1.75], "texture": "#0"},
				"west": {"uv": [0, 1.5, 0.75, 1.75], "texture": "#0"},
				"up": {"uv": [0.5, 2, 1, 2.75], "texture": "#0"},
				"down": {"uv": [0.5, 2, 1, 2.75], "texture": "#0"}
			}
		},
		{
			"from": [7, 8.65, 5.5],
			"to": [7, 11.15, 10.5],
			"rotation": {"angle": 0, "axis": "y", "origin": [0, -0.1, 0]},
			"faces": {
				"north": {"uv": [0, 0, 0, 1.25], "texture": "#0"},
				"east": {"uv": [10, 0, 7.5, 1.25], "texture": "#0"},
				"south": {"uv": [0, 0, 0, 1.25], "texture": "#0"},
				"west": {"uv": [7.5, 0, 10, 1.25], "texture": "#0"},
				"up": {"uv": [0, 0, 0, 2.5], "texture": "#0"},
				"down": {"uv": [0, 0, 0, 2.5], "texture": "#0"}
			}
		},
		{
			"from": [7, 11.15, 5.5],
			"to": [9, 11.15, 10.5],
			"rotation": {"angle": 0, "axis": "y", "origin": [8, 10.15, 8]},
			"faces": {
				"north": {"uv": [0, 0, 0, 1], "rotation": 270, "texture": "#0"},
				"east": {"uv": [0, 0, 0, 2.5], "rotation": 90, "texture": "#0"},
				"south": {"uv": [0, 0, 0, 1], "rotation": 90, "texture": "#0"},
				"west": {"uv": [0, 0, 0, 2.5], "rotation": 90, "texture": "#0"},
				"up": {"uv": [8, 2.5, 10.5, 3.5], "rotation": 90, "texture": "#0"},
				"down": {"uv": [10.5, 2.5, 8, 3.5], "rotation": 90, "texture": "#0"}
			}
		},
		{
			"from": [7, 8.65, 5.5],
			"to": [9, 11.15, 5.5],
			"rotation": {"angle": 0, "axis": "y", "origin": [8, 9.9, 8]},
			"faces": {
				"north": {"uv": [8, 1.25, 9, 2.5], "texture": "#0"},
				"east": {"uv": [0, 0, 0, 1.25], "texture": "#0"},
				"south": {"uv": [9, 1.25, 8, 2.5], "texture": "#0"},
				"west": {"uv": [0, 0, 0, 1.25], "texture": "#0"},
				"up": {"uv": [0, 0, 0, 1], "rotation": 90, "texture": "#0"},
				"down": {"uv": [0, 0, 0, 1], "rotation": 270, "texture": "#0"}
			}
		},
		{
			"from": [9, 8.65, 5.5],
			"to": [9, 11.15, 10.5],
			"rotation": {"angle": 0, "axis": "y", "origin": [0, -0.1, 0]},
			"faces": {
				"north": {"uv": [0, 0, 0, 1.25], "texture": "#0"},
				"east": {"uv": [10, 0, 7.5, 1.25], "texture": "#0"},
				"south": {"uv": [0, 0, 0, 1.25], "texture": "#0"},
				"west": {"uv": [7.5, 0, 10, 1.25], "texture": "#0"},
				"up": {"uv": [0, 0, 0, 2.5], "texture": "#0"},
				"down": {"uv": [0, 0, 0, 2.5], "texture": "#0"}
			}
		},
		{
			"from": [7, 8.65, 10.5],
			"to": [9, 11.15, 10.5],
			"rotation": {"angle": 0, "axis": "y", "origin": [8, 9.9, 8]},
			"faces": {
				"north": {"uv": [8, 1.25, 9, 2.5], "texture": "#0"},
				"east": {"uv": [0, 0, 0, 1.25], "texture": "#0"},
				"south": {"uv": [9, 1.25, 8, 2.5], "texture": "#0"},
				"west": {"uv": [0, 0, 0, 1.25], "texture": "#0"},
				"up": {"uv": [0, 0, 0, 1], "rotation": 90, "texture": "#0"},
				"down": {"uv": [0, 0, 0, 1], "rotation": 270, "texture": "#0"}
			}
		},
		{
			"name": "Animation2",
			"from": [4, 10.11612, 3.88388],
			"to": [12, 10.11612, 11.88388],
			"rotation": {"angle": -45, "axis": "x", "origin": [8, 10.11612, 7.88388]},
			"faces": {
				"north": {"uv": [0, 0, 4, 0], "rotation": 180, "texture": "#0"},
				"east": {"uv": [0, 0, 0, 4], "rotation": 90, "texture": "#0"},
				"south": {"uv": [0, 0, 4, 0], "texture": "#0"},
				"west": {"uv": [0, 0, 0, 4], "rotation": 270, "texture": "#0"},
				"up": {"uv": [16, 0, 0, 16], "texture": "#1"},
				"down": {"uv": [0, 0, 16, 16], "texture": "#1"}
			}
		},
		{
			"name": "Animation1",
			"from": [4, 11, 4.25],
			"to": [12, 11, 12.25],
			"rotation": {"angle": 45, "axis": "x", "origin": [8, 11, 7]},
			"faces": {
				"north": {"uv": [0, 0, 4, 0], "rotation": 180, "texture": "#0"},
				"east": {"uv": [0, 0, 0, 4], "rotation": 90, "texture": "#0"},
				"south": {"uv": [0, 0, 4, 0], "texture": "#0"},
				"west": {"uv": [0, 0, 0, 4], "rotation": 270, "texture": "#0"},
				"up": {"uv": [0, 0, 16, 16], "texture": "#1"},
				"down": {"uv": [16, 0, 0, 16], "texture": "#1"}
			}
		}
	],
	"display": {
		"thirdperson_righthand": {
			"translation": [0, 3, 1],
			"scale": [1.25, 1.25, 1.25]
		},
		"thirdperson_lefthand": {
			"translation": [0, 2.75, 1],
			"scale": [1.25, 1.25, 1.25]
		},
		"firstperson_righthand": {
			"translation": [0.5, 4.75, 0],
			"scale": [1.25, 1.25, 1.25]
		},
		"firstperson_lefthand": {
			"translation": [0.5, 4.75, 0],
			"scale": [1.25, 1.25, 1.25]
		},
		"ground": {
			"rotation": [-45, 0, 0],
			"translation": [0, 2.25, 0],
			"scale": [0.55, 0.55, 0.55]
		},
		"gui": {
			"rotation": [-90, -45, -90],
			"translation": [1, 0.75, 0]
		},
		"head": {
			"scale": [0, 0, 0]
		},
		"fixed": {
			"rotation": [90, -45, 90],
			"translation": [-1, 1, -0.5]
		}
	},
	"groups": [
		0,
		1,
		2,
		3,
		4,
		5,
		6,
		7,
		8,
		{
			"name": "Layer",
			"origin": [8, 9.9, 8],
			"color": 0,
			"children": [9, 10, 11, 12, 13, 14, 15]
		}
	]
}