{
	"credit": "Made with Blockbench",
	"textures": {
		"0": "mimix_stray:tools/stray_shovel/stray_shovel",
		"1": "mimix_stray:tools/stray_shovel/stray_shovel1",
		"particle": "mimix_stray:tools/stray_shovel/stray_shovel"
	},
	"elements": [
		{
			"from": [7.5, 8.75, 7.25],
			"to": [8.5, 9.75, 8.75],
			"rotation": {"angle": 0, "axis": "y", "origin": [0, 0.25, 0]},
			"faces": {
				"north": {"uv": [10, 6, 11, 7], "texture": "#0"},
				"east": {"uv": [7, 7, 8.5, 8], "texture": "#0"},
				"south": {"uv": [10, 6, 11, 7], "texture": "#0"},
				"west": {"uv": [7, 7, 8.5, 8], "texture": "#0"},
				"up": {"uv": [5, 7.5, 4, 6], "texture": "#0"},
				"down": {"uv": [5, 7.5, 4, 6], "texture": "#0"}
			}
		},
		{
			"from": [7.75, 10.5, 6.5],
			"to": [8.25, 13.5, 9.5],
			"rotation": {"angle": 0, "axis": "y", "origin": [8, 10.66533, 5.58869]},
			"faces": {
				"north": {"uv": [9, 5, 9.5, 8], "texture": "#0"},
				"east": {"uv": [2, 0, 5, 3], "texture": "#0"},
				"south": {"uv": [9, 5, 9.5, 8], "texture": "#0"},
				"west": {"uv": [5, 0, 2, 3], "texture": "#0"},
				"up": {"uv": [9.5, 11, 9, 8], "texture": "#0"},
				"down": {"uv": [10.5, 2, 10, 5], "texture": "#0"}
			}
		},
		{
			"from": [7.75, 13.5, 7],
			"to": [8.25, 14, 9],
			"rotation": {"angle": 0, "axis": "y", "origin": [8, 13.66533, 5.33869]},
			"faces": {
				"north": {"uv": [5, 11, 5.5, 11.5], "texture": "#0"},
				"east": {"uv": [7, 10, 9, 10.5], "texture": "#0"},
				"south": {"uv": [5, 11, 5.5, 11.5], "texture": "#0"},
				"west": {"uv": [7, 10, 9, 10.5], "texture": "#0"},
				"up": {"uv": [10.5, 10, 10, 8], "texture": "#0"},
				"down": {"uv": [10.5, 10, 10, 12], "texture": "#0"}
			}
		},
		{
			"from": [7.25, 9.5, 6.25],
			"to": [8.75, 10.5, 9.75],
			"rotation": {"angle": 0, "axis": "y", "origin": [8, 9.66533, 5.58869]},
			"faces": {
				"north": {"uv": [4, 10, 5.5, 11], "texture": "#0"},
				"east": {"uv": [7, 1, 10.5, 2], "texture": "#0"},
				"south": {"uv": [4, 10, 5.5, 11], "texture": "#0"},
				"west": {"uv": [7, 1, 10.5, 2], "texture": "#0"},
				"up": {"uv": [6.5, 3.5, 5, 0], "texture": "#0"},
				"down": {"uv": [6.5, 4, 5, 7.5], "texture": "#0"}
			}
		},
		{
			"from": [7.75, 1, 7.5],
			"to": [8.25, 10, 8.5],
			"faces": {
				"north": {"uv": [2, 6, 2.5, 15], "texture": "#0"},
				"east": {"uv": [2, 0, 1, 9], "texture": "#0"},
				"south": {"uv": [3, 6, 3.5, 15], "texture": "#0"},
				"west": {"uv": [1, 0, 2, 9], "texture": "#0"},
				"up": {"uv": [11.5, 2, 11, 1], "texture": "#0"},
				"down": {"uv": [11.5, 2, 11, 3], "texture": "#0"}
			}
		},
		{
			"from": [7.5, 8, 7.25],
			"to": [8.5, 8.5, 8.75],
			"rotation": {"angle": 0, "axis": "y", "origin": [0, 0.25, 0]},
			"faces": {
				"north": {"uv": [11, 3, 12, 3.5], "texture": "#0"},
				"east": {"uv": [11, 0, 12.5, 0.5], "texture": "#0"},
				"south": {"uv": [11, 3, 12, 3.5], "texture": "#0"},
				"west": {"uv": [11, 0, 12.5, 0.5], "texture": "#0"},
				"up": {"uv": [6, 9.5, 5, 8], "texture": "#0"},
				"down": {"uv": [6, 9.5, 5, 8], "texture": "#0"}
			}
		},
		{
			"from": [7.5, 0, 7.25],
			"to": [8.5, 1.5, 8.75],
			"rotation": {"angle": -45, "axis": "x", "origin": [8, 0.75, 8]},
			"faces": {
				"north": {"uv": [2, 9, 1, 10.5], "texture": "#0"},
				"east": {"uv": [8.5, 4, 7, 5.5], "texture": "#0"},
				"south": {"uv": [8, 8, 9, 9.5], "texture": "#0"},
				"west": {"uv": [7, 4, 8.5, 5.5], "texture": "#0"},
				"up": {"uv": [9, 9.5, 8, 8], "texture": "#0"},
				"down": {"uv": [2, 9, 1, 10.5], "texture": "#0"}
			}
		},
		{
			"from": [7, 9.05, 6],
			"to": [7, 10.55, 10],
			"rotation": {"angle": 0, "axis": "y", "origin": [7.75, 9.71533, 5.83869]},
			"faces": {
				"north": {"uv": [0, 0, 0, 1.5], "texture": "#0"},
				"east": {"uv": [12.5, 14.5, 16, 16], "texture": "#0"},
				"south": {"uv": [0, 0, 0, 1.5], "texture": "#0"},
				"west": {"uv": [16, 14.5, 12.5, 16], "texture": "#0"},
				"up": {"uv": [0, 3.5, 0, 0], "texture": "#0"},
				"down": {"uv": [0, 0, 0, 3.5], "texture": "#0"}
			}
		},
		{
			"from": [7, 10.55, 6],
			"to": [9, 10.55, 10],
			"rotation": {"angle": 0, "axis": "y", "origin": [8, 9.71533, 5.83869]},
			"faces": {
				"north": {"uv": [0, 0, 2, 0], "texture": "#0"},
				"east": {"uv": [0, 0, 3.5, 0], "texture": "#0"},
				"south": {"uv": [0, 0, 2, 0], "texture": "#0"},
				"west": {"uv": [0, 0, 3.5, 0], "texture": "#0"},
				"up": {"uv": [12, 16, 10, 12.5], "texture": "#0"},
				"down": {"uv": [12, 12.5, 10, 16], "texture": "#0"}
			}
		},
		{
			"from": [7, 9.05, 10],
			"to": [9, 10.55, 10],
			"rotation": {"angle": 0, "axis": "y", "origin": [8.05, 9.71533, 6.08869]},
			"faces": {
				"north": {"uv": [14, 8, 16, 9.5], "texture": "#0"},
				"east": {"uv": [0, 0, 0, 1.5], "texture": "#0"},
				"south": {"uv": [14, 8, 16, 9.5], "texture": "#0"},
				"west": {"uv": [0, 0, 0, 1.5], "texture": "#0"},
				"up": {"uv": [2, 0, 0, 0], "texture": "#0"},
				"down": {"uv": [2, 0, 0, 0], "texture": "#0"}
			}
		},
		{
			"from": [9, 9.05, 6],
			"to": [9, 10.55, 10],
			"rotation": {"angle": 0, "axis": "y", "origin": [9.75, 9.71533, 5.83869]},
			"faces": {
				"north": {"uv": [0, 0, 0, 1.5], "texture": "#0"},
				"east": {"uv": [12.5, 14.5, 16, 16], "texture": "#0"},
				"south": {"uv": [0, 0, 0, 1.5], "texture": "#0"},
				"west": {"uv": [16, 14.5, 12.5, 16], "texture": "#0"},
				"up": {"uv": [0, 3.5, 0, 0], "texture": "#0"},
				"down": {"uv": [0, 0, 0, 3.5], "texture": "#0"}
			}
		},
		{
			"from": [7, 9.05, 6],
			"to": [9, 10.55, 6],
			"rotation": {"angle": 0, "axis": "y", "origin": [8.05, 9.71533, 2.08869]},
			"faces": {
				"north": {"uv": [16, 8, 14, 9.5], "texture": "#0"},
				"east": {"uv": [0, 0, 0, 1.5], "texture": "#0"},
				"south": {"uv": [14, 8, 16, 9.5], "texture": "#0"},
				"west": {"uv": [0, 0, 0, 1.5], "texture": "#0"},
				"up": {"uv": [2, 0, 0, 0], "texture": "#0"},
				"down": {"uv": [2, 0, 0, 0], "texture": "#0"}
			}
		},
		{
			"name": "Animation2",
			"from": [4, 10.11612, 3.98388],
			"to": [12, 10.11612, 11.98388],
			"rotation": {"angle": -22.5, "axis": "x", "origin": [8, 10.11612, 7.98388]},
			"faces": {
				"north": {"uv": [0, 0, 8, 0], "rotation": 180, "texture": "#missing"},
				"east": {"uv": [0, 0, 0, 8], "rotation": 90, "texture": "#missing"},
				"south": {"uv": [0, 0, 8, 0], "texture": "#missing"},
				"west": {"uv": [0, 0, 0, 8], "rotation": 270, "texture": "#missing"},
				"up": {"uv": [0, 16, 16, 0], "texture": "#1"},
				"down": {"uv": [16, 16, 0, 0], "texture": "#1"}
			}
		},
		{
			"name": "Animation1",
			"from": [4, 10.11612, 3.98388],
			"to": [12, 10.11612, 11.98388],
			"rotation": {"angle": 22.5, "axis": "x", "origin": [8, 10.11612, 7.98388]},
			"faces": {
				"north": {"uv": [0, 0, 8, 0], "rotation": 180, "texture": "#missing"},
				"east": {"uv": [0, 0, 0, 8], "rotation": 90, "texture": "#missing"},
				"south": {"uv": [0, 0, 8, 0], "texture": "#missing"},
				"west": {"uv": [0, 0, 0, 8], "rotation": 270, "texture": "#missing"},
				"up": {"uv": [0, 0, 16, 16], "texture": "#1"},
				"down": {"uv": [16, 0, 0, 16], "texture": "#1"}
			}
		}
	],
	"display": {
		"thirdperson_righthand": {
			"translation": [0, 3, 0.75],
			"scale": [1.25, 1.25, 1.25]
		},
		"thirdperson_lefthand": {
			"translation": [0, 2.75, 0.75],
			"scale": [1.25, 1.25, 1.25]
		},
		"firstperson_righthand": {
			"translation": [1, 3, 0],
			"scale": [1.25, 1.25, 1.25]
		},
		"firstperson_lefthand": {
			"translation": [1, 3, 0],
			"scale": [1.25, 1.25, 1.25]
		},
		"ground": {
			"rotation": [-45, 0, 0],
			"translation": [0, 0.25, 0],
			"scale": [0.55, 0.55, 0.55]
		},
		"gui": {
			"rotation": [-90, -45, -90],
			"translation": [0.5, 0.5, 0]
		},
		"head": {
			"scale": [0, 0, 0]
		},
		"fixed": {
			"rotation": [90, -45, 90],
			"translation": [-1, 1.5, -0.5]
		}
	},
	"groups": [
		0,
		1,
		2,
		3,
		4,
		5,
		6,
		{
			"name": "Layer",
			"origin": [8.05, 9.71533, 2.33869],
			"color": 0,
			"children": [7, 8, 9, 10, 11]
		},
		12,
		13
	]
}