{
	"credit": "Made with Blockbench",
	"texture_size": [32, 32],
	"textures": {
		"0": "mimix_stray:tools/stray_hoe/stray_hoe",
		"1": "mimix_stray:tools/stray_hoe/stray_hoe1",
		"particle": "mimix_stray:tools/stray_hoe/stray_hoe"
	},
	"elements": [
		{
			"from": [7.75, 1, 7.5],
			"to": [8.25, 10, 8.5],
			"faces": {
				"north": {"uv": [3, 5.5, 3.25, 10], "texture": "#0"},
				"east": {"uv": [2, 3, 1.5, 7.5], "texture": "#0"},
				"south": {"uv": [3.5, 5.5, 3.75, 10], "texture": "#0"},
				"west": {"uv": [1.5, 3, 2, 7.5], "texture": "#0"},
				"up": {"uv": [1.75, 9, 1.5, 8.5], "texture": "#0"},
				"down": {"uv": [8.75, 2, 8.5, 2.5], "texture": "#0"}
			}
		},
		{
			"from": [7.025, 9.25, 9],
			"to": [8.975, 11.25, 10],
			"rotation": {"angle": 0, "axis": "y", "origin": [8, 9.66533, 9.33869]},
			"faces": {
				"north": {"uv": [3.5, 2, 4.5, 3], "texture": "#0"},
				"east": {"uv": [4.5, 7.5, 4, 8.5], "texture": "#0"},
				"south": {"uv": [4, 5.5, 5, 6.5], "texture": "#0"},
				"west": {"uv": [4, 7.5, 4.5, 8.5], "texture": "#0"},
				"up": {"uv": [4.5, 3.5, 3.5, 3], "texture": "#0"},
				"down": {"uv": [4.5, 3, 3.5, 3.5], "texture": "#0"}
			}
		},
		{
			"from": [7.5, 8, 7.25],
			"to": [8.5, 8.5, 8.75],
			"rotation": {"angle": 0, "axis": "y", "origin": [0, 0.25, 0]},
			"faces": {
				"north": {"uv": [8.5, 3, 9, 3.25], "texture": "#0"},
				"east": {"uv": [8.5, 0.5, 9.25, 0.75], "texture": "#0"},
				"south": {"uv": [8.5, 3, 9, 3.25], "texture": "#0"},
				"west": {"uv": [8.5, 0.5, 9.25, 0.75], "texture": "#0"},
				"up": {"uv": [7, 8.25, 6.5, 7.5], "texture": "#0"},
				"down": {"uv": [7, 8.25, 6.5, 7.5], "texture": "#0"}
			}
		},
		{
			"from": [7.5, 8.75, 7.25],
			"to": [8.5, 9.75, 8.75],
			"rotation": {"angle": 0, "axis": "y", "origin": [0, 0.25, 0]},
			"faces": {
				"north": {"uv": [6.5, 5, 7, 5.5], "texture": "#0"},
				"east": {"uv": [8, 0, 8.75, 0.5], "texture": "#0"},
				"south": {"uv": [6.5, 5, 7, 5.5], "texture": "#0"},
				"west": {"uv": [8, 0, 8.75, 0.5], "texture": "#0"},
				"up": {"uv": [1, 8.75, 0.5, 8], "texture": "#0"},
				"down": {"uv": [8.5, 0.5, 8, 1.25], "texture": "#0"}
			}
		},
		{
			"from": [7.5, 0, 7.25],
			"to": [8.5, 1.5, 8.75],
			"rotation": {"angle": -45, "axis": "x", "origin": [8, 0.75, 8]},
			"faces": {
				"north": {"uv": [8.5, 2.5, 8, 3.25], "texture": "#0"},
				"east": {"uv": [7.75, 1, 7, 1.75], "texture": "#0"},
				"south": {"uv": [2, 8, 2.5, 8.75], "texture": "#0"},
				"west": {"uv": [7, 1, 7.75, 1.75], "texture": "#0"},
				"up": {"uv": [2.5, 8.75, 2, 8], "texture": "#0"},
				"down": {"uv": [8.5, 2.5, 8, 3.25], "texture": "#0"}
			}
		},
		{
			"from": [7.25, 9.5, 5.75],
			"to": [8.75, 11, 10.25],
			"rotation": {"angle": 0, "axis": "y", "origin": [8, 9.66533, 5.58869]},
			"faces": {
				"north": {"uv": [7, 7, 7.75, 7.75], "texture": "#0"},
				"east": {"uv": [7.25, 0, 5, 0.75], "texture": "#0"},
				"south": {"uv": [7, 7, 7.75, 7.75], "texture": "#0"},
				"west": {"uv": [5, 0, 7.25, 0.75], "texture": "#0"},
				"up": {"uv": [0.75, 7.75, 0, 5.5], "texture": "#0"},
				"down": {"uv": [6.25, 2, 5.5, 4.25], "texture": "#0"}
			}
		},
		{
			"from": [7.5, 9.1422, 4.21251],
			"to": [8.5, 10.6422, 6.71251],
			"rotation": {"angle": -22.5, "axis": "x", "origin": [8, 9.66533, 5.58869]},
			"faces": {
				"north": {"uv": [5, 8, 5.5, 8.75], "texture": "#0"},
				"east": {"uv": [7.75, 3, 6.5, 3.75], "texture": "#0"},
				"south": {"uv": [8, 5, 8.5, 5.75], "texture": "#0"},
				"west": {"uv": [6.5, 3, 7.75, 3.75], "texture": "#0"},
				"up": {"uv": [5.5, 7.75, 5, 6.5], "texture": "#0"},
				"down": {"uv": [6, 6.5, 5.5, 7.75], "texture": "#0"}
			}
		},
		{
			"from": [7.5, 9.9922, 9.71251],
			"to": [8.5, 11.4922, 11.71251],
			"rotation": {"angle": -22.5, "axis": "x", "origin": [8, 10.66533, 11.08869]},
			"faces": {
				"north": {"uv": [5.5, 8, 6, 8.75], "texture": "#0"},
				"east": {"uv": [7.5, 4, 6.5, 4.75], "texture": "#0"},
				"south": {"uv": [8, 6, 8.5, 6.75], "texture": "#0"},
				"west": {"uv": [6.5, 4, 7.5, 4.75], "texture": "#0"},
				"up": {"uv": [5, 8.5, 4.5, 7.5], "texture": "#0"},
				"down": {"uv": [6.5, 7.5, 6, 8.5], "texture": "#0"}
			}
		},
		{
			"from": [7.75, 7.12896, 4.50417],
			"to": [8.25, 9.12896, 5.50417],
			"rotation": {"angle": 45, "axis": "x", "origin": [8, 9.66533, 5.58869]},
			"faces": {
				"north": {"uv": [7.5, 8, 7.75, 9], "texture": "#0"},
				"east": {"uv": [1.5, 8.5, 1, 7.5], "texture": "#0"},
				"south": {"uv": [8, 8, 8.25, 9], "texture": "#0"},
				"west": {"uv": [1, 7.5, 1.5, 8.5], "texture": "#0"},
				"up": {"uv": [4.25, 9, 4, 8.5], "texture": "#0"},
				"down": {"uv": [4.25, 9, 4, 8.5], "texture": "#0"}
			}
		},
		{
			"from": [7.75, 14.37896, 8.00417],
			"to": [8.25, 15.87896, 9.00417],
			"rotation": {"angle": 45, "axis": "x", "origin": [8, 9.66533, 5.58869]},
			"faces": {
				"north": {"uv": [1, 8.5, 1.25, 9.25], "texture": "#0"},
				"east": {"uv": [8.5, 7, 8, 7.75], "texture": "#0"},
				"south": {"uv": [8.5, 1, 8.75, 1.75], "texture": "#0"},
				"west": {"uv": [8, 7, 8.5, 7.75], "texture": "#0"},
				"up": {"uv": [4.75, 9, 4.5, 8.5], "texture": "#0"},
				"down": {"uv": [4.75, 9, 4.5, 8.5], "texture": "#0"}
			}
		},
		{
			"from": [7, 11.1, 5.5],
			"to": [9, 11.1, 10.5],
			"rotation": {"angle": 0, "axis": "y", "origin": [7, 12.25, 8]},
			"faces": {
				"north": {"uv": [0, 0, 1, 0], "texture": "#0"},
				"east": {"uv": [0, 0, 2.5, 0], "texture": "#0"},
				"south": {"uv": [0, 0, 1, 0], "texture": "#0"},
				"west": {"uv": [0, 0, 2.5, 0], "texture": "#0"},
				"up": {"uv": [3.5, 3.5, 2.5, 1], "texture": "#0"},
				"down": {"uv": [3.5, 1, 2.5, 3.5], "texture": "#0"}
			}
		},
		{
			"from": [7, 9.1, 5.5],
			"to": [7, 11.1, 10.5],
			"rotation": {"angle": 0, "axis": "y", "origin": [8, 9.66533, 5.58869]},
			"faces": {
				"north": {"uv": [0, 0, 0, 1], "texture": "#0"},
				"east": {"uv": [0, 1, 2.5, 2], "texture": "#0"},
				"south": {"uv": [0, 0, 0, 1], "texture": "#0"},
				"west": {"uv": [0, 1, 2.5, 2], "texture": "#0"},
				"up": {"uv": [0, 2.5, 0, 0], "texture": "#0"},
				"down": {"uv": [0, 0, 0, 2.5], "texture": "#0"}
			}
		},
		{
			"from": [7, 9.1, 5.5],
			"to": [9, 11.1, 5.5],
			"rotation": {"angle": 0, "axis": "y", "origin": [9, 10.25, 7.5]},
			"faces": {
				"north": {"uv": [5.5, 4.5, 6.5, 5.5], "texture": "#0"},
				"east": {"uv": [0, 0, 0, 1], "texture": "#0"},
				"south": {"uv": [6.5, 4.5, 5.5, 5.5], "texture": "#0"},
				"west": {"uv": [0, 0, 0, 1], "texture": "#0"},
				"up": {"uv": [1, 0, 0, 0], "texture": "#0"},
				"down": {"uv": [1, 0, 0, 0], "texture": "#0"}
			}
		},
		{
			"from": [9, 9.1, 5.5],
			"to": [9, 11.1, 10.5],
			"rotation": {"angle": 0, "axis": "y", "origin": [8, 9.66533, 5.58869]},
			"faces": {
				"north": {"uv": [0, 0, 0, 1], "texture": "#0"},
				"east": {"uv": [2.5, 1, 0, 2], "texture": "#0"},
				"south": {"uv": [0, 0, 0, 1], "texture": "#0"},
				"west": {"uv": [0, 1, 2.5, 2], "texture": "#0"},
				"up": {"uv": [0, 2.5, 0, 0], "texture": "#0"},
				"down": {"uv": [0, 0, 0, 2.5], "texture": "#0"}
			}
		},
		{
			"from": [7, 9.1, 10.5],
			"to": [9, 11.1, 10.5],
			"rotation": {"angle": 0, "axis": "y", "origin": [9, 10.25, 7.5]},
			"faces": {
				"north": {"uv": [5.5, 4.5, 6.5, 5.5], "texture": "#0"},
				"east": {"uv": [0, 0, 0, 1], "texture": "#0"},
				"south": {"uv": [6.5, 4.5, 5.5, 5.5], "texture": "#0"},
				"west": {"uv": [0, 0, 0, 1], "texture": "#0"},
				"up": {"uv": [1, 0, 0, 0], "texture": "#0"},
				"down": {"uv": [1, 0, 0, 0], "texture": "#0"}
			}
		},
		{
			"name": "Animation1",
			"from": [4, 10.11612, 3.88388],
			"to": [12, 10.11612, 11.88388],
			"rotation": {"angle": 45, "axis": "x", "origin": [8, 10.11612, 7.88388]},
			"faces": {
				"north": {"uv": [0, 0, 4, 0], "rotation": 180, "texture": "#missing"},
				"east": {"uv": [0, 0, 0, 4], "rotation": 90, "texture": "#missing"},
				"south": {"uv": [0, 0, 4, 0], "texture": "#missing"},
				"west": {"uv": [0, 0, 0, 4], "rotation": 270, "texture": "#missing"},
				"up": {"uv": [0, 0, 16, 16], "texture": "#1"},
				"down": {"uv": [16, 0, 0, 16], "texture": "#1"}
			}
		},
		{
			"name": "Animation2",
			"from": [4, 10.11612, 3.88388],
			"to": [12, 10.11612, 11.88388],
			"rotation": {"angle": -45, "axis": "x", "origin": [8, 10.11612, 7.88388]},
			"faces": {
				"north": {"uv": [0, 0, 4, 0], "rotation": 180, "texture": "#missing"},
				"east": {"uv": [0, 0, 0, 4], "rotation": 90, "texture": "#missing"},
				"south": {"uv": [0, 0, 4, 0], "texture": "#missing"},
				"west": {"uv": [0, 0, 0, 4], "rotation": 270, "texture": "#missing"},
				"up": {"uv": [0, 16, 16, 0], "texture": "#1"},
				"down": {"uv": [16, 16, 0, 0], "texture": "#1"}
			}
		}
	],
	"display": {
		"thirdperson_righthand": {
			"translation": [0, 3, 1],
			"scale": [1.25, 1.25, 1.25]
		},
		"thirdperson_lefthand": {
			"translation": [0, 2.75, 1],
			"scale": [1.25, 1.25, 1.25]
		},
		"firstperson_righthand": {
			"translation": [0.75, 4.5, 0],
			"scale": [1.25, 1.25, 1.25]
		},
		"firstperson_lefthand": {
			"translation": [0.75, 4.5, 0],
			"scale": [1.25, 1.25, 1.25]
		},
		"ground": {
			"rotation": [45, 0, 0],
			"translation": [0, 0.25, 0],
			"scale": [0.55, 0.55, 0.55]
		},
		"gui": {
			"rotation": [90, 45, -90],
			"translation": [0.75, 0.75, 0]
		},
		"head": {
			"scale": [0, 0, 0]
		},
		"fixed": {
			"rotation": [90, -45, 90],
			"translation": [-1, 1.25, -0.5]
		}
	},
	"groups": [
		0,
		1,
		2,
		3,
		4,
		5,
		6,
		7,
		8,
		9,
		{
			"name": "Layer",
			"origin": [9, 10.25, 7.5],
			"color": 0,
			"children": [10, 11, 12, 13, 14]
		},
		15,
		16
	]
}