{
	"credit": "Made with Blockbench",
	"texture_size": [32, 32],
	"textures": {
		"0": "mimix_stray:items/stray_bow/bow/stray_bow",
		"particle": "mimix_stray:items/stray_bow/bow/stray_bow"
	},
	"elements": [
		{
			"from": [7.75, 5, 5],
			"to": [8.25, 13, 6],
			"rotation": {"angle": 0, "axis": "y", "origin": [8.5, 11.15276, 5.51798]},
			"faces": {
				"north": {"uv": [0, 6.5, 0.25, 10.5], "texture": "#0"},
				"east": {"uv": [5.5, 4, 5, 8], "texture": "#0"},
				"south": {"uv": [6.5, 0, 6.75, 4], "texture": "#0"},
				"west": {"uv": [5, 4, 5.5, 8], "texture": "#0"},
				"up": {"uv": [7.75, 4, 7.5, 3.5], "texture": "#0"},
				"down": {"uv": [7.75, 5, 7.5, 5.5], "texture": "#0"}
			}
		},
		{
			"from": [7.5, 11.25, 3.75],
			"to": [8.5, 12.25, 6.25],
			"rotation": {"angle": 0, "axis": "y", "origin": [8.5, 11.15276, 5.51798]},
			"faces": {
				"north": {"uv": [6, 7, 6.5, 7.5], "texture": "#0"},
				"east": {"uv": [7.75, 4.5, 6.5, 5], "texture": "#0"},
				"south": {"uv": [7, 6.5, 7.5, 7], "texture": "#0"},
				"west": {"uv": [6.5, 4.5, 7.75, 5], "texture": "#0"},
				"up": {"uv": [5, 7.75, 4.5, 6.5], "texture": "#0"},
				"down": {"uv": [7, 5, 6.5, 6.25], "texture": "#0"}
			}
		},
		{
			"from": [7.75, 11.17769, 3.03373],
			"to": [8.25, 11.67769, 4.53373],
			"rotation": {"angle": -45, "axis": "x", "origin": [8, 11.32769, 3.63373]},
			"faces": {
				"north": {"uv": [7.5, 6.5, 7.75, 6.75], "texture": "#0"},
				"east": {"uv": [8.25, 1, 7.5, 1.25], "texture": "#0"},
				"south": {"uv": [7, 7.5, 7.25, 7.75], "texture": "#0"},
				"west": {"uv": [7.5, 1, 8.25, 1.25], "texture": "#0"},
				"up": {"uv": [7.75, 2.25, 7.5, 1.5], "texture": "#0"},
				"down": {"uv": [7.5, 1.5, 7.75, 2.25], "texture": "#0"}
			}
		},
		{
			"from": [7.5, 12.52149, 4.59069],
			"to": [8.5, 16.52149, 5.59069],
			"rotation": {"angle": -22.5, "axis": "x", "origin": [8, 14.02149, 4.59069]},
			"faces": {
				"north": {"uv": [0.5, 6.5, 1, 8.5], "texture": "#0"},
				"east": {"uv": [2.5, 6.5, 2, 8.5], "texture": "#0"},
				"south": {"uv": [1.5, 6.5, 2, 8.5], "texture": "#0"},
				"west": {"uv": [2, 6.5, 2.5, 8.5], "texture": "#0"},
				"up": {"uv": [7.5, 4, 7, 3.5], "texture": "#0"},
				"down": {"uv": [6, 7, 5.5, 7.5], "texture": "#0"}
			}
		},
		{
			"from": [7.525, 15.78554, 6.16358],
			"to": [8.475, 22.78554, 7.16358],
			"rotation": {"angle": 45, "axis": "x", "origin": [8, 19.03554, 5.61358]},
			"faces": {
				"north": {"uv": [5.5, 0, 6, 3.5], "texture": "#0"},
				"east": {"uv": [6.5, 3.5, 6, 7], "texture": "#0"},
				"south": {"uv": [6, 0, 6.5, 3.5], "texture": "#0"},
				"west": {"uv": [6, 3.5, 6.5, 7], "texture": "#0"},
				"up": {"uv": [7.5, 7.5, 7, 7], "texture": "#0"},
				"down": {"uv": [8, 0, 7.5, 0.5], "texture": "#0"}
			}
		},
		{
			"from": [8.775, 15.78554, 6.08858],
			"to": [8.775, 23.28554, 7.58858],
			"rotation": {"angle": 45, "axis": "x", "origin": [8, 19.03554, 5.61358]},
			"faces": {
				"north": {"uv": [5.5, 0, 5.5, 3.75], "texture": "#0"},
				"east": {"uv": [8.75, 3.5, 8, 7.25], "texture": "#0"},
				"south": {"uv": [6, 0, 6, 3.75], "texture": "#0"},
				"west": {"uv": [8, 3.5, 8.75, 7.25], "texture": "#0"},
				"up": {"uv": [7, 7.75, 7, 7], "texture": "#0"},
				"down": {"uv": [7.5, 0, 7.5, 0.75], "texture": "#0"}
			}
		},
		{
			"from": [7.275, 14.88147, 5.92121],
			"to": [8.775, 22.38147, 5.92121],
			"rotation": {"angle": 45, "axis": "x", "origin": [8.775, 18.38147, 6.62121]},
			"faces": {
				"north": {"uv": [9.5, 3.5, 8.75, 7.25], "texture": "#0"},
				"east": {"uv": [6, 0, 6, 3.75], "texture": "#0"},
				"south": {"uv": [8.75, 3.5, 9.5, 7.25], "texture": "#0"},
				"west": {"uv": [5.5, 0, 5.5, 3.75], "texture": "#0"},
				"up": {"uv": [7, 7.75, 7, 7], "rotation": 270, "texture": "#0"},
				"down": {"uv": [7.5, 0, 7.5, 0.75], "rotation": 90, "texture": "#0"}
			}
		},
		{
			"from": [7.275, 15.78554, 6.08858],
			"to": [7.275, 23.28554, 7.58858],
			"rotation": {"angle": 45, "axis": "x", "origin": [8, 19.03554, 5.61358]},
			"faces": {
				"north": {"uv": [5.5, 0, 5.5, 3.75], "texture": "#0"},
				"east": {"uv": [8.75, 3.5, 8, 7.25], "texture": "#0"},
				"south": {"uv": [6, 0, 6, 3.75], "texture": "#0"},
				"west": {"uv": [8, 3.5, 8.75, 7.25], "texture": "#0"},
				"up": {"uv": [7, 7.75, 7, 7], "texture": "#0"},
				"down": {"uv": [7.5, 0, 7.5, 0.75], "texture": "#0"}
			}
		},
		{
			"from": [7.75, 15.86986, 4.93282],
			"to": [8.25, 19.86986, 5.93282],
			"rotation": {"angle": 22.5, "axis": "x", "origin": [8, 18.46986, 6.53282]},
			"faces": {
				"north": {"uv": [6.5, 6.5, 6.75, 8.5], "texture": "#0"},
				"east": {"uv": [3.5, 6.5, 3, 8.5], "texture": "#0"},
				"south": {"uv": [7, 0, 7.25, 2], "texture": "#0"},
				"west": {"uv": [3, 6.5, 3.5, 8.5], "texture": "#0"},
				"up": {"uv": [6.25, 8, 6, 7.5], "texture": "#0"},
				"down": {"uv": [7.75, 6, 7.5, 6.5], "texture": "#0"}
			}
		},
		{
			"from": [7.75, 19.75695, 7.64817],
			"to": [8.25, 22.75695, 8.64817],
			"rotation": {"angle": 22.5, "axis": "x", "origin": [8, 20.75695, 7.84817]},
			"faces": {
				"north": {"uv": [7, 2, 7.25, 3.5], "texture": "#0"},
				"east": {"uv": [4.5, 6.5, 4, 8], "texture": "#0"},
				"south": {"uv": [7, 5, 7.25, 6.5], "texture": "#0"},
				"west": {"uv": [4, 6.5, 4.5, 8], "texture": "#0"},
				"up": {"uv": [5.75, 8, 5.5, 7.5], "texture": "#0"},
				"down": {"uv": [7.75, 5.5, 7.5, 6], "texture": "#0"}
			}
		},
		{
			"from": [8, 9, 8.9],
			"to": [8, 22, 13.9],
			"rotation": {"angle": 0, "axis": "y", "origin": [0, 16, 0]},
			"faces": {
				"north": {"uv": [0, 0, 0, 6.5], "texture": "#0"},
				"east": {"uv": [5, 0, 2.5, 6.5], "texture": "#0"},
				"south": {"uv": [0, 0, 0, 6.5], "texture": "#0"},
				"west": {"uv": [2.5, 0, 5, 6.5], "texture": "#0"},
				"up": {"uv": [0, 2.5, 0, 0], "texture": "#0"},
				"down": {"uv": [0, 0, 0, 2.5], "texture": "#0"}
			}
		},
		{
			"from": [7.5, 1.47851, 4.59069],
			"to": [8.5, 5.47851, 5.59069],
			"rotation": {"angle": 22.5, "axis": "x", "origin": [8, 3.97851, 4.59069]},
			"faces": {
				"north": {"uv": [0.5, 8.5, 1, 6.5], "texture": "#0"},
				"east": {"uv": [2.5, 8.5, 2, 6.5], "texture": "#0"},
				"south": {"uv": [1.5, 8.5, 2, 6.5], "texture": "#0"},
				"west": {"uv": [2, 8.5, 2.5, 6.5], "texture": "#0"},
				"up": {"uv": [6, 7.5, 5.5, 7], "texture": "#0"},
				"down": {"uv": [7.5, 3.5, 7, 4], "texture": "#0"}
			}
		},
		{
			"from": [7.525, -4.78554, 6.16358],
			"to": [8.475, 2.21446, 7.16358],
			"rotation": {"angle": -45, "axis": "x", "origin": [8, -1.03554, 5.61358]},
			"faces": {
				"north": {"uv": [5.5, 3.5, 6, 0], "texture": "#0"},
				"east": {"uv": [6.5, 7, 6, 3.5], "texture": "#0"},
				"south": {"uv": [6, 3.5, 6.5, 0], "texture": "#0"},
				"west": {"uv": [6, 7, 6.5, 3.5], "texture": "#0"},
				"up": {"uv": [8, 0.5, 7.5, 0], "texture": "#0"},
				"down": {"uv": [7.5, 7, 7, 7.5], "texture": "#0"}
			}
		},
		{
			"from": [7.75, -4.75695, 7.64817],
			"to": [8.25, -1.75695, 8.64817],
			"rotation": {"angle": -22.5, "axis": "x", "origin": [8, -2.75695, 7.84817]},
			"faces": {
				"north": {"uv": [7, 3.5, 7.25, 2], "texture": "#0"},
				"east": {"uv": [4.5, 8, 4, 6.5], "texture": "#0"},
				"south": {"uv": [7, 6.5, 7.25, 5], "texture": "#0"},
				"west": {"uv": [4, 8, 4.5, 6.5], "texture": "#0"},
				"up": {"uv": [7.75, 6, 7.5, 5.5], "texture": "#0"},
				"down": {"uv": [5.75, 7.5, 5.5, 8], "texture": "#0"}
			}
		},
		{
			"from": [7.75, -1.86986, 4.93282],
			"to": [8.25, 2.13014, 5.93282],
			"rotation": {"angle": -22.5, "axis": "x", "origin": [8, -0.46986, 6.53282]},
			"faces": {
				"north": {"uv": [6.5, 8.5, 6.75, 6.5], "texture": "#0"},
				"east": {"uv": [3.5, 8.5, 3, 6.5], "texture": "#0"},
				"south": {"uv": [7, 2, 7.25, 0], "texture": "#0"},
				"west": {"uv": [3, 8.5, 3.5, 6.5], "texture": "#0"},
				"up": {"uv": [7.75, 6.5, 7.5, 6], "texture": "#0"},
				"down": {"uv": [6.25, 7.5, 6, 8], "texture": "#0"}
			}
		},
		{
			"from": [8, -4, 8.9],
			"to": [8, 9, 13.9],
			"rotation": {"angle": 0, "axis": "y", "origin": [0, 2, 0]},
			"faces": {
				"north": {"uv": [0, 6.5, 0, 0], "texture": "#0"},
				"east": {"uv": [5, 6.5, 2.5, 0], "texture": "#0"},
				"south": {"uv": [0, 6.5, 0, 0], "texture": "#0"},
				"west": {"uv": [2.5, 6.5, 5, 0], "texture": "#0"},
				"up": {"uv": [0, 2.5, 0, 0], "texture": "#0"},
				"down": {"uv": [0, 0, 0, 2.5], "texture": "#0"}
			}
		},
		{
			"from": [8.775, -5.28554, 6.08858],
			"to": [8.775, 2.21446, 7.58858],
			"rotation": {"angle": -45, "axis": "x", "origin": [8, -1.03554, 5.61358]},
			"faces": {
				"north": {"uv": [5.5, 3.75, 5.5, 0], "texture": "#0"},
				"east": {"uv": [8.75, 7.25, 8, 3.5], "texture": "#0"},
				"south": {"uv": [6, 3.75, 6, 0], "texture": "#0"},
				"west": {"uv": [8, 7.25, 8.75, 3.5], "texture": "#0"},
				"up": {"uv": [7.5, 0.75, 7.5, 0], "texture": "#0"},
				"down": {"uv": [7, 7, 7, 7.75], "texture": "#0"}
			}
		},
		{
			"from": [7.275, -5.28554, 6.08858],
			"to": [7.275, 2.21446, 7.58858],
			"rotation": {"angle": -45, "axis": "x", "origin": [8, -1.03554, 5.61358]},
			"faces": {
				"north": {"uv": [5.5, 3.75, 5.5, 0], "texture": "#0"},
				"east": {"uv": [8.75, 7.25, 8, 3.5], "texture": "#0"},
				"south": {"uv": [6, 3.75, 6, 0], "texture": "#0"},
				"west": {"uv": [8, 7.25, 8.75, 3.5], "texture": "#0"},
				"up": {"uv": [7.5, 0.75, 7.5, 0], "texture": "#0"},
				"down": {"uv": [7, 7, 7, 7.75], "texture": "#0"}
			}
		},
		{
			"from": [7.275, -4.38147, 5.92121],
			"to": [8.775, 3.11853, 5.92121],
			"rotation": {"angle": -45, "axis": "x", "origin": [8.775, -0.38147, 6.62121]},
			"faces": {
				"north": {"uv": [9.5, 7.25, 8.75, 3.5], "texture": "#0"},
				"east": {"uv": [6, 3.75, 6, 0], "texture": "#0"},
				"south": {"uv": [8.75, 7.25, 9.5, 3.5], "texture": "#0"},
				"west": {"uv": [5.5, 3.75, 5.5, 0], "texture": "#0"},
				"up": {"uv": [7.5, 0, 7.5, 0.75], "rotation": 90, "texture": "#0"},
				"down": {"uv": [7, 7.75, 7, 7], "rotation": 270, "texture": "#0"}
			}
		},
		{
			"from": [7.5, 5.75, 3.75],
			"to": [8.5, 6.75, 6.25],
			"rotation": {"angle": 0, "axis": "y", "origin": [8.5, 6.84724, 5.51798]},
			"faces": {
				"north": {"uv": [6, 7.5, 6.5, 7], "texture": "#0"},
				"east": {"uv": [7.75, 5, 6.5, 4.5], "texture": "#0"},
				"south": {"uv": [7, 7, 7.5, 6.5], "texture": "#0"},
				"west": {"uv": [6.5, 5, 7.75, 4.5], "texture": "#0"},
				"up": {"uv": [7, 6.25, 6.5, 5], "texture": "#0"},
				"down": {"uv": [5, 6.5, 4.5, 7.75], "texture": "#0"}
			}
		},
		{
			"from": [7.75, 6.32231, 3.03373],
			"to": [8.25, 6.82231, 4.53373],
			"rotation": {"angle": 45, "axis": "x", "origin": [8, 6.67231, 3.63373]},
			"faces": {
				"north": {"uv": [7.5, 6.75, 7.75, 6.5], "texture": "#0"},
				"east": {"uv": [8.25, 1.25, 7.5, 1], "texture": "#0"},
				"south": {"uv": [7, 7.75, 7.25, 7.5], "texture": "#0"},
				"west": {"uv": [7.5, 1.25, 8.25, 1], "texture": "#0"},
				"up": {"uv": [7.5, 2.25, 7.75, 1.5], "texture": "#0"},
				"down": {"uv": [7.75, 1.5, 7.5, 2.25], "texture": "#0"}
			}
		}
	],
	"display": {
		"thirdperson_righthand": {
			"translation": [0.25, -3, 3]
		},
		"thirdperson_lefthand": {
			"translation": [0.25, -3, 3]
		},
		"firstperson_righthand": {
			"rotation": [20, 0, 0],
			"translation": [4.5, 1.75, 0],
			"scale": [1.25, 1.25, 1.25]
		},
		"firstperson_lefthand": {
			"rotation": [20, 0, 0],
			"translation": [4.5, 1.75, 0],
			"scale": [1.25, 1.25, 1.25]
		},
		"ground": {
			"rotation": [45, 0, 0],
			"translation": [0, 1.25, -1.75],
			"scale": [0.35, 0.35, 0.35]
		},
		"gui": {
			"rotation": [90, 51.75, 90],
			"translation": [0.75, 0.75, 0],
			"scale": [0.55, 0.55, 0.55]
		},
		"head": {
			"scale": [0, 0, 0]
		},
		"fixed": {
			"rotation": [90, -45, 90],
			"translation": [0.75, -0.25, -0.5],
			"scale": [0.75, 0.75, 0.75]
		}
	}
}