{"credit":"Made with Blockbench","texture_size":[32,32],"textures":{"0":"mimix_stray:tools/stray_fishing_rod/rod/stray_fishing_rod","1":"mimix_stray:tools/stray_fishing_rod/rod/stray_fishing_rod1","particle":"mimix_stray:tools/stray_fishing_rod/rod/stray_fishing_rod"},"elements":[{"from":[7.75,2,7.5],"to":[8.25,9,8.5],"rotation":{"angle":0,"axis":"y","origin":[0,1,0]},"faces":{"north":{"uv":[5.5,7.5,5.75,11],"texture":"#0"},"east":{"uv":[6.5,3.5,6,7],"texture":"#0"},"south":{"uv":[8.5,1,8.75,4.5],"texture":"#0"},"west":{"uv":[6,3.5,6.5,7],"texture":"#0"},"up":{"uv":[6.75,10.5,6.5,10],"texture":"#0"},"down":{"uv":[7.25,10,7,10.5],"texture":"#0"}}},{"from":[7.5,1,7.25],"to":[8.5,2.5,8.75],"rotation":{"angle":-45,"axis":"x","origin":[8,1.75,8]},"faces":{"north":{"uv":[10,0,9.5,0.75],"texture":"#0"},"east":{"uv":[9.75,2,9,2.75],"texture":"#0"},"south":{"uv":[8,9,8.5,9.75],"texture":"#0"},"west":{"uv":[9,2,9.75,2.75],"texture":"#0"},"up":{"uv":[8,9.75,8.5,9],"texture":"#0"},"down":{"uv":[10,0,9.5,0.75],"texture":"#0"}}},{"from":[7.25,9.25,6.5],"to":[8.75,10.75,9.5],"rotation":{"angle":0,"axis":"y","origin":[8,9.66533,5.58869]},"faces":{"north":{"uv":[9,3,9.75,3.75],"texture":"#0"},"east":{"uv":[5.5,7.5,4,8.25],"texture":"#0"},"south":{"uv":[9,3,9.75,3.75],"texture":"#0"},"west":{"uv":[4,7.5,5.5,8.25],"texture":"#0"},"up":{"uv":[8.25,5.5,7.5,4],"texture":"#0"},"down":{"uv":[8.25,5.5,7.5,7],"texture":"#0"}}},{"from":[7.5,10.75,7.25],"to":[8.5,15.75,8.75],"rotation":{"angle":0,"axis":"y","origin":[8,9.66533,5.58869]},"faces":{"north":{"uv":[6,7,6.5,9.5],"texture":"#0"},"east":{"uv":[1.75,5,1,7.5],"texture":"#0"},"south":{"uv":[0,7.5,0.5,10],"texture":"#0"},"west":{"uv":[1,5,1.75,7.5],"texture":"#0"},"up":{"uv":[5.5,10.25,5,9.5],"texture":"#0"},"down":{"uv":[6.5,9.5,6,10.25],"texture":"#0"}}},{"from":[8,10.75,1.6],"to":[8,20,7.6],"rotation":{"angle":0,"axis":"y","origin":[8,9.66533,5.58869]},"faces":{"north":{"uv":[0,0,0,4.75],"texture":"#0"},"east":{"uv":[6,0,3,4.75],"texture":"#0"},"south":{"uv":[0,0,0,4.75],"texture":"#0"},"west":{"uv":[3,0,6,4.75],"texture":"#0"},"up":{"uv":[0,3,0,0],"texture":"#0"},"down":{"uv":[0,0,0,3],"texture":"#0"}}},{"from":[7.75,15.5,6.4],"to":[8.25,20.5,7.4],"rotation":{"angle":-22.5,"axis":"x","origin":[8,18.25,8]},"faces":{"north":{"uv":[8.5,5.5,8.75,8],"texture":"#0"},"east":{"uv":[1.5,7.5,1,10],"texture":"#0"},"south":{"uv":[8.5,8,8.75,10.5],"texture":"#0"},"west":{"uv":[1,7.5,1.5,10],"texture":"#0"},"up":{"uv":[10.25,8,10,7.5],"texture":"#0"},"down":{"uv":[8.25,10,8,10.5],"texture":"#0"}}},{"from":[7.75,19,5.4],"to":[8.25,19.5,6.4],"rotation":{"angle":-22.5,"axis":"x","origin":[8,18.25,8]},"faces":{"north":{"uv":[10.5,4.5,10.75,4.75],"texture":"#0"},"east":{"uv":[10.5,0,11,0.25],"texture":"#0"},"south":{"uv":[10.5,4.5,10.75,4.75],"texture":"#0"},"west":{"uv":[10.5,0,11,0.25],"texture":"#0"},"up":{"uv":[0.75,11,0.5,10.5],"texture":"#0"},"down":{"uv":[0.75,11,0.5,10.5],"texture":"#0"}}},{"from":[7.75,15.95,5.4],"to":[8.25,16.45,6.4],"rotation":{"angle":-22.5,"axis":"x","origin":[8,18.25,8]},"faces":{"north":{"uv":[10.5,5,10.75,5.25],"texture":"#0"},"east":{"uv":[10.5,1,11,1.25],"texture":"#0"},"south":{"uv":[10.5,5,10.75,5.25],"texture":"#0"},"west":{"uv":[10.5,1,11,1.25],"texture":"#0"},"up":{"uv":[10.75,2,10.5,1.5],"texture":"#0"},"down":{"uv":[10.75,2,10.5,1.5],"texture":"#0"}}},{"from":[7.75,11.75046,6.36021],"to":[8.25,12.25046,7.36021],"rotation":{"angle":0,"axis":"y","origin":[8,15.77546,6.86021]},"faces":{"north":{"uv":[6,10.5,6.25,10.75],"texture":"#0"},"east":{"uv":[2.5,10.5,3,10.75],"texture":"#0"},"south":{"uv":[6,10.5,6.25,10.75],"texture":"#0"},"west":{"uv":[2.5,10.5,3,10.75],"texture":"#0"},"up":{"uv":[3.25,11,3,10.5],"texture":"#0"},"down":{"uv":[3.25,11,3,10.5],"texture":"#0"}}},{"from":[7.75,13.75046,6.36021],"to":[8.25,14.25046,7.36021],"rotation":{"angle":0,"axis":"y","origin":[8,15.77546,6.86021]},"faces":{"north":{"uv":[6.5,10.5,6.75,10.75],"texture":"#0"},"east":{"uv":[10.5,3.5,11,3.75],"texture":"#0"},"south":{"uv":[6.5,10.5,6.75,10.75],"texture":"#0"},"west":{"uv":[10.5,3.5,11,3.75],"texture":"#0"},"up":{"uv":[4.25,11,4,10.5],"texture":"#0"},"down":{"uv":[4.25,11,4,10.5],"texture":"#0"}}},{"from":[7.5,9.7422,8.66251],"to":[8.5,11.2422,10.66251],"rotation":{"angle":-22.5,"axis":"x","origin":[8,10.66533,10.03869]},"faces":{"north":{"uv":[9.5,6.5,10,7.25],"texture":"#0"},"east":{"uv":[4.5,8.5,3.5,9.25],"texture":"#0"},"south":{"uv":[9.5,7.5,10,8.25],"texture":"#0"},"west":{"uv":[3.5,8.5,4.5,9.25],"texture":"#0"},"up":{"uv":[7,10,6.5,9],"texture":"#0"},"down":{"uv":[9.5,6.5,9,7.5],"texture":"#0"}}},{"from":[7.75,10.21714,10.21361],"to":[8.25,11.21714,11.71361],"rotation":{"angle":22.5,"axis":"x","origin":[8,10.71714,10.46361]},"faces":{"north":{"uv":[10,8,10.25,8.5],"texture":"#0"},"east":{"uv":[9.75,9.5,9,10],"texture":"#0"},"south":{"uv":[9,10,9.25,10.5],"texture":"#0"},"west":{"uv":[9,9.5,9.75,10],"texture":"#0"},"up":{"uv":[10.25,3.75,10,3],"texture":"#0"},"down":{"uv":[10.25,4,10,4.75],"texture":"#0"}}},{"from":[7.5,9.7422,5.33749],"to":[8.5,11.2422,7.33749],"rotation":{"angle":22.5,"axis":"x","origin":[8,10.66533,5.96131]},"faces":{"north":{"uv":[9.5,7.5,10,8.25],"texture":"#0"},"east":{"uv":[3.5,8.5,4.5,9.25],"texture":"#0"},"south":{"uv":[9.5,6.5,10,7.25],"texture":"#0"},"west":{"uv":[4.5,8.5,3.5,9.25],"texture":"#0"},"up":{"uv":[7,9,6.5,10],"texture":"#0"},"down":{"uv":[9,7.5,9.5,6.5],"texture":"#0"}}},{"from":[7.75,10.0258,4.32445],"to":[8.25,11.0258,5.82445],"rotation":{"angle":-22.5,"axis":"x","origin":[8,10.5258,5.07445]},"faces":{"north":{"uv":[9,10,9.25,10.5],"texture":"#0"},"east":{"uv":[9,9.5,9.75,10],"texture":"#0"},"south":{"uv":[10,8,10.25,8.5],"texture":"#0"},"west":{"uv":[9.75,9.5,9,10],"texture":"#0"},"up":{"uv":[10,3,10.25,3.75],"texture":"#0"},"down":{"uv":[10.25,4,10,4.75],"texture":"#0"}}},{"from":[7.5,7.75,7.25],"to":[8.5,8.25,8.75],"rotation":{"angle":0,"axis":"y","origin":[0,0.25,0]},"faces":{"north":{"uv":[7.5,10,8,10.25],"texture":"#0"},"east":{"uv":[10,2.5,10.75,2.75],"texture":"#0"},"south":{"uv":[7.5,10,8,10.25],"texture":"#0"},"west":{"uv":[10,2.5,10.75,2.75],"texture":"#0"},"up":{"uv":[5,10.25,4.5,9.5],"texture":"#0"},"down":{"uv":[5,10.25,4.5,9.5],"texture":"#0"}}},{"from":[7.5,8.5,7.25],"to":[8.5,9.5,8.75],"rotation":{"angle":0,"axis":"y","origin":[0,0.25,0]},"faces":{"north":{"uv":[10,2,10.5,2.5],"texture":"#0"},"east":{"uv":[2.5,9.5,3.25,10],"texture":"#0"},"south":{"uv":[10,2,10.5,2.5],"texture":"#0"},"west":{"uv":[2.5,9.5,3.25,10],"texture":"#0"},"up":{"uv":[4,10.25,3.5,9.5],"texture":"#0"},"down":{"uv":[4.5,9.5,4,10.25],"texture":"#0"}}},{"from":[9,8.8,6.25],"to":[9,10.8,9.75],"rotation":{"angle":0,"axis":"y","origin":[8,9.66533,5.58869]},"faces":{"north":{"uv":[0,0,0,1],"texture":"#0"},"east":{"uv":[8.25,1,6.5,2],"texture":"#0"},"south":{"uv":[0,0,0,1],"texture":"#0"},"west":{"uv":[6.5,1,8.25,2],"texture":"#0"},"up":{"uv":[0,1.75,0,0],"texture":"#0"},"down":{"uv":[0,0,0,1.75],"texture":"#0"}}},{"from":[7,8.8,6.25],"to":[7,10.8,9.75],"rotation":{"angle":0,"axis":"y","origin":[8,9.66533,5.58869]},"faces":{"north":{"uv":[0,0,0,1],"texture":"#0"},"east":{"uv":[8.25,1,6.5,2],"texture":"#0"},"south":{"uv":[0,0,0,1],"texture":"#0"},"west":{"uv":[6.5,1,8.25,2],"texture":"#0"},"up":{"uv":[0,1.75,0,0],"texture":"#0"},"down":{"uv":[0,0,0,1.75],"texture":"#0"}}},{"from":[7,10.8,6.25],"to":[9,10.8,9.75],"rotation":{"angle":0,"axis":"y","origin":[8,9.75,8]},"faces":{"north":{"uv":[0,0,1,0],"texture":"#0"},"east":{"uv":[0,0,1.75,0],"texture":"#0"},"south":{"uv":[0,0,1,0],"texture":"#0"},"west":{"uv":[0,0,1.75,0],"texture":"#0"},"up":{"uv":[7.5,5.75,6.5,4],"texture":"#0"},"down":{"uv":[7.5,5.75,6.5,4],"texture":"#0"}}},{"from":[7,8.8,6.25],"to":[9,10.8,6.25],"rotation":{"angle":0,"axis":"y","origin":[7,10,8]},"faces":{"north":{"uv":[7.5,7,8.5,8],"texture":"#0"},"east":{"uv":[0,0,0,1],"texture":"#0"},"south":{"uv":[8.5,7,7.5,8],"texture":"#0"},"west":{"uv":[0,0,0,1],"texture":"#0"},"up":{"uv":[1,0,0,0],"texture":"#0"},"down":{"uv":[1,0,0,0],"texture":"#0"}}},{"from":[7,8.8,9.75],"to":[9,10.8,9.75],"rotation":{"angle":0,"axis":"y","origin":[7,10,8]},"faces":{"north":{"uv":[8.5,7,7.5,8],"texture":"#0"},"east":{"uv":[0,0,0,1],"texture":"#0"},"south":{"uv":[7.5,7,8.5,8],"texture":"#0"},"west":{"uv":[0,0,0,1],"texture":"#0"},"up":{"uv":[1,0,0,0],"texture":"#0"},"down":{"uv":[1,0,0,0],"texture":"#0"}}},{"from":[7.525,20.23173,5.02426],"to":[8.475,20.23173,6.52426],"rotation":{"angle":-22.5,"axis":"x","origin":[8,20.65673,6.62426]},"faces":{"north":{"uv":[0,0,0.5,0],"texture":"#0"},"east":{"uv":[0,0,0.75,0],"texture":"#0"},"south":{"uv":[0,0,0.5,0],"texture":"#0"},"west":{"uv":[0,0,0.75,0],"texture":"#0"},"up":{"uv":[10.5,1.75,10,1],"texture":"#0"},"down":{"uv":[10.5,1,10,1.75],"texture":"#0"}}},{"from":[7.525,15.17308,7.7294],"to":[8.475,20.17308,7.7294],"rotation":{"angle":-22.5,"axis":"x","origin":[8.475,17.59808,7.0794]},"faces":{"north":{"uv":[2,7.5,2.5,10],"texture":"#0"},"east":{"uv":[0,0,0,2.5],"texture":"#0"},"south":{"uv":[2,7.5,2.5,10],"texture":"#0"},"west":{"uv":[0,0,0,2.5],"texture":"#0"},"up":{"uv":[0.5,0,0,0],"texture":"#0"},"down":{"uv":[0.5,0,0,0],"texture":"#0"}}},{"from":[8.475,15.575,6.05],"to":[8.475,20.575,7.55],"rotation":{"angle":-22.5,"axis":"x","origin":[8,18.25,8]},"faces":{"north":{"uv":[0,0,0,2.5],"texture":"#0"},"east":{"uv":[4,5,4.75,7.5],"texture":"#0"},"south":{"uv":[0,0,0,2.5],"texture":"#0"},"west":{"uv":[4.75,5,4,7.5],"texture":"#0"},"up":{"uv":[0,0.75,0,0],"texture":"#0"},"down":{"uv":[0,0,0,0.75],"texture":"#0"}}},{"from":[7.525,15.575,6.05],"to":[7.525,20.575,7.55],"rotation":{"angle":-22.5,"axis":"x","origin":[8,18.25,8]},"faces":{"north":{"uv":[0,0,0,2.5],"texture":"#0"},"east":{"uv":[4,5,4.75,7.5],"texture":"#0"},"south":{"uv":[0,0,0,2.5],"texture":"#0"},"west":{"uv":[4.75,5,4,7.5],"texture":"#0"},"up":{"uv":[0,0.75,0,0],"texture":"#0"},"down":{"uv":[0,0,0,0.75],"texture":"#0"}}},{"name":"Animation2","from":[4,10.11612,3.88388],"to":[12,10.11612,11.88388],"rotation":{"angle":-45,"axis":"x","origin":[8,10.11612,7.88388]},"faces":{"north":{"uv":[0,0,4,0],"rotation":180,"texture":"#missing"},"east":{"uv":[0,0,0,4],"rotation":90,"texture":"#missing"},"south":{"uv":[0,0,4,0],"texture":"#missing"},"west":{"uv":[0,0,0,4],"rotation":270,"texture":"#missing"},"up":{"uv":[0,16,16,0],"texture":"#1"},"down":{"uv":[0,0,16,16],"texture":"#1"}}},{"name":"Animation1","from":[4,10.11612,3.88388],"to":[12,10.11612,11.88388],"rotation":{"angle":45,"axis":"x","origin":[8,10.11612,7.88388]},"faces":{"north":{"uv":[0,0,4,0],"rotation":180,"texture":"#missing"},"east":{"uv":[0,0,0,4],"rotation":90,"texture":"#missing"},"south":{"uv":[0,0,4,0],"texture":"#missing"},"west":{"uv":[0,0,0,4],"rotation":270,"texture":"#missing"},"up":{"uv":[0,0,16,16],"texture":"#1"},"down":{"uv":[16,0,0,16],"texture":"#1"}}}],"display":{"thirdperson_righthand":{"translation":[0,1.5,0.75],"scale":[1.25,1.25,1.25]},"thirdperson_lefthand":{"translation":[-0.25,1,0.5],"scale":[1.25,1.25,1.25]},"firstperson_righthand":{"translation":[3,1.5,0],"scale":[0.85,0.85,0.85]},"firstperson_lefthand":{"translation":[3,1.5,0],"scale":[0.85,0.85,0.85]},"ground":{"rotation":[-45,0,0],"scale":[0.55,0.55,0.55]},"gui":{"rotation":[-90,-55,-90],"translation":[-2.25,-1.5,0],"scale":[0.9,0.9,0.9]},"head":{"scale":[0,0,0]},"fixed":{"rotation":[-90,55,90],"translation":[2.25,-1.75,-0.5]}},"groups":[0,1,2,3,4,5,6,7,8,9,10,11,12,13,14,15,{"name":"Layer","origin":[8,9.66533,5.58869],"color":0,"children":[16,17,18,19,20,21,22,23,24]},25,26]}