{"credit":"Made with Blockbench","texture_size":[32,32],"textures":{"0":"mimix_stray:tools/stray_axe/stray_axe","1":"mimix_stray:tools/stray_axe/stray_axe1","particle":"mimix_stray:tools/stray_axe/stray_axe"},"elements":[{"from":[7.75,1,7.5],"to":[8.25,10,8.5],"faces":{"north":{"uv":[0,0,0.25,4.5],"texture":"#0"},"east":{"uv":[1,0,0.5,4.5],"texture":"#0"},"south":{"uv":[0.25,0,0.5,4.5],"texture":"#0"},"west":{"uv":[0.5,0,1,4.5],"texture":"#0"},"up":{"uv":[8.25,2.5,8,2],"texture":"#0"},"down":{"uv":[2.75,8,2.5,8.5],"texture":"#0"}}},{"from":[7.75,9.3,3],"to":[8.25,12.3,6],"rotation":{"angle":0,"axis":"y","origin":[8,9.71533,5.83869]},"faces":{"north":{"uv":[5,7,5.25,8.5],"texture":"#0"},"east":{"uv":[2.5,1.5,1,3],"texture":"#0"},"south":{"uv":[5.5,7,5.75,8.5],"texture":"#0"},"west":{"uv":[1,1.5,2.5,3],"texture":"#0"},"up":{"uv":[7.25,7,7,5.5],"texture":"#0"},"down":{"uv":[7,5.5,7.25,7],"texture":"#0"}}},{"from":[7.775,11.55,3.5],"to":[8.225,14.05,6],"rotation":{"angle":22.5,"axis":"x","origin":[8,12.8,4.5]},"faces":{"north":{"uv":[3.5,7.5,3.75,8.75],"texture":"#0"},"east":{"uv":[3.75,4.25,2.5,3],"texture":"#0"},"south":{"uv":[7.5,3.5,7.75,4.75],"texture":"#0"},"west":{"uv":[2.5,4.25,3.75,3],"texture":"#0"},"up":{"uv":[4.25,8.75,4,7.5],"texture":"#0"},"down":{"uv":[4.75,7.5,4.5,8.75],"texture":"#0"}}},{"from":[7.775,11.55,3.5],"to":[8.225,14.05,6],"rotation":{"angle":22.5,"axis":"x","origin":[8,12.8,4.5]},"faces":{"north":{"uv":[3.5,7.5,3.75,8.75],"texture":"#0"},"east":{"uv":[3.75,4.25,2.5,3],"texture":"#0"},"south":{"uv":[7.5,3.5,7.75,4.75],"texture":"#0"},"west":{"uv":[2.5,4.25,3.75,3],"texture":"#0"},"up":{"uv":[4.25,8.75,4,7.5],"texture":"#0"},"down":{"uv":[4.75,7.5,4.5,8.75],"texture":"#0"}}},{"from":[8.475,11.65,3.25],"to":[8.475,14.15,6.25],"rotation":{"angle":22.5,"axis":"x","origin":[8,12.8,4.5]},"faces":{"north":{"uv":[3.5,7.5,3.5,8.75],"texture":"#0"},"east":{"uv":[5.5,3.25,4,2],"texture":"#0"},"south":{"uv":[7.5,3.5,7.5,4.75],"texture":"#0"},"west":{"uv":[4,3.25,5.5,2],"texture":"#0"},"up":{"uv":[4,9,4,7.5],"texture":"#0"},"down":{"uv":[4.5,7.5,4.5,9],"texture":"#0"}}},{"from":[7.525,13.93254,3.84326],"to":[8.475,13.93254,6.84326],"rotation":{"angle":22.5,"axis":"x","origin":[8.375,14.18254,5.34326]},"faces":{"north":{"uv":[3.5,7.5,3.5,8],"rotation":90,"texture":"#0"},"east":{"uv":[4.5,7.5,4.5,9],"rotation":270,"texture":"#0"},"south":{"uv":[7.5,3.5,7.5,4],"rotation":270,"texture":"#0"},"west":{"uv":[4,9,4,7.5],"rotation":270,"texture":"#0"},"up":{"uv":[4,1.5,2.5,1],"rotation":270,"texture":"#0"},"down":{"uv":[2.5,1.5,4,1],"rotation":270,"texture":"#0"}}},{"from":[7.525,11.65,3.25],"to":[7.525,14.15,6.25],"rotation":{"angle":22.5,"axis":"x","origin":[8,12.8,4.5]},"faces":{"north":{"uv":[3.5,7.5,3.5,8.75],"texture":"#0"},"east":{"uv":[5.5,3.25,4,2],"texture":"#0"},"south":{"uv":[7.5,3.5,7.5,4.75],"texture":"#0"},"west":{"uv":[4,3.25,5.5,2],"texture":"#0"},"up":{"uv":[4,9,4,7.5],"texture":"#0"},"down":{"uv":[4.5,7.5,4.5,9],"texture":"#0"}}},{"from":[7.525,12.50343,3.45954],"to":[8.475,15.00343,3.45954],"rotation":{"angle":22.5,"axis":"x","origin":[7.625,13.75343,2.45954]},"faces":{"north":{"uv":[2.5,2,3.75,1.5],"rotation":270,"texture":"#0"},"east":{"uv":[4,8.75,4,7.5],"rotation":180,"texture":"#0"},"south":{"uv":[3.75,2,2.5,1.5],"rotation":90,"texture":"#0"},"west":{"uv":[4.5,7.5,4.5,8.75],"texture":"#0"},"up":{"uv":[7.5,3.5,7.5,4],"rotation":90,"texture":"#0"},"down":{"uv":[3.5,7.5,3.5,8],"rotation":90,"texture":"#0"}}},{"from":[7.525,12.50343,6.45954],"to":[8.475,15.00343,6.45954],"rotation":{"angle":22.5,"axis":"x","origin":[7.625,13.75343,2.45954]},"faces":{"north":{"uv":[2.5,2.5,3.75,2],"rotation":270,"texture":"#0"},"east":{"uv":[4,8.75,4,7.5],"rotation":180,"texture":"#0"},"south":{"uv":[3.75,2.5,2.5,2],"rotation":90,"texture":"#0"},"west":{"uv":[4.5,7.5,4.5,8.75],"texture":"#0"},"up":{"uv":[7.5,3.5,7.5,4],"rotation":90,"texture":"#0"},"down":{"uv":[3.5,7.5,3.5,8],"rotation":90,"texture":"#0"}}},{"from":[7.775,7.55,3.5],"to":[8.225,10.05,6],"rotation":{"angle":-22.5,"axis":"x","origin":[8,8.8,4.5]},"faces":{"north":{"uv":[3.5,8.75,3.75,7.5],"texture":"#0"},"east":{"uv":[3.75,3,2.5,4.25],"texture":"#0"},"south":{"uv":[7.5,4.75,7.75,3.5],"texture":"#0"},"west":{"uv":[2.5,3,3.75,4.25],"texture":"#0"},"up":{"uv":[4.75,8.75,4.5,7.5],"texture":"#0"},"down":{"uv":[4,7.5,4.25,8.75],"texture":"#0"}}},{"from":[7.25,9.5,6.75],"to":[8.75,11,9.25],"rotation":{"angle":0,"axis":"y","origin":[8,9.66533,5.58869]},"faces":{"north":{"uv":[6.5,2,7.25,2.75],"texture":"#0"},"east":{"uv":[6.75,1,5.5,1.75],"texture":"#0"},"south":{"uv":[6.5,2,7.25,2.75],"texture":"#0"},"west":{"uv":[5.5,1,6.75,1.75],"texture":"#0"},"up":{"uv":[2.75,6.75,2,5.5],"texture":"#0"},"down":{"uv":[6.25,2,5.5,3.25],"texture":"#0"}}},{"from":[7.5,8.75,7.25],"to":[8.5,9.75,8.75],"rotation":{"angle":0,"axis":"y","origin":[0,0.25,0]},"faces":{"north":{"uv":[5.5,3.5,6,4],"texture":"#0"},"east":{"uv":[2,7,2.75,7.5],"texture":"#0"},"south":{"uv":[6,3.5,5.5,4],"texture":"#0"},"west":{"uv":[2,7,2.75,7.5],"texture":"#0"},"up":{"uv":[7.5,4.25,7,3.5],"texture":"#0"},"down":{"uv":[7.5,4.5,7,5.25],"texture":"#0"}}},{"from":[7.5,0,7.25],"to":[8.5,1.5,8.75],"rotation":{"angle":-45,"axis":"x","origin":[8,0.75,8]},"faces":{"north":{"uv":[7.5,0,7,0.75],"texture":"#0"},"east":{"uv":[5.75,6,5,6.75],"texture":"#0"},"south":{"uv":[6.5,6.5,7,7.25],"texture":"#0"},"west":{"uv":[5,6,5.75,6.75],"texture":"#0"},"up":{"uv":[7,7.25,6.5,6.5],"texture":"#0"},"down":{"uv":[7.5,0,7,0.75],"texture":"#0"}}},{"from":[7.5,8,7.25],"to":[8.5,8.5,8.75],"rotation":{"angle":0,"axis":"y","origin":[0,0.25,0]},"faces":{"north":{"uv":[3,8,3.5,8.25],"texture":"#0"},"east":{"uv":[8,0.5,8.75,0.75],"texture":"#0"},"south":{"uv":[3,8,3.5,8.25],"texture":"#0"},"west":{"uv":[8,0.5,8.75,0.75],"texture":"#0"},"up":{"uv":[1,7.75,0.5,7],"texture":"#0"},"down":{"uv":[1,7.75,0.5,7],"texture":"#0"}}},{"from":[7.5,9.9922,8.46251],"to":[8.5,11.4922,10.46251],"rotation":{"angle":-22.5,"axis":"x","origin":[8,10.66533,9.83869]},"faces":{"north":{"uv":[7.5,0,8,0.75],"texture":"#0"},"east":{"uv":[6,3.5,7,4.25],"texture":"#0"},"south":{"uv":[7.5,1,8,1.75],"texture":"#0"},"west":{"uv":[7,3.5,6,4.25],"texture":"#0"},"up":{"uv":[3.5,7.5,3,6.5],"texture":"#0"},"down":{"uv":[4,6.5,3.5,7.5],"texture":"#0"}}},{"from":[7.75,10.21714,9.76361],"to":[8.25,11.21714,11.26361],"rotation":{"angle":22.5,"axis":"x","origin":[8,10.71714,10.26361]},"faces":{"north":{"uv":[8,3.5,8.25,4],"texture":"#0"},"east":{"uv":[8.25,3,7.5,3.5],"texture":"#0"},"south":{"uv":[8,4,8.25,4.5],"texture":"#0"},"west":{"uv":[7.5,3,8.25,3.5],"texture":"#0"},"up":{"uv":[0.75,8.75,0.5,8],"texture":"#0"},"down":{"uv":[8.25,1,8,1.75],"texture":"#0"}}},{"from":[7.5,9.9922,5.53749],"to":[8.5,11.4922,7.53749],"rotation":{"angle":22.5,"axis":"x","origin":[8,10.66533,6.16131]},"faces":{"north":{"uv":[2,7.5,2.5,8.25],"texture":"#0"},"east":{"uv":[7,4.25,6,5],"texture":"#0"},"south":{"uv":[7.5,2,8,2.75],"texture":"#0"},"west":{"uv":[6,4.25,7,5],"texture":"#0"},"up":{"uv":[4.5,7.5,4,6.5],"texture":"#0"},"down":{"uv":[5,6.5,4.5,7.5],"texture":"#0"}}},{"from":[7,9.1,6.5],"to":[7,11.1,9.5],"rotation":{"angle":0,"axis":"y","origin":[8,9.66533,5.58869]},"faces":{"north":{"uv":[0,0,0,1],"texture":"#0"},"east":{"uv":[5.5,1,4,2],"texture":"#0"},"south":{"uv":[0,0,0,1],"texture":"#0"},"west":{"uv":[4,1,5.5,2],"texture":"#0"},"up":{"uv":[0,1.5,0,0],"texture":"#0"},"down":{"uv":[0,0,0,1.5],"texture":"#0"}}},{"from":[7,11.1,6.5],"to":[9,11.1,9.5],"rotation":{"angle":0,"axis":"y","origin":[9,10.25,8]},"faces":{"north":{"uv":[0,0,1,0],"texture":"#0"},"east":{"uv":[0,0,1.5,0],"texture":"#0"},"south":{"uv":[0,0,1,0],"texture":"#0"},"west":{"uv":[0,0,1.5,0],"texture":"#0"},"up":{"uv":[5,5.5,4,4],"texture":"#0"},"down":{"uv":[5,4,4,5.5],"texture":"#0"}}},{"from":[9,9.1,6.5],"to":[9,11.1,9.5],"rotation":{"angle":0,"axis":"y","origin":[8,9.66533,5.58869]},"faces":{"north":{"uv":[0,0,0,1],"texture":"#0"},"east":{"uv":[5.5,1,4,2],"texture":"#0"},"south":{"uv":[0,0,0,1],"texture":"#0"},"west":{"uv":[4,1,5.5,2],"texture":"#0"},"up":{"uv":[0,1.5,0,0],"texture":"#0"},"down":{"uv":[0,0,0,1.5],"texture":"#0"}}},{"from":[7,9.1,6.5],"to":[9,11.1,6.5],"rotation":{"angle":0,"axis":"y","origin":[8,9.66533,5.58869]},"faces":{"north":{"uv":[6,5,5,6],"texture":"#0"},"east":{"uv":[0,0,0,1],"texture":"#0"},"south":{"uv":[5,5,6,6],"texture":"#0"},"west":{"uv":[0,0,0,1],"texture":"#0"},"up":{"uv":[1,0,0,0],"texture":"#0"},"down":{"uv":[1,0,0,0],"texture":"#0"}}},{"from":[7,9.1,9.5],"to":[9,11.1,9.5],"rotation":{"angle":0,"axis":"y","origin":[8,9.66533,5.58869]},"faces":{"north":{"uv":[6,5,5,6],"texture":"#0"},"east":{"uv":[0,0,0,1],"texture":"#0"},"south":{"uv":[5,5,6,6],"texture":"#0"},"west":{"uv":[0,0,0,1],"texture":"#0"},"up":{"uv":[1,0,0,0],"texture":"#0"},"down":{"uv":[1,0,0,0],"texture":"#0"}}},{"name":"Animation2","from":[4,10.11612,3.88388],"to":[12,10.11612,11.88388],"rotation":{"angle":-45,"axis":"x","origin":[8,10.11612,7.88388]},"faces":{"north":{"uv":[0,0,4,0],"rotation":180,"texture":"#missing"},"east":{"uv":[0,0,0,4],"rotation":90,"texture":"#missing"},"south":{"uv":[0,0,4,0],"texture":"#missing"},"west":{"uv":[0,0,0,4],"rotation":270,"texture":"#missing"},"up":{"uv":[16,0,0,16],"texture":"#1"},"down":{"uv":[0,0,16,16],"texture":"#1"}}},{"name":"Animation1","from":[4,11,4.25],"to":[12,11,12.25],"rotation":{"angle":45,"axis":"x","origin":[8,11,7]},"faces":{"north":{"uv":[0,0,4,0],"rotation":180,"texture":"#missing"},"east":{"uv":[0,0,0,4],"rotation":90,"texture":"#missing"},"south":{"uv":[0,0,4,0],"texture":"#missing"},"west":{"uv":[0,0,0,4],"rotation":270,"texture":"#missing"},"up":{"uv":[0,0,16,16],"texture":"#1"},"down":{"uv":[16,0,0,16],"texture":"#1"}}}],"display":{"thirdperson_righthand":{"translation":[0,3,1],"scale":[1.25,1.25,1.25]},"thirdperson_lefthand":{"translation":[0,3,1],"scale":[1.25,1.25,1.25]},"firstperson_righthand":{"translation":[1.75,4.75,0],"scale":[1.25,1.25,1.25]},"firstperson_lefthand":{"translation":[1.75,4.75,0],"scale":[1.25,1.25,1.25]},"ground":{"rotation":[45,0,0],"translation":[0,-0.5,0],"scale":[0.55,0.55,0.55]},"gui":{"rotation":[90,45,-90],"translation":[0.25,-0.75,0]},"head":{"scale":[0,0,0]},"fixed":{"rotation":[90,-45,90],"translation":[-0.75,-0.5,-0.5]}},"groups":[0,1,2,3,4,5,6,7,8,9,10,11,12,13,14,15,16,{"name":"Layer","origin":[8,9.66533,5.58869],"color":0,"children":[17,18,19,20,21,22,23]}]}