{
	"credit": "Made with Blockbench",
	"texture_size": [32, 32],
	"textures": {
		"0": "mimix_stray:items/stray_wand/stray_wand",
		"1": "mimix_stray:items/stray_wand/stray_wand1",
		"2": "mimix_stray:items/stray_wand/stray_wand2",
		"3": "mimix_stray:items/stray_wand/stray_wand3",
		"particle": "mimix_stray:items/stray_wand/stray_wand"
	},
	"elements": [
		{
			"from": [7.75, 2, 7.5],
			"to": [8.25, 17, 8.5],
			"rotation": {"angle": 0, "axis": "y", "origin": [0, 1, 0]},
			"faces": {
				"north": {"uv": [2, 8, 2.25, 15.5], "texture": "#0"},
				"east": {"uv": [1, 8, 1.5, 15.5], "texture": "#0"},
				"south": {"uv": [2.5, 8, 2.75, 15.5], "texture": "#0"},
				"west": {"uv": [1.5, 8, 1, 15.5], "texture": "#0"},
				"up": {"uv": [3.25, 12, 3, 11.5], "texture": "#0"},
				"down": {"uv": [11.75, 3, 11.5, 3.5], "texture": "#0"}
			}
		},
		{
			"from": [7.5, 1, 7.25],
			"to": [8.5, 2.5, 8.75],
			"rotation": {"angle": -45, "axis": "x", "origin": [8, 1.75, 8]},
			"faces": {
				"north": {"uv": [10.5, 5.5, 11, 6.25], "texture": "#0"},
				"east": {"uv": [10, 9.5, 10.75, 10.25], "texture": "#0"},
				"south": {"uv": [7, 10.5, 6.5, 11.25], "texture": "#0"},
				"west": {"uv": [10.75, 9.5, 10, 10.25], "texture": "#0"},
				"up": {"uv": [7, 11.25, 6.5, 10.5], "texture": "#0"},
				"down": {"uv": [10.5, 5.5, 11, 6.25], "texture": "#0"}
			}
		},
		{
			"from": [7.5, 15, 7.25],
			"to": [8.5, 15.5, 8.75],
			"rotation": {"angle": 0, "axis": "y", "origin": [0, 1.25, 0]},
			"faces": {
				"north": {"uv": [3.5, 11.5, 4, 11.75], "texture": "#0"},
				"east": {"uv": [10, 11, 10.75, 11.25], "texture": "#0"},
				"south": {"uv": [3.5, 11.5, 4, 11.75], "texture": "#0"},
				"west": {"uv": [10, 11, 10.75, 11.25], "texture": "#0"},
				"up": {"uv": [11, 8.25, 10.5, 7.5], "texture": "#0"},
				"down": {"uv": [11, 8.25, 10.5, 7.5], "texture": "#0"}
			}
		},
		{
			"from": [7.5, 15.75, 7.25],
			"to": [8.5, 16.75, 8.75],
			"rotation": {"angle": 0, "axis": "y", "origin": [0, 1.25, 0]},
			"faces": {
				"north": {"uv": [4.5, 11, 5, 11.5], "texture": "#0"},
				"east": {"uv": [10.5, 2, 11.25, 2.5], "texture": "#0"},
				"south": {"uv": [4.5, 11, 5, 11.5], "texture": "#0"},
				"west": {"uv": [11.25, 2, 10.5, 2.5], "texture": "#0"},
				"up": {"uv": [11, 9.25, 10.5, 8.5], "texture": "#0"},
				"down": {"uv": [10, 10.5, 9.5, 11.25], "texture": "#0"}
			}
		},
		{
			"from": [7.25, 16.5, 6.75],
			"to": [8.75, 18, 9.25],
			"rotation": {"angle": 0, "axis": "y", "origin": [8, 9.66533, 5.58869]},
			"faces": {
				"north": {"uv": [10.5, 3.5, 11.25, 4.25], "texture": "#0"},
				"east": {"uv": [9, 5, 10.25, 5.75], "texture": "#0"},
				"south": {"uv": [10.5, 3.5, 11.25, 4.25], "texture": "#0"},
				"west": {"uv": [9, 5, 10.25, 5.75], "texture": "#0"},
				"up": {"uv": [6.75, 10.25, 6, 9], "texture": "#0"},
				"down": {"uv": [10.25, 6, 9.5, 7.25], "texture": "#0"}
			}
		},
		{
			"from": [7, 19, 7],
			"to": [9, 21, 9],
			"rotation": {"angle": 0, "axis": "y", "origin": [8, 9.66533, 5.58869]},
			"faces": {
				"north": {"uv": [0, 0, 8, 8], "texture": "#1"},
				"east": {"uv": [0, 0, 8, 8], "texture": "#1"},
				"south": {"uv": [0, 0, 8, 8], "texture": "#1"},
				"west": {"uv": [0, 0, 8, 8], "texture": "#1"},
				"up": {"uv": [0, 0, 8, 8], "texture": "#1"},
				"down": {"uv": [0, 0, 8, 8], "texture": "#1"}
			}
		},
		{
			"from": [7, 19, 7],
			"to": [9, 21, 9],
			"rotation": {"angle": -22.5, "axis": "y", "origin": [8, 20, 8]},
			"faces": {
				"north": {"uv": [8, 0, 16, 8], "texture": "#1"},
				"east": {"uv": [8, 0, 16, 8], "texture": "#1"},
				"south": {"uv": [8, 0, 16, 8], "texture": "#1"},
				"west": {"uv": [8, 0, 16, 8], "texture": "#1"},
				"up": {"uv": [8, 0, 16, 8], "texture": "#1"},
				"down": {"uv": [8, 0, 16, 8], "texture": "#1"}
			}
		},
		{
			"from": [7, 19, 7],
			"to": [9, 21, 9],
			"rotation": {"angle": -45, "axis": "y", "origin": [8, 20, 8]},
			"faces": {
				"north": {"uv": [0, 8, 8, 16], "texture": "#1"},
				"east": {"uv": [0, 8, 8, 16], "texture": "#1"},
				"south": {"uv": [0, 8, 8, 16], "texture": "#1"},
				"west": {"uv": [0, 8, 8, 16], "texture": "#1"},
				"up": {"uv": [0, 8, 8, 16], "texture": "#1"},
				"down": {"uv": [0, 8, 8, 16], "texture": "#1"}
			}
		},
		{
			"from": [7, 19, 7],
			"to": [9, 21, 9],
			"rotation": {"angle": 22.5, "axis": "y", "origin": [8, 20, 8]},
			"faces": {
				"north": {"uv": [8, 8, 16, 16], "texture": "#1"},
				"east": {"uv": [8, 8, 16, 16], "texture": "#1"},
				"south": {"uv": [8, 8, 16, 16], "texture": "#1"},
				"west": {"uv": [8, 8, 16, 16], "texture": "#1"},
				"up": {"uv": [8, 8, 16, 16], "rotation": 90, "texture": "#1"},
				"down": {"uv": [8, 8, 16, 16], "rotation": 270, "texture": "#1"}
			}
		},
		{
			"from": [4, 20.07926, 3.96522],
			"to": [12, 20.07926, 11.96522],
			"rotation": {"angle": 22.5, "axis": "x", "origin": [8, 20.07926, 7.96522]},
			"faces": {
				"north": {"uv": [0, 0, 4, 0], "texture": "#0"},
				"east": {"uv": [0, 0, 4, 0], "texture": "#0"},
				"south": {"uv": [0, 0, 4, 0], "texture": "#0"},
				"west": {"uv": [0, 0, 4, 0], "texture": "#0"},
				"up": {"uv": [16, 16, 0, 0], "texture": "#2"},
				"down": {"uv": [16, 16, 0, 0], "texture": "#2"}
			}
		},
		{
			"from": [4, 20.07926, 3.96522],
			"to": [12, 20.07926, 11.96522],
			"rotation": {"angle": -22.5, "axis": "x", "origin": [8, 20.07926, 7.96522]},
			"faces": {
				"north": {"uv": [0, 0, 4, 0], "texture": "#0"},
				"east": {"uv": [0, 0, 4, 0], "texture": "#0"},
				"south": {"uv": [0, 0, 4, 0], "texture": "#0"},
				"west": {"uv": [0, 0, 4, 0], "texture": "#0"},
				"up": {"uv": [16, 16, 0, 0], "texture": "#2"},
				"down": {"uv": [16, 16, 0, 0], "texture": "#2"}
			}
		},
		{
			"from": [7.75, 14.97412, 5.15789],
			"to": [8.25, 16.97412, 6.15789],
			"rotation": {"angle": 22.5, "axis": "x", "origin": [8, 15.72412, 4.50789]},
			"faces": {
				"north": {"uv": [11, 8.5, 11.25, 9.5], "texture": "#0"},
				"east": {"uv": [4.5, 10.5, 4, 11.5], "texture": "#0"},
				"south": {"uv": [8.5, 11, 8.75, 12], "texture": "#0"},
				"west": {"uv": [4, 10.5, 4.5, 11.5], "texture": "#0"},
				"up": {"uv": [6.25, 11.5, 6, 12], "texture": "#0"},
				"down": {"uv": [6.25, 11.5, 6, 12], "texture": "#0"}
			}
		},
		{
			"from": [7.5, 15.91575, 4.67643],
			"to": [8.5, 16.91575, 7.17643],
			"rotation": {"angle": -45, "axis": "x", "origin": [8, 17.01575, 5.82643]},
			"faces": {
				"north": {"uv": [11, 9.5, 11.5, 10], "texture": "#0"},
				"east": {"uv": [11.25, 2.5, 10, 3], "texture": "#0"},
				"south": {"uv": [9, 11, 9.5, 11.5], "texture": "#0"},
				"west": {"uv": [10, 2.5, 11.25, 3], "texture": "#0"},
				"up": {"uv": [10.5, 3.5, 10, 4.75], "texture": "#0"},
				"down": {"uv": [5.5, 11.25, 5, 10], "texture": "#0"}
			}
		},
		{
			"from": [7.5, 15.91575, 8.82357],
			"to": [8.5, 16.91575, 11.32357],
			"rotation": {"angle": 45, "axis": "x", "origin": [8, 17.01575, 10.17357]},
			"faces": {
				"north": {"uv": [9, 11, 9.5, 11.5], "texture": "#0"},
				"east": {"uv": [10, 2.5, 11.25, 3], "texture": "#0"},
				"south": {"uv": [11, 9.5, 11.5, 10], "texture": "#0"},
				"west": {"uv": [11.25, 2.5, 10, 3], "texture": "#0"},
				"up": {"uv": [10.5, 4.75, 10, 3.5], "texture": "#0"},
				"down": {"uv": [5.5, 10, 5, 11.25], "texture": "#0"}
			}
		},
		{
			"from": [7.75, 14.97412, 9.84211],
			"to": [8.25, 16.97412, 10.84211],
			"rotation": {"angle": -22.5, "axis": "x", "origin": [8, 15.72412, 11.49211]},
			"faces": {
				"north": {"uv": [8.5, 11, 8.75, 12], "texture": "#0"},
				"east": {"uv": [4, 10.5, 4.5, 11.5], "texture": "#0"},
				"south": {"uv": [11, 8.5, 11.25, 9.5], "texture": "#0"},
				"west": {"uv": [4.5, 10.5, 4, 11.5], "texture": "#0"},
				"up": {"uv": [6.25, 11.5, 6, 12], "texture": "#0"},
				"down": {"uv": [6.25, 11.5, 6, 12], "texture": "#0"}
			}
		},
		{
			"from": [7.75, 17.34323, 8.50201],
			"to": [8.25, 18.34323, 10.00201],
			"rotation": {"angle": -22.5, "axis": "x", "origin": [8, 18.19323, 9.37701]},
			"faces": {
				"north": {"uv": [5, 11.5, 5.25, 12], "texture": "#0"},
				"east": {"uv": [10, 10.5, 10.75, 11], "texture": "#0"},
				"south": {"uv": [5, 11.5, 5.25, 12], "texture": "#0"},
				"west": {"uv": [10, 10.5, 10.75, 11], "texture": "#0"},
				"up": {"uv": [11.25, 11.25, 11, 10.5], "texture": "#0"},
				"down": {"uv": [11.75, 0, 11.5, 0.75], "texture": "#0"}
			}
		},
		{
			"from": [7.75, 17.34323, 5.99799],
			"to": [8.25, 18.34323, 7.49799],
			"rotation": {"angle": 22.5, "axis": "x", "origin": [8, 18.19323, 6.62299]},
			"faces": {
				"north": {"uv": [5, 11.5, 5.25, 12], "texture": "#0"},
				"east": {"uv": [10, 10.5, 10.75, 11], "texture": "#0"},
				"south": {"uv": [5, 11.5, 5.25, 12], "texture": "#0"},
				"west": {"uv": [10, 10.5, 10.75, 11], "texture": "#0"},
				"up": {"uv": [11.25, 11.25, 11, 10.5], "texture": "#0"},
				"down": {"uv": [11.75, 0, 11.5, 0.75], "texture": "#0"}
			}
		},
		{
			"from": [9, 16.05, 6.5],
			"to": [9, 18.05, 9.5],
			"rotation": {"angle": 0, "axis": "y", "origin": [8, 9.66533, 5.58869]},
			"faces": {
				"north": {"uv": [0, 0, 0, 1], "texture": "#0"},
				"east": {"uv": [8, 7.5, 9.5, 8.5], "texture": "#0"},
				"south": {"uv": [0, 0, 0, 1], "texture": "#0"},
				"west": {"uv": [9.5, 7.5, 8, 8.5], "texture": "#0"},
				"up": {"uv": [0, 1.5, 0, 0], "texture": "#0"},
				"down": {"uv": [0, 0, 0, 1.5], "texture": "#0"}
			}
		},
		{
			"from": [7, 18.05, 6.5],
			"to": [9, 18.05, 9.5],
			"rotation": {"angle": 0, "axis": "y", "origin": [7, 17.25, 8]},
			"faces": {
				"north": {"uv": [0, 0, 1, 0], "texture": "#0"},
				"east": {"uv": [0, 0, 1.5, 0], "texture": "#0"},
				"south": {"uv": [0, 0, 1, 0], "texture": "#0"},
				"west": {"uv": [0, 0, 1.5, 0], "texture": "#0"},
				"up": {"uv": [4, 9.5, 3, 8], "texture": "#0"},
				"down": {"uv": [3, 9.5, 4, 8], "texture": "#0"}
			}
		},
		{
			"from": [7, 16.05, 6.5],
			"to": [9, 18.05, 6.5],
			"rotation": {"angle": 0, "axis": "y", "origin": [9, 17.25, 8]},
			"faces": {
				"north": {"uv": [9, 9.5, 10, 10.5], "texture": "#0"},
				"east": {"uv": [0, 0, 0, 1], "texture": "#0"},
				"south": {"uv": [9, 9.5, 10, 10.5], "texture": "#0"},
				"west": {"uv": [0, 0, 0, 1], "texture": "#0"},
				"up": {"uv": [1, 0, 0, 0], "texture": "#0"},
				"down": {"uv": [1, 0, 0, 0], "texture": "#0"}
			}
		},
		{
			"from": [7, 16.05, 6.5],
			"to": [7, 18.05, 9.5],
			"rotation": {"angle": 0, "axis": "y", "origin": [7, 17.25, 8]},
			"faces": {
				"north": {"uv": [0, 0, 0, 1], "texture": "#0"},
				"east": {"uv": [8, 7.5, 9.5, 8.5], "texture": "#0"},
				"south": {"uv": [0, 0, 0, 1], "texture": "#0"},
				"west": {"uv": [9.5, 7.5, 8, 8.5], "texture": "#0"},
				"up": {"uv": [0, 1.5, 0, 0], "texture": "#0"},
				"down": {"uv": [0, 0, 0, 1.5], "texture": "#0"}
			}
		},
		{
			"from": [7, 16.05, 9.5],
			"to": [9, 18.05, 9.5],
			"rotation": {"angle": 0, "axis": "y", "origin": [9, 17.25, 8]},
			"faces": {
				"north": {"uv": [9, 9.5, 10, 10.5], "texture": "#0"},
				"east": {"uv": [0, 0, 0, 1], "texture": "#0"},
				"south": {"uv": [9, 9.5, 10, 10.5], "texture": "#0"},
				"west": {"uv": [0, 0, 0, 1], "texture": "#0"},
				"up": {"uv": [1, 0, 0, 0], "texture": "#0"},
				"down": {"uv": [1, 0, 0, 0], "texture": "#0"}
			}
		},
		{
			"from": [8.4, 2, 7.25],
			"to": [8.4, 15, 8.75],
			"rotation": {"angle": 0, "axis": "y", "origin": [0, 1, 0]},
			"faces": {
				"north": {"uv": [0, 0, 0, 6.5], "texture": "#0"},
				"east": {"uv": [0, 0, 1.5, 13], "texture": "#3"},
				"south": {"uv": [0, 0, 0, 6.5], "texture": "#0"},
				"west": {"uv": [0, 0, 1.5, 13], "texture": "#3"},
				"up": {"uv": [0, 0.75, 0, 0], "texture": "#0"},
				"down": {"uv": [0, 0, 0, 0.75], "texture": "#0"}
			}
		},
		{
			"from": [7.6, 2, 7.25],
			"to": [8.4, 15, 7.25],
			"rotation": {"angle": 0, "axis": "y", "origin": [8.4, 8.5, 8]},
			"faces": {
				"north": {"uv": [0, 0, 0.5, 13], "texture": "#3"},
				"east": {"uv": [0, 0, 0, 6.5], "texture": "#0"},
				"south": {"uv": [0, 0, 0.5, 13], "texture": "#3"},
				"west": {"uv": [0, 0, 0, 6.5], "texture": "#0"},
				"up": {"uv": [0, 0.75, 0, 0], "rotation": 90, "texture": "#0"},
				"down": {"uv": [0, 0, 0, 0.75], "rotation": 270, "texture": "#0"}
			}
		},
		{
			"from": [7.6, 2, 8.75],
			"to": [8.4, 15, 8.75],
			"rotation": {"angle": 0, "axis": "y", "origin": [8.4, 8.5, 8]},
			"faces": {
				"north": {"uv": [0, 0, 0.5, 13], "texture": "#3"},
				"east": {"uv": [0, 0, 0, 6.5], "texture": "#0"},
				"south": {"uv": [0, 0, 0.5, 13], "texture": "#3"},
				"west": {"uv": [0, 0, 0, 6.5], "texture": "#0"},
				"up": {"uv": [0, 0.75, 0, 0], "rotation": 90, "texture": "#0"},
				"down": {"uv": [0, 0, 0, 0.75], "rotation": 270, "texture": "#0"}
			}
		},
		{
			"from": [7.6, 2, 7.25],
			"to": [7.6, 15, 8.75],
			"rotation": {"angle": 0, "axis": "y", "origin": [0, 1, 0]},
			"faces": {
				"north": {"uv": [0, 0, 0, 6.5], "texture": "#0"},
				"east": {"uv": [0, 0, 1.5, 13], "texture": "#3"},
				"south": {"uv": [0, 0, 0, 6.5], "texture": "#0"},
				"west": {"uv": [0, 0, 1.5, 13], "texture": "#3"},
				"up": {"uv": [0, 0.75, 0, 0], "texture": "#0"},
				"down": {"uv": [0, 0, 0, 0.75], "texture": "#0"}
			}
		}
	],
	"display": {
		"thirdperson_righthand": {
			"translation": [0, -2.25, 1],
			"scale": [1.25, 1.25, 1.25]
		},
		"thirdperson_lefthand": {
			"translation": [0, -2.25, 1],
			"scale": [1.25, 1.25, 1.25]
		},
		"firstperson_righthand": {
			"translation": [0, -3.25, 0],
			"scale": [1.25, 1.25, 1.25]
		},
		"firstperson_lefthand": {
			"translation": [0, -3.25, 0],
			"scale": [1.25, 1.25, 1.25]
		},
		"ground": {
			"rotation": [-45, 0, 0],
			"translation": [0, -0.75, 0],
			"scale": [0.55, 0.55, 0.55]
		},
		"gui": {
			"rotation": [-90, -45, -90],
			"translation": [-2, -2.5, 0],
			"scale": [0.85, 0.85, 0.85]
		},
		"head": {
			"scale": [0, 0, 0]
		},
		"fixed": {
			"rotation": [90, -45, 90],
			"translation": [2.25, -2.25, -0.5]
		}
	},
	"groups": [
		0,
		1,
		2,
		3,
		4,
		5,
		6,
		7,
		8,
		9,
		10,
		11,
		12,
		13,
		14,
		15,
		16,
		{
			"name": "Layer",
			"origin": [9, 17.25, 8],
			"color": 0,
			"children": [17, 18, 19, 20, 21, 22, 23, 24, 25]
		}
	]
}