{"credit":"Made with Blockbench","texture_size":[32,32],"textures":{"0":"mimix_stray:items/stray_shield/stray_shield","1":"mimix_stray:items/stray_shield/stray_shield1","particle":"mimix_stray:items/stray_shield/stray_shield"},"elements":[{"from":[7,1,5],"to":[9,14,6],"faces":{"north":{"uv":[0,0,1,6.5],"texture":"#0"},"east":{"uv":[2,0,2.5,6.5],"texture":"#0"},"south":{"uv":[1,0,0,6.5],"texture":"#0"},"west":{"uv":[2.5,0,3,6.5],"texture":"#0"},"up":{"uv":[7,2,6,1.5],"texture":"#0"},"down":{"uv":[2.5,11.5,1.5,12],"texture":"#0"}}},{"from":[7.25,8,5.5],"to":[8.75,10,8],"faces":{"north":{"uv":[2,6.5,2.75,7.5],"texture":"#0"},"east":{"uv":[10.75,9.5,9.5,10.5],"texture":"#0"},"south":{"uv":[6,11,6.75,12],"texture":"#0"},"west":{"uv":[9.5,9.5,10.75,10.5],"texture":"#0"},"up":{"uv":[9.75,11.75,9,10.5],"texture":"#0"},"down":{"uv":[10.75,10.5,10,11.75],"texture":"#0"}}},{"from":[7.275,7.25,7.75],"to":[8.725,10.75,10.75],"faces":{"north":{"uv":[7,9.5,7.75,11.25],"texture":"#0"},"east":{"uv":[3,4,4.5,5.75],"texture":"#0"},"south":{"uv":[7,9.5,7.75,11.25],"texture":"#0"},"west":{"uv":[3,4,4.5,5.75],"texture":"#0"},"up":{"uv":[8.75,12,8,10.5],"texture":"#0"},"down":{"uv":[8.75,12,8,10.5],"texture":"#0"}}},{"from":[5.75,12,5.65],"to":[10.25,14,5.65],"rotation":{"angle":0,"axis":"y","origin":[10,7.5,5.9]},"faces":{"north":{"uv":[4.5,4,6.75,5],"texture":"#0"},"east":{"uv":[0,0,0,1],"texture":"#0"},"south":{"uv":[6.75,4,4.5,5],"texture":"#0"},"west":{"uv":[0,0,0,1],"texture":"#0"},"up":{"uv":[2.25,0,0,0],"texture":"#0"},"down":{"uv":[2.25,0,0,0],"texture":"#0"}}},{"from":[9.59099,11.5,7.24099],"to":[12.09099,14,7.24099],"rotation":{"angle":-45,"axis":"y","origin":[11.84099,13,7.24099]},"faces":{"north":{"uv":[5.5,7.5,6.75,8.75],"texture":"#0"},"east":{"uv":[0,0,0,1.25],"texture":"#0"},"south":{"uv":[6.75,7.5,5.5,8.75],"texture":"#0"},"west":{"uv":[0,0,0,1.25],"texture":"#0"},"up":{"uv":[1.25,0,0,0],"texture":"#0"},"down":{"uv":[1.25,0,0,0],"texture":"#0"}}},{"from":[9.45919,7.75,7.45563],"to":[12.45919,10.25,7.45563],"rotation":{"angle":-45,"axis":"y","origin":[11.90919,12.75,7.20563]},"faces":{"north":{"uv":[7,3.5,8.5,4.75],"texture":"#0"},"east":{"uv":[0,0,0,1.25],"texture":"#0"},"south":{"uv":[8.5,3.5,7,4.75],"texture":"#0"},"west":{"uv":[0,0,0,1.25],"texture":"#0"},"up":{"uv":[1.5,0,0,0],"texture":"#0"},"down":{"uv":[1.5,0,0,0],"texture":"#0"}}},{"from":[9.19454,3.75,7.38744],"to":[12.69454,6.25,7.38744],"rotation":{"angle":-45,"axis":"y","origin":[11.44454,12.75,6.88744]},"faces":{"north":{"uv":[6,0,7.75,1.25],"texture":"#0"},"east":{"uv":[0,0,0,1.25],"texture":"#0"},"south":{"uv":[7.75,0,6,1.25],"texture":"#0"},"west":{"uv":[0,0,0,1.25],"texture":"#0"},"up":{"uv":[1.75,0,0,0],"texture":"#0"},"down":{"uv":[1.75,0,0,0],"texture":"#0"}}},{"from":[8.44454,1.25,7.38744],"to":[12.44454,2.25,7.38744],"rotation":{"angle":-45,"axis":"y","origin":[11.44454,12.75,6.88744]},"faces":{"north":{"uv":[3,10.5,5,11],"texture":"#0"},"east":{"uv":[0,0,0,0.5],"texture":"#0"},"south":{"uv":[5,10.5,3,11],"texture":"#0"},"west":{"uv":[0,0,0,0.5],"texture":"#0"},"up":{"uv":[2,0,0,0],"texture":"#0"},"down":{"uv":[2,0,0,0],"texture":"#0"}}},{"from":[3.55546,1.25,7.38744],"to":[7.55546,2.25,7.38744],"rotation":{"angle":45,"axis":"y","origin":[4.55546,12.75,6.88744]},"faces":{"north":{"uv":[5,10.5,3,11],"texture":"#0"},"east":{"uv":[0,0,0,0.5],"texture":"#0"},"south":{"uv":[3,10.5,5,11],"texture":"#0"},"west":{"uv":[0,0,0,0.5],"texture":"#0"},"up":{"uv":[2,0,0,0],"texture":"#0"},"down":{"uv":[2,0,0,0],"texture":"#0"}}},{"from":[6,8,5.65],"to":[10,10,5.65],"rotation":{"angle":0,"axis":"y","origin":[10,7.5,5.9]},"faces":{"north":{"uv":[7,1.5,9,2.5],"texture":"#0"},"east":{"uv":[0,0,0,1],"texture":"#0"},"south":{"uv":[9,1.5,7,2.5],"texture":"#0"},"west":{"uv":[0,0,0,1],"texture":"#0"},"up":{"uv":[2,0,0,0],"texture":"#0"},"down":{"uv":[2,0,0,0],"texture":"#0"}}},{"from":[6.5,4,5.65],"to":[9.5,6,5.65],"rotation":{"angle":0,"axis":"y","origin":[10,7.5,5.9]},"faces":{"north":{"uv":[8.5,3.5,10,4.5],"texture":"#0"},"east":{"uv":[0,0,0,1],"texture":"#0"},"south":{"uv":[10,3.5,8.5,4.5],"texture":"#0"},"west":{"uv":[0,0,0,1],"texture":"#0"},"up":{"uv":[1.5,0,0,0],"texture":"#0"},"down":{"uv":[1.5,0,0,0],"texture":"#0"}}},{"from":[5.25,10,5.15],"to":[10.75,12,6.15],"rotation":{"angle":0,"axis":"y","origin":[0,0,-0.1]},"faces":{"north":{"uv":[3,0,5.75,1],"texture":"#0"},"east":{"uv":[3,9,3.5,10],"texture":"#0"},"south":{"uv":[5.75,0,3,1],"texture":"#0"},"west":{"uv":[1.5,10,2,11],"texture":"#0"},"up":{"uv":[11.25,6,8.5,5.5],"texture":"#0"},"down":{"uv":[11.25,6,8.5,6.5],"texture":"#0"}}},{"from":[2.25,10.25,6.4],"to":[5.25,11.75,7.4],"rotation":{"angle":45,"axis":"y","origin":[4,11,5.65]},"faces":{"north":{"uv":[10,4.5,11.5,5.25],"texture":"#0"},"east":{"uv":[11.5,11.5,12,12.25],"texture":"#0"},"south":{"uv":[11.5,4.5,10,5.25],"texture":"#0"},"west":{"uv":[0,12,0.5,12.75],"texture":"#0"},"up":{"uv":[13,0.5,11.5,0],"texture":"#0"},"down":{"uv":[13,0.5,11.5,1],"texture":"#0"}}},{"from":[10.75,10.25,6.4],"to":[13.75,11.75,7.4],"rotation":{"angle":-45,"axis":"y","origin":[12,11,5.65]},"faces":{"north":{"uv":[11.5,4.5,10,5.25],"texture":"#0"},"east":{"uv":[0.5,12,0,12.75],"texture":"#0"},"south":{"uv":[10,4.5,11.5,5.25],"texture":"#0"},"west":{"uv":[12,11.5,11.5,12.25],"texture":"#0"},"up":{"uv":[11.5,0.5,13,0],"texture":"#0"},"down":{"uv":[11.5,0.5,13,1],"texture":"#0"}}},{"from":[2.25,6.25,6.7],"to":[5.75,7.75,7.7],"rotation":{"angle":45,"axis":"y","origin":[4,11,5.65]},"faces":{"north":{"uv":[5,9,6.75,9.75],"texture":"#0"},"east":{"uv":[11.5,8,12,8.75],"texture":"#0"},"south":{"uv":[6.75,9,5,9.75],"texture":"#0"},"west":{"uv":[11,11.5,11.5,12.25],"texture":"#0"},"up":{"uv":[12.75,10.5,11,10],"texture":"#0"},"down":{"uv":[12.75,10.5,11,11],"texture":"#0"}}},{"from":[10.25,6.25,6.7],"to":[13.75,7.75,7.7],"rotation":{"angle":-45,"axis":"y","origin":[12,11,5.65]},"faces":{"north":{"uv":[6.75,9,5,9.75],"texture":"#0"},"east":{"uv":[11.5,11.5,11,12.25],"texture":"#0"},"south":{"uv":[5,9,6.75,9.75],"texture":"#0"},"west":{"uv":[12,8,11.5,8.75],"texture":"#0"},"up":{"uv":[11,10.5,12.75,10],"texture":"#0"},"down":{"uv":[11,10.5,12.75,11],"texture":"#0"}}},{"from":[2.35,2.25,7],"to":[5.85,3.75,8],"rotation":{"angle":45,"axis":"y","origin":[4,11,5.65]},"faces":{"north":{"uv":[5,9,6.75,9.75],"texture":"#0"},"east":{"uv":[11.5,8,12,8.75],"texture":"#0"},"south":{"uv":[6.75,9,5,9.75],"texture":"#0"},"west":{"uv":[11,11.5,11.5,12.25],"texture":"#0"},"up":{"uv":[12.75,10.5,11,10],"texture":"#0"},"down":{"uv":[12.75,10.5,11,11],"texture":"#0"}}},{"from":[10.15,2.25,7],"to":[13.65,3.75,8],"rotation":{"angle":-45,"axis":"y","origin":[12,11,5.65]},"faces":{"north":{"uv":[6.75,9,5,9.75],"texture":"#0"},"east":{"uv":[11.5,11.5,11,12.25],"texture":"#0"},"south":{"uv":[5,9,6.75,9.75],"texture":"#0"},"west":{"uv":[12,8,11.5,8.75],"texture":"#0"},"up":{"uv":[11,10.5,12.75,10],"texture":"#0"},"down":{"uv":[11,10.5,12.75,11],"texture":"#0"}}},{"from":[3.90901,11.5,7.24099],"to":[6.40901,14,7.24099],"rotation":{"angle":45,"axis":"y","origin":[4.15901,13,7.24099]},"faces":{"north":{"uv":[6.75,7.5,5.5,8.75],"texture":"#0"},"east":{"uv":[0,0,0,1.25],"texture":"#0"},"south":{"uv":[5.5,7.5,6.75,8.75],"texture":"#0"},"west":{"uv":[0,0,0,1.25],"texture":"#0"},"up":{"uv":[1.25,0,0,0],"texture":"#0"},"down":{"uv":[1.25,0,0,0],"texture":"#0"}}},{"from":[3.54081,7.75,7.45563],"to":[6.54081,10.25,7.45563],"rotation":{"angle":45,"axis":"y","origin":[4.09081,12.75,7.20563]},"faces":{"north":{"uv":[8.5,3.5,7,4.75],"texture":"#0"},"east":{"uv":[0,0,0,1.25],"texture":"#0"},"south":{"uv":[7,3.5,8.5,4.75],"texture":"#0"},"west":{"uv":[0,0,0,1.25],"texture":"#0"},"up":{"uv":[1.5,0,0,0],"texture":"#0"},"down":{"uv":[1.5,0,0,0],"texture":"#0"}}},{"from":[3.30546,3.75,7.38744],"to":[6.80546,6.25,7.38744],"rotation":{"angle":45,"axis":"y","origin":[4.55546,12.75,6.88744]},"faces":{"north":{"uv":[7.75,0,6,1.25],"texture":"#0"},"east":{"uv":[0,0,0,1.25],"texture":"#0"},"south":{"uv":[6,0,7.75,1.25],"texture":"#0"},"west":{"uv":[0,0,0,1.25],"texture":"#0"},"up":{"uv":[1.75,0,0,0],"texture":"#0"},"down":{"uv":[1.75,0,0,0],"texture":"#0"}}},{"from":[5.75,6,5.15],"to":[10.25,8,6.15],"rotation":{"angle":0,"axis":"y","origin":[0,0,-0.1]},"faces":{"north":{"uv":[4.5,2,6.75,3],"texture":"#0"},"east":{"uv":[3.5,11.5,3,12.5],"texture":"#0"},"south":{"uv":[6.75,2,4.5,3],"texture":"#0"},"west":{"uv":[3,11.5,3.5,12.5],"texture":"#0"},"up":{"uv":[11.75,1.5,9.5,1],"texture":"#0"},"down":{"uv":[5.25,10,3,10.5],"texture":"#0"}}},{"from":[6.25,2,5.15],"to":[9.75,4,6.15],"rotation":{"angle":0,"axis":"y","origin":[0,0,-0.1]},"faces":{"north":{"uv":[3.5,7.5,5.25,8.5],"texture":"#0"},"east":{"uv":[3.5,11.5,4,12.5],"texture":"#0"},"south":{"uv":[5.25,7.5,3.5,8.5],"texture":"#0"},"west":{"uv":[11.5,3.5,12,4.5],"texture":"#0"},"up":{"uv":[1.75,11.5,0,11],"texture":"#0"},"down":{"uv":[12.75,1.5,11,2],"texture":"#0"}}},{"from":[2.46339,11.85,6.26872],"to":[5.96339,11.85,7.76872],"rotation":{"angle":45,"axis":"y","origin":[4.08839,10.85,6.26872]},"faces":{"north":{"uv":[13.25,0.5,11.5,0.5],"rotation":180,"texture":"#0"},"east":{"uv":[11.75,11.5,11.75,12.25],"rotation":270,"texture":"#0"},"south":{"uv":[13.25,0,11.5,0],"texture":"#0"},"west":{"uv":[0.25,12,0.25,12.75],"rotation":90,"texture":"#0"},"up":{"uv":[0,7.5,3.5,9],"rotation":180,"texture":"#1"},"down":{"uv":[0,7.5,3.5,9],"rotation":180,"texture":"#1"}}},{"from":[2,9.85,6.15],"to":[5.5,11.85,6.15],"rotation":{"angle":45,"axis":"y","origin":[4,11,5.65]},"faces":{"north":{"uv":[0,0,3.5,2],"texture":"#1"},"east":{"uv":[11.75,11.5,11.75,12.5],"texture":"#0"},"south":{"uv":[3.5,0,0,2],"texture":"#1"},"west":{"uv":[0.25,12,0.25,13],"texture":"#0"},"up":{"uv":[12.25,0,10.5,0],"texture":"#0"},"down":{"uv":[12.25,0.5,10.5,0.5],"texture":"#0"}}},{"from":[3.48744,9.85,5.74099],"to":[3.48744,11.85,7.24099],"rotation":{"angle":45,"axis":"y","origin":[5.23744,11,7.24099]},"faces":{"north":{"uv":[11.5,11.5,11.5,12.5],"texture":"#0"},"east":{"uv":[1.5,2.5,0,4.5],"texture":"#1"},"south":{"uv":[0,12,0,13],"texture":"#0"},"west":{"uv":[0,2.5,1.5,4.5],"texture":"#1"},"up":{"uv":[11.25,0,10.5,0],"rotation":270,"texture":"#0"},"down":{"uv":[11.25,0.5,10.5,0.5],"rotation":90,"texture":"#0"}}},{"from":[2,9.85,7.65],"to":[5.5,11.85,7.65],"rotation":{"angle":45,"axis":"y","origin":[4,11,5.65]},"faces":{"north":{"uv":[0,0,3.5,2],"texture":"#1"},"east":{"uv":[12,11.5,12.5,12.25],"texture":"#0"},"south":{"uv":[3.5,0,0,2],"texture":"#1"},"west":{"uv":[0.5,12,1,12.75],"texture":"#0"},"up":{"uv":[13,0.5,11.5,0],"texture":"#0"},"down":{"uv":[13,0.5,11.5,1],"texture":"#0"}}},{"from":[2,5.85,7.95],"to":[6,7.85,7.95],"rotation":{"angle":45,"axis":"y","origin":[4,11.1,5.65]},"faces":{"north":{"uv":[4,0,8,2],"texture":"#1"},"east":{"uv":[11.5,8,12,8.75],"texture":"#0"},"south":{"uv":[8,0,4,2],"texture":"#1"},"west":{"uv":[11,11.5,11.5,12.25],"texture":"#0"},"up":{"uv":[12.75,10.5,11,10],"texture":"#0"},"down":{"uv":[12.75,10.5,11,11],"texture":"#0"}}},{"from":[4.12635,5.85,9.27635],"to":[5.62635,7.85,9.27635],"rotation":{"angle":-45,"axis":"y","origin":[5.62635,7.1,7.27635]},"faces":{"north":{"uv":[2,2.5,3.5,4.5],"texture":"#1"},"east":{"uv":[11.5,8,11.5,9],"texture":"#0"},"south":{"uv":[3.5,2.5,2,4.5],"texture":"#1"},"west":{"uv":[11,11.5,11,12.5],"texture":"#0"},"up":{"uv":[11.75,10,11,10],"texture":"#0"},"down":{"uv":[11.75,10.5,11,10.5],"texture":"#0"}}},{"from":[2,5.85,6.45],"to":[6,7.85,6.45],"rotation":{"angle":45,"axis":"y","origin":[4,11.1,5.65]},"faces":{"north":{"uv":[4,0,8,2],"texture":"#1"},"east":{"uv":[11.75,11.5,11.75,12.5],"texture":"#0"},"south":{"uv":[8,0,4,2],"texture":"#1"},"west":{"uv":[11.25,15,11.25,16],"texture":"#0"},"up":{"uv":[13.25,13.5,11.25,13.5],"texture":"#0"},"down":{"uv":[13.25,14,11.25,14],"texture":"#0"}}},{"from":[2.9318,7.85,4.16023],"to":[4.4318,7.85,8.16023],"rotation":{"angle":-45,"axis":"y","origin":[3.6818,6.85,8.16023]},"faces":{"north":{"uv":[11.75,10,11,10],"rotation":180,"texture":"#0"},"east":{"uv":[11.5,8,11.5,10],"rotation":90,"texture":"#0"},"south":{"uv":[11.75,10.5,11,10.5],"texture":"#0"},"west":{"uv":[11,11.5,11,13.5],"rotation":270,"texture":"#0"},"up":{"uv":[0,11,4,9.5],"rotation":90,"texture":"#1"},"down":{"uv":[4,11,0,9.5],"rotation":90,"texture":"#1"}}},{"from":[2.3,1.9,6.6],"to":[6.3,3.9,6.6],"rotation":{"angle":45,"axis":"y","origin":[4.3,7.15,5.8]},"faces":{"north":{"uv":[4,2.5,8,4.5],"texture":"#1"},"east":{"uv":[11.75,11.5,11.75,12.5],"texture":"#0"},"south":{"uv":[8,2.5,4,4.5],"texture":"#1"},"west":{"uv":[11.25,15,11.25,16],"texture":"#0"},"up":{"uv":[13.25,13.5,11.25,13.5],"texture":"#0"},"down":{"uv":[13.25,14,11.25,14],"texture":"#0"}}},{"from":[4.42635,1.9,9.42635],"to":[5.92635,3.9,9.42635],"rotation":{"angle":-45,"axis":"y","origin":[5.92635,3.15,7.42635]},"faces":{"north":{"uv":[7,15,7.75,16],"texture":"#0"},"east":{"uv":[11.5,8,11.5,9],"texture":"#0"},"south":{"uv":[1.5,5,0,7],"texture":"#1"},"west":{"uv":[11,11.5,11,12.5],"texture":"#0"},"up":{"uv":[11.75,10,11,10],"texture":"#0"},"down":{"uv":[11.75,10.5,11,10.5],"texture":"#0"}}},{"from":[3.2318,3.9,4.31023],"to":[4.7318,3.9,8.31023],"rotation":{"angle":-45,"axis":"y","origin":[3.9818,2.9,8.31023]},"faces":{"north":{"uv":[11.75,10,11,10],"rotation":180,"texture":"#0"},"east":{"uv":[11.5,8,11.5,10],"rotation":90,"texture":"#0"},"south":{"uv":[11.75,10.5,11,10.5],"texture":"#0"},"west":{"uv":[11,11.5,11,13.5],"rotation":270,"texture":"#0"},"up":{"uv":[4,6.5,8,5],"rotation":90,"texture":"#1"},"down":{"uv":[8,14,8.75,16],"rotation":180,"texture":"#0"}}},{"from":[2.3,1.9,8.1],"to":[6.3,3.9,8.1],"rotation":{"angle":45,"axis":"y","origin":[4.3,7.15,5.8]},"faces":{"north":{"uv":[4,2.5,8,4.5],"texture":"#1"},"east":{"uv":[11.5,8,12,8.75],"texture":"#0"},"south":{"uv":[8,2.5,4,4.5],"texture":"#1"},"west":{"uv":[11,11.5,11.5,12.25],"texture":"#0"},"up":{"uv":[12.75,10.5,11,10],"texture":"#0"},"down":{"uv":[12.75,10.5,11,11],"texture":"#0"}}},{"from":[10.03661,11.85,6.26872],"to":[13.53661,11.85,7.76872],"rotation":{"angle":-45,"axis":"y","origin":[11.91161,10.85,6.26872]},"faces":{"north":{"uv":[11.5,0.5,13.25,0.5],"rotation":180,"texture":"#0"},"east":{"uv":[0.25,12.75,0.25,12],"rotation":90,"texture":"#0"},"south":{"uv":[11.5,0,13.25,0],"texture":"#0"},"west":{"uv":[11.75,12.25,11.75,11.5],"rotation":270,"texture":"#0"},"up":{"uv":[3.5,7.5,0,9],"rotation":180,"texture":"#1"},"down":{"uv":[3.5,7.5,0,9],"rotation":180,"texture":"#1"}}},{"from":[10.5,9.85,6.15],"to":[14,11.85,6.15],"rotation":{"angle":-45,"axis":"y","origin":[12,11,5.65]},"faces":{"north":{"uv":[3.5,0,0,2],"texture":"#1"},"east":{"uv":[0.25,12,0.25,13],"texture":"#0"},"south":{"uv":[0,0,3.5,2],"texture":"#1"},"west":{"uv":[11.75,11.5,11.75,12.5],"texture":"#0"},"up":{"uv":[10.5,0,12.25,0],"texture":"#0"},"down":{"uv":[10.5,0.5,12.25,0.5],"texture":"#0"}}},{"from":[12.51256,9.85,5.74099],"to":[12.51256,11.85,7.24099],"rotation":{"angle":-45,"axis":"y","origin":[10.76256,11,7.24099]},"faces":{"north":{"uv":[11.5,11.5,11.5,12.5],"texture":"#0"},"east":{"uv":[1.5,2.5,0,4.5],"texture":"#1"},"south":{"uv":[0,12,0,13],"texture":"#0"},"west":{"uv":[0,2.5,1.5,4.5],"texture":"#1"},"up":{"uv":[11.25,0,10.5,0],"rotation":270,"texture":"#0"},"down":{"uv":[11.25,0.5,10.5,0.5],"rotation":90,"texture":"#0"}}},{"from":[10.5,9.85,7.65],"to":[14,11.85,7.65],"rotation":{"angle":-45,"axis":"y","origin":[12,11,5.65]},"faces":{"north":{"uv":[3.5,0,0,2],"texture":"#1"},"east":{"uv":[1,12,0.5,12.75],"texture":"#0"},"south":{"uv":[0,0,3.5,2],"texture":"#1"},"west":{"uv":[12.5,11.5,12,12.25],"texture":"#0"},"up":{"uv":[11.5,0.5,13,0],"texture":"#0"},"down":{"uv":[11.5,0.5,13,1],"texture":"#0"}}},{"from":[10,5.85,7.95],"to":[14,7.85,7.95],"rotation":{"angle":-45,"axis":"y","origin":[12,11.1,5.65]},"faces":{"north":{"uv":[8,0,4,2],"texture":"#1"},"east":{"uv":[11.5,11.5,11,12.25],"texture":"#0"},"south":{"uv":[4,0,8,2],"texture":"#1"},"west":{"uv":[12,8,11.5,8.75],"texture":"#0"},"up":{"uv":[11,10.5,12.75,10],"texture":"#0"},"down":{"uv":[11,10.5,12.75,11],"texture":"#0"}}},{"from":[10.37365,5.85,9.27635],"to":[11.87365,7.85,9.27635],"rotation":{"angle":45,"axis":"y","origin":[10.37365,7.1,7.27635]},"faces":{"north":{"uv":[3.5,2.5,2,4.5],"texture":"#1"},"east":{"uv":[11,11.5,11,12.5],"texture":"#0"},"south":{"uv":[2,2.5,3.5,4.5],"texture":"#1"},"west":{"uv":[11.5,8,11.5,9],"texture":"#0"},"up":{"uv":[11,10,11.75,10],"texture":"#0"},"down":{"uv":[11,10.5,11.75,10.5],"texture":"#0"}}},{"from":[10,5.85,6.45],"to":[14,7.85,6.45],"rotation":{"angle":-45,"axis":"y","origin":[12,11.1,5.65]},"faces":{"north":{"uv":[8,0,4,2],"texture":"#1"},"east":{"uv":[11.25,15,11.25,16],"texture":"#0"},"south":{"uv":[4,0,8,2],"texture":"#1"},"west":{"uv":[11.75,11.5,11.75,12.5],"texture":"#0"},"up":{"uv":[11.25,13.5,13.25,13.5],"texture":"#0"},"down":{"uv":[11.25,14,13.25,14],"texture":"#0"}}},{"from":[11.5682,7.85,4.16023],"to":[13.0682,7.85,8.16023],"rotation":{"angle":45,"axis":"y","origin":[12.3182,6.85,8.16023]},"faces":{"north":{"uv":[11,10,11.75,10],"rotation":180,"texture":"#0"},"east":{"uv":[11,13.5,11,11.5],"rotation":270,"texture":"#0"},"south":{"uv":[11,10.5,11.75,10.5],"texture":"#0"},"west":{"uv":[11.5,10,11.5,8],"rotation":90,"texture":"#0"},"up":{"uv":[0,9.5,4,11],"rotation":90,"texture":"#1"},"down":{"uv":[4,9.5,0,11],"rotation":90,"texture":"#1"}}},{"from":[9.7,1.9,6.6],"to":[13.7,3.9,6.6],"rotation":{"angle":-45,"axis":"y","origin":[11.7,7.15,5.8]},"faces":{"north":{"uv":[8,2.5,4,4.5],"texture":"#1"},"east":{"uv":[11.25,15,11.25,16],"texture":"#0"},"south":{"uv":[4,2.5,8,4.5],"texture":"#1"},"west":{"uv":[11.75,11.5,11.75,12.5],"texture":"#0"},"up":{"uv":[11.25,13.5,13.25,13.5],"texture":"#0"},"down":{"uv":[11.25,14,13.25,14],"texture":"#0"}}},{"from":[10.07365,1.9,9.42635],"to":[11.57365,3.9,9.42635],"rotation":{"angle":45,"axis":"y","origin":[10.07365,3.15,7.42635]},"faces":{"north":{"uv":[7.75,15,7,16],"texture":"#0"},"east":{"uv":[11,11.5,11,12.5],"texture":"#0"},"south":{"uv":[0,5,1.5,7],"texture":"#1"},"west":{"uv":[11.5,8,11.5,9],"texture":"#0"},"up":{"uv":[11,10,11.75,10],"texture":"#0"},"down":{"uv":[11,10.5,11.75,10.5],"texture":"#0"}}},{"from":[11.2682,3.9,4.31023],"to":[12.7682,3.9,8.31023],"rotation":{"angle":45,"axis":"y","origin":[12.0182,2.9,8.31023]},"faces":{"north":{"uv":[11,10,11.75,10],"rotation":180,"texture":"#0"},"east":{"uv":[11,13.5,11,11.5],"rotation":270,"texture":"#0"},"south":{"uv":[11,10.5,11.75,10.5],"texture":"#0"},"west":{"uv":[11.5,10,11.5,8],"rotation":90,"texture":"#0"},"up":{"uv":[4,5,8,6.5],"rotation":90,"texture":"#1"},"down":{"uv":[8.75,14,8,16],"rotation":180,"texture":"#0"}}},{"from":[9.7,1.9,8.1],"to":[13.7,3.9,8.1],"rotation":{"angle":-45,"axis":"y","origin":[11.7,7.15,5.8]},"faces":{"north":{"uv":[8,2.5,4,4.5],"texture":"#1"},"east":{"uv":[11.5,11.5,11,12.25],"texture":"#0"},"south":{"uv":[4,2.5,8,4.5],"texture":"#1"},"west":{"uv":[12,8,11.5,8.75],"texture":"#0"},"up":{"uv":[11,10.5,12.75,10],"texture":"#0"},"down":{"uv":[11,10.5,12.75,11],"texture":"#0"}}}],"display":{"thirdperson_righthand":{"rotation":[90,-90,90],"translation":[1.75,-3.25,1.5],"scale":[1.25,1.25,1.25]},"thirdperson_lefthand":{"rotation":[90,-90,90],"translation":[1.75,-3.25,1.5],"scale":[1.25,1.25,1.25]},"firstperson_righthand":{"translation":[0.5,0.5,2.5]},"firstperson_lefthand":{"translation":[0.5,0.5,2.5]},"ground":{"rotation":[45,0,0],"translation":[0,1.25,0]},"gui":{"rotation":[-180,22.5,-180]},"head":{"scale":[0,0,0]},"fixed":{"translation":[0,0,-0.25],"scale":[1.15,1.15,1.15]}},"groups":[0,1,2,3,4,5,6,7,8,9,10,11,12,13,14,15,16,17,18,19,20,21,22,{"name":"Animation","origin":[4.3,7.15,5.8],"color":0,"children":[23,24,25,26,27,28,29,30,31,32,33,34,35,36,37,38,39,40,41,42,43,44,45,46]}]}