{"credit":"Made with Blockbench","texture_size":[8,8],"textures":{"0":"mimix_stray:items/stray_spear/stray_spear","1":"mimix_stray:items/stray_spear/stray_spear1","2":"mimix_stray:items/stray_spear/stray_spear2","particle":"mimix_stray:items/stray_spear/stray_spear"},"elements":[{"from":[7.75,-8,7.5],"to":[8.25,12,8.5],"rotation":{"angle":0,"axis":"y","origin":[0,-9,0]},"faces":{"north":{"uv":[0.25,0,0.375,5],"texture":"#0"},"east":{"uv":[0,0,0.25,5],"texture":"#0"},"south":{"uv":[0.5,0,0.625,5],"texture":"#0"},"west":{"uv":[0.25,0,0,5],"texture":"#0"},"up":{"uv":[4.125,0.25,4,0],"texture":"#0"},"down":{"uv":[4.125,0.25,4,0.5],"texture":"#0"}}},{"from":[7.25,11.5,6.75],"to":[8.75,13,9.25],"rotation":{"angle":0,"axis":"y","origin":[8,4.66533,5.58869]},"faces":{"north":{"uv":[1.625,0,2,0.375],"texture":"#0"},"east":{"uv":[1.625,0.5,2.25,0.875],"texture":"#0"},"south":{"uv":[1.625,0,2,0.375],"texture":"#0"},"west":{"uv":[1.625,0.5,2.25,0.875],"texture":"#0"},"up":{"uv":[1.125,1.625,0.75,1],"texture":"#0"},"down":{"uv":[1.625,1,1.25,1.625],"texture":"#0"}}},{"from":[7.5,13,7.5],"to":[8.5,14.5,8.5],"rotation":{"angle":0,"axis":"y","origin":[8,4.66533,5.58869]},"faces":{"north":{"uv":[0.75,1.75,1,2.125],"texture":"#0"},"east":{"uv":[1,1.75,1.25,2.125],"texture":"#0"},"south":{"uv":[2.125,1.5,2.375,1.875],"texture":"#0"},"west":{"uv":[1.25,1.75,1,2.125],"texture":"#0"},"up":{"uv":[1.5,2,1.25,1.75],"texture":"#0"},"down":{"uv":[2,1.5,1.75,1.75],"texture":"#0"}}},{"from":[7.5,12.17231,5.63373],"to":[8.5,13.17231,7.63373],"rotation":{"angle":22.5,"axis":"x","origin":[8,12.67231,6.88373]},"faces":{"north":{"uv":[1.5,2.875,1.75,3.125],"texture":"#0"},"east":{"uv":[1.125,2.5,1.625,2.75],"texture":"#0"},"south":{"uv":[1.125,2.875,1.375,3.125],"texture":"#0"},"west":{"uv":[1.625,2.5,1.125,2.75],"texture":"#0"},"up":{"uv":[1,3,0.75,2.5],"texture":"#0"},"down":{"uv":[1,3,0.75,3.5],"texture":"#0"}}},{"from":[7.5,12.17231,8.36627],"to":[8.5,13.17231,10.36627],"rotation":{"angle":-22.5,"axis":"x","origin":[8,12.67231,9.11627]},"faces":{"north":{"uv":[1.125,2.875,1.375,3.125],"texture":"#0"},"east":{"uv":[1.625,2.5,1.125,2.75],"texture":"#0"},"south":{"uv":[1.5,2.875,1.75,3.125],"texture":"#0"},"west":{"uv":[1.125,2.5,1.625,2.75],"texture":"#0"},"up":{"uv":[1,2.5,0.75,3],"texture":"#0"},"down":{"uv":[1,3.5,0.75,3],"texture":"#0"}}},{"from":[7.5,-9,7.25],"to":[8.5,-7.5,8.75],"rotation":{"angle":-45,"axis":"x","origin":[8,-8.25,8]},"faces":{"north":{"uv":[2.875,1,2.625,1.375],"texture":"#0"},"east":{"uv":[1.75,1,2.125,1.375],"texture":"#0"},"south":{"uv":[2.25,1,2.5,1.375],"texture":"#0"},"west":{"uv":[2.125,1,1.75,1.375],"texture":"#0"},"up":{"uv":[2.25,1.375,2.5,1],"texture":"#0"},"down":{"uv":[2.875,1,2.625,1.375],"texture":"#0"}}},{"from":[7.5,10,7.25],"to":[8.5,10.5,8.75],"rotation":{"angle":0,"axis":"y","origin":[0,-8.75,0]},"faces":{"north":{"uv":[2.5,1.5,2.75,1.625],"texture":"#0"},"east":{"uv":[0.75,2.25,1.125,2.375],"texture":"#0"},"south":{"uv":[2.5,1.5,2.75,1.625],"texture":"#0"},"west":{"uv":[0.75,2.25,1.125,2.375],"texture":"#0"},"up":{"uv":[2,2.25,1.75,1.875],"texture":"#0"},"down":{"uv":[2,2.25,1.75,1.875],"texture":"#0"}}},{"from":[4.25,8.25,4],"to":[11.75,8.25,12],"rotation":{"angle":22.5,"axis":"x","origin":[8,8.25,8]},"faces":{"north":{"uv":[0,0,1.875,0],"texture":"#0"},"east":{"uv":[0,0,2,0],"texture":"#0"},"south":{"uv":[0,0,1.875,0],"texture":"#0"},"west":{"uv":[0,0,2,0],"texture":"#0"},"up":{"uv":[16,16,0,0],"texture":"#1"},"down":{"uv":[16,16,0,0],"texture":"#1"}}},{"from":[4.25,8.25,4],"to":[11.75,8.25,12],"rotation":{"angle":-22.5,"axis":"x","origin":[8,8.25,8]},"faces":{"north":{"uv":[0,0,1.875,0],"texture":"#0"},"east":{"uv":[0,0,2,0],"texture":"#0"},"south":{"uv":[0,0,1.875,0],"texture":"#0"},"west":{"uv":[0,0,2,0],"texture":"#0"},"up":{"uv":[16,16,0,0],"texture":"#1"},"down":{"uv":[0,16,16,0],"texture":"#1"}}},{"from":[7.5,10.75,7.25],"to":[8.5,11.75,8.75],"rotation":{"angle":0,"axis":"y","origin":[0,-8.75,0]},"faces":{"north":{"uv":[3.625,0,3.875,0.25],"texture":"#0"},"east":{"uv":[3.25,1,3.625,1.25],"texture":"#0"},"south":{"uv":[3.625,0,3.875,0.25],"texture":"#0"},"west":{"uv":[3.625,1,3.25,1.25],"texture":"#0"},"up":{"uv":[3.5,0.375,3.25,0],"texture":"#0"},"down":{"uv":[3.5,0.5,3.25,0.875],"texture":"#0"}}},{"from":[7,13.1,6.5],"to":[9,13.1,9.5],"rotation":{"angle":0,"axis":"y","origin":[7,12.25,8]},"faces":{"north":{"uv":[0,0,0.5,0],"texture":"#0"},"east":{"uv":[0,0,0.75,0],"texture":"#0"},"south":{"uv":[0,0,0.5,0],"texture":"#0"},"west":{"uv":[0,0,0.75,0],"texture":"#0"},"up":{"uv":[1.25,0.75,0.75,0],"texture":"#0"},"down":{"uv":[1.25,0.75,0.75,0],"texture":"#0"}}},{"from":[7,11.1,6.5],"to":[7,13.1,9.5],"rotation":{"angle":0,"axis":"y","origin":[8,4.66533,5.58869]},"faces":{"north":{"uv":[0,0,0,0.5],"texture":"#0"},"east":{"uv":[2.375,0,3.125,0.5],"texture":"#0"},"south":{"uv":[0,0,0,0.5],"texture":"#0"},"west":{"uv":[3.125,0,2.375,0.5],"texture":"#0"},"up":{"uv":[0,0.75,0,0],"texture":"#0"},"down":{"uv":[0,0,0,0.75],"texture":"#0"}}},{"from":[7,11.1,6.5],"to":[9,13.1,6.5],"rotation":{"angle":0,"axis":"y","origin":[9,12.25,8]},"faces":{"north":{"uv":[2.125,2,2.625,2.5],"texture":"#0"},"east":{"uv":[0,0,0,0.5],"texture":"#0"},"south":{"uv":[2.625,2,2.125,2.5],"texture":"#0"},"west":{"uv":[0,0,0,0.5],"texture":"#0"},"up":{"uv":[0.5,0,0,0],"texture":"#0"},"down":{"uv":[0.5,0,0,0],"texture":"#0"}}},{"from":[7,11.1,9.5],"to":[9,13.1,9.5],"rotation":{"angle":0,"axis":"y","origin":[9,12.25,8]},"faces":{"north":{"uv":[2.125,2,2.625,2.5],"texture":"#0"},"east":{"uv":[0,0,0,0.5],"texture":"#0"},"south":{"uv":[2.625,2,2.125,2.5],"texture":"#0"},"west":{"uv":[0,0,0,0.5],"texture":"#0"},"up":{"uv":[0.5,0,0,0],"texture":"#0"},"down":{"uv":[0.5,0,0,0],"texture":"#0"}}},{"from":[9,11.1,6.5],"to":[9,13.1,9.5],"rotation":{"angle":0,"axis":"y","origin":[9,12.25,8]},"faces":{"north":{"uv":[0,0,0,0.5],"texture":"#0"},"east":{"uv":[2.375,0,3.125,0.5],"texture":"#0"},"south":{"uv":[0,0,0,0.5],"texture":"#0"},"west":{"uv":[3.125,0,2.375,0.5],"texture":"#0"},"up":{"uv":[0,0.75,0,0],"texture":"#0"},"down":{"uv":[0,0,0,0.75],"texture":"#0"}}},{"from":[7.75,14,6.75],"to":[8.25,17,9.25],"faces":{"north":{"uv":[6,8,7,14],"texture":"#2"},"east":{"uv":[5,6,0,12],"texture":"#2"},"south":{"uv":[8,8,9,14],"texture":"#2"},"west":{"uv":[0,6,5,12],"texture":"#2"},"up":{"uv":[11,5,10,0],"texture":"#2"},"down":{"uv":[11,6,10,11],"texture":"#2"}}},{"from":[7.775,16.1,7.25],"to":[8.225,18.1,9.25],"rotation":{"angle":45,"axis":"x","origin":[8,17.35,8]},"faces":{"north":{"uv":[0,12,1,16],"texture":"#2"},"east":{"uv":[10,4,6,8],"texture":"#2"},"south":{"uv":[0,12,1,16],"texture":"#2"},"west":{"uv":[6,4,10,8],"texture":"#2"},"up":{"uv":[0,12,1,16],"texture":"#2"},"down":{"uv":[0,12,1,16],"texture":"#2"}}}],"display":{"thirdperson_righthand":{"translation":[0,3.75,1],"scale":[1.25,1.25,1.25]},"thirdperson_lefthand":{"translation":[0,3.75,1],"scale":[1.25,1.25,1.25]},"firstperson_righthand":{"rotation":[-22.5,0,0],"translation":[2.5,2.5,0]},"firstperson_lefthand":{"rotation":[-22.5,0,0],"translation":[2.5,2.5,0]},"ground":{"rotation":[-45,0,0],"translation":[0,5.25,0],"scale":[0.55,0.55,0.55]},"gui":{"rotation":[-90,-45,-90],"translation":[2.25,2,0],"scale":[0.7,0.7,0.7]},"head":{"scale":[0,0,0]},"fixed":{"rotation":[90,-45,90],"translation":[-2.25,2.25,-0.25],"scale":[0.85,0.85,0.85]}},"groups":[0,1,2,3,4,5,6,7,8,9,{"name":"layer","origin":[9,12.25,8],"color":0,"children":[10,11,12,13,14]},15,16]}