{"credit":"Made with Blockbench","texture_size":[32,32],"textures":{"0":"mimix_stray:items/stray_sword/stray_sword","1":"mimix_stray:items/stray_sword/stray_sword1","particle":"mimix_stray:items/stray_sword/stray_sword"},"elements":[{"from":[7.75,0.75,7.5],"to":[8.25,8.75,8.5],"rotation":{"angle":0,"axis":"y","origin":[0,-1.25,0]},"faces":{"north":{"uv":[5,4,5.25,8],"texture":"#0"},"east":{"uv":[2.5,0,2,4],"texture":"#0"},"south":{"uv":[5.5,0,5.75,4],"texture":"#0"},"west":{"uv":[2,0,2.5,4],"texture":"#0"},"up":{"uv":[8.75,6,8.5,5.5],"texture":"#0"},"down":{"uv":[1.75,9,1.5,9.5],"texture":"#0"}}},{"from":[7.5,0.25,7.25],"to":[8.5,1.25,8.25],"rotation":{"angle":-45,"axis":"x","origin":[8,1,8]},"faces":{"north":{"uv":[7.5,6,8,6.5],"texture":"#0"},"east":{"uv":[6.5,7.5,7,8],"texture":"#0"},"south":{"uv":[7.5,7,8,7.5],"texture":"#0"},"west":{"uv":[7,7.5,6.5,8],"texture":"#0"},"up":{"uv":[8,7.5,7.5,7],"texture":"#0"},"down":{"uv":[7.5,6,8,6.5],"texture":"#0"}}},{"from":[7.75,-0.05,6.95],"to":[8.25,0.45,7.95],"rotation":{"angle":-22.5,"axis":"x","origin":[8,-0.29289,6.80355]},"faces":{"north":{"uv":[9.5,1.5,9.75,1.75],"texture":"#0"},"east":{"uv":[9,3,9.5,3.25],"texture":"#0"},"south":{"uv":[2,9.5,2.25,9.75],"texture":"#0"},"west":{"uv":[9.5,3,9,3.25],"texture":"#0"},"up":{"uv":[9.25,4,9,3.5],"texture":"#0"},"down":{"uv":[9.25,3.5,9,4],"texture":"#0"}}},{"from":[7.75,-0.05,8.05],"to":[8.25,0.45,9.05],"rotation":{"angle":22.5,"axis":"x","origin":[8,-0.29289,9.19645]},"faces":{"north":{"uv":[2.25,9.5,2,9.75],"texture":"#0"},"east":{"uv":[9.5,3,9,3.25],"texture":"#0"},"south":{"uv":[9.75,1.5,9.5,1.75],"texture":"#0"},"west":{"uv":[9,3,9.5,3.25],"texture":"#0"},"up":{"uv":[9.25,3.5,9,4],"texture":"#0"},"down":{"uv":[9.25,4,9,3.5],"texture":"#0"}}},{"from":[7.5,6.75,7.25],"to":[8.5,7.25,8.75],"rotation":{"angle":0,"axis":"y","origin":[0,-1,0]},"faces":{"north":{"uv":[2,9,2.5,9.25],"texture":"#0"},"east":{"uv":[8,6,8.75,6.25],"texture":"#0"},"south":{"uv":[2,9,2.5,9.25],"texture":"#0"},"west":{"uv":[8,6,8.75,6.25],"texture":"#0"},"up":{"uv":[3,7.75,2.5,7],"texture":"#0"},"down":{"uv":[3,7.75,2.5,7],"texture":"#0"}}},{"from":[7.25,8.25,6.75],"to":[8.75,9.75,9.25],"rotation":{"angle":0,"axis":"y","origin":[8,1.41533,5.58869]},"faces":{"north":{"uv":[6.5,5.5,7.25,6.25],"texture":"#0"},"east":{"uv":[7.25,1,6,1.75],"texture":"#0"},"south":{"uv":[6.5,5.5,7.25,6.25],"texture":"#0"},"west":{"uv":[6,1,7.25,1.75],"texture":"#0"},"up":{"uv":[6.75,3.25,6,2],"texture":"#0"},"down":{"uv":[6.25,6,5.5,7.25],"texture":"#0"}}},{"from":[7.5,9.75,7],"to":[8.5,10.25,9],"rotation":{"angle":0,"axis":"y","origin":[8,1.41533,5.58869]},"faces":{"north":{"uv":[1.5,9.5,2,9.75],"texture":"#0"},"east":{"uv":[8,5,9,5.25],"texture":"#0"},"south":{"uv":[1.5,9.5,2,9.75],"texture":"#0"},"west":{"uv":[8,5,9,5.25],"texture":"#0"},"up":{"uv":[1.5,8,1,7],"texture":"#0"},"down":{"uv":[1.5,8,1,7],"texture":"#0"}}},{"from":[7.75,9.75,7.25],"to":[8.25,22.25,8.75],"rotation":{"angle":0,"axis":"y","origin":[8,1.41533,5.58869]},"faces":{"north":{"uv":[3,0,3.25,6.25],"texture":"#0"},"east":{"uv":[1.75,0,1,6.25],"texture":"#0"},"south":{"uv":[3.5,0,3.75,6.25],"texture":"#0"},"west":{"uv":[1,0,1.75,6.25],"texture":"#0"},"up":{"uv":[7.25,9.25,7,8.5],"texture":"#0"},"down":{"uv":[8.75,7.5,8.5,8.25],"texture":"#0"}}},{"from":[7.775,21.55,7.25],"to":[8.225,23.05,8.75],"rotation":{"angle":-45,"axis":"x","origin":[8,22.3,8]},"faces":{"north":{"uv":[8.5,8.5,8.75,9.25],"texture":"#0"},"east":{"uv":[0,7,0.75,7.75],"texture":"#0"},"south":{"uv":[8.5,8.5,8.75,9.25],"texture":"#0"},"west":{"uv":[0,7,0.75,7.75],"texture":"#0"},"up":{"uv":[9.25,1,9,1.75],"texture":"#0"},"down":{"uv":[9.25,1,9,1.75],"texture":"#0"}}},{"from":[7.5,7.5,7.25],"to":[8.5,8.5,8.75],"rotation":{"angle":0,"axis":"y","origin":[0,-7,0]},"faces":{"north":{"uv":[2,8,2.5,8.5],"texture":"#0"},"east":{"uv":[7.5,2.5,8.25,3],"texture":"#0"},"south":{"uv":[2,8,2.5,8.5],"texture":"#0"},"west":{"uv":[7.5,2.5,8.25,3],"texture":"#0"},"up":{"uv":[4,7.75,3.5,7],"texture":"#0"},"down":{"uv":[4,7.75,3.5,7],"texture":"#0"}}},{"from":[7.5,7.66575,8.82357],"to":[8.5,8.66575,11.32357],"rotation":{"angle":45,"axis":"x","origin":[8,8.76575,10.17357]},"faces":{"north":{"uv":[0,8,0.5,8.5],"texture":"#0"},"east":{"uv":[1.25,6.5,0,7],"texture":"#0"},"south":{"uv":[0.5,8,1,8.5],"texture":"#0"},"west":{"uv":[0,6.5,1.25,7],"texture":"#0"},"up":{"uv":[2,7.75,1.5,6.5],"texture":"#0"},"down":{"uv":[2.5,6.5,2,7.75],"texture":"#0"}}},{"from":[7.75,6.39529,9.73562],"to":[8.25,8.39529,10.23562],"rotation":{"angle":-22.5,"axis":"x","origin":[8,7.64529,10.83562]},"faces":{"north":{"uv":[4.5,8,4.75,9],"texture":"#0"},"east":{"uv":[6,8,6.25,9],"texture":"#0"},"south":{"uv":[4.5,8,4.75,9],"texture":"#0"},"west":{"uv":[6,8,6.25,9],"texture":"#0"},"up":{"uv":[9.75,3.25,9.5,3],"texture":"#0"},"down":{"uv":[3.75,9.5,3.5,9.75],"texture":"#0"}}},{"from":[7.75,7.08784,10.02446],"to":[8.25,8.08784,11.52446],"rotation":{"angle":22.5,"axis":"x","origin":[8,7.46284,10.94946]},"faces":{"north":{"uv":[7.5,9,7.75,9.5],"texture":"#0"},"east":{"uv":[8.25,5.5,7.5,6],"texture":"#0"},"south":{"uv":[9,7.5,9.25,8],"texture":"#0"},"west":{"uv":[7.5,5.5,8.25,6],"texture":"#0"},"up":{"uv":[1.25,9.25,1,8.5],"texture":"#0"},"down":{"uv":[8.75,1,8.5,1.75],"texture":"#0"}}},{"from":[7.775,7.32022,11.29913],"to":[8.225,7.82022,12.29913],"rotation":{"angle":0,"axis":"y","origin":[8,7.82022,11.79913]},"faces":{"north":{"uv":[5,9.5,5.25,9.75],"texture":"#0"},"east":{"uv":[9,8.5,9.5,8.75],"texture":"#0"},"south":{"uv":[5,9.5,5.25,9.75],"texture":"#0"},"west":{"uv":[9,8.5,9.5,8.75],"texture":"#0"},"up":{"uv":[9.25,9.5,9,9],"texture":"#0"},"down":{"uv":[9,8.5,9.5,8.75],"texture":"#0"}}},{"from":[7.75,9.09323,8.50201],"to":[8.25,10.09323,10.00201],"rotation":{"angle":-22.5,"axis":"x","origin":[8,9.94323,9.37701]},"faces":{"north":{"uv":[6,9,6.25,9.5],"texture":"#0"},"east":{"uv":[8.25,1,7.5,1.5],"texture":"#0"},"south":{"uv":[9,6,9.25,6.5],"texture":"#0"},"west":{"uv":[7.5,1,8.25,1.5],"texture":"#0"},"up":{"uv":[8.25,8.25,8,7.5],"texture":"#0"},"down":{"uv":[0.25,8.5,0,9.25],"texture":"#0"}}},{"from":[7.775,10.05472,9.56935],"to":[8.225,10.55472,11.06935],"rotation":{"angle":-45,"axis":"x","origin":[8,9.95472,10.31935]},"faces":{"north":{"uv":[4.5,9.5,4.75,9.75],"texture":"#0"},"east":{"uv":[8.5,4.5,9.25,4.75],"texture":"#0"},"south":{"uv":[4.5,9.5,4.75,9.75],"texture":"#0"},"west":{"uv":[8.5,4.5,9.25,4.75],"texture":"#0"},"up":{"uv":[6.75,9.25,6.5,8.5],"texture":"#0"},"down":{"uv":[6.75,9.25,6.5,8.5],"texture":"#0"}}},{"from":[7.75,9.09323,5.99799],"to":[8.25,10.09323,7.49799],"rotation":{"angle":22.5,"axis":"x","origin":[8,9.94323,6.62299]},"faces":{"north":{"uv":[9.25,6,9,6.5],"texture":"#0"},"east":{"uv":[7.5,1,8.25,1.5],"texture":"#0"},"south":{"uv":[6.25,9,6,9.5],"texture":"#0"},"west":{"uv":[8.25,1,7.5,1.5],"texture":"#0"},"up":{"uv":[8.25,7.5,8,8.25],"texture":"#0"},"down":{"uv":[0.25,9.25,0,8.5],"texture":"#0"}}},{"from":[7.75,7.08784,4.47554],"to":[8.25,8.08784,5.97554],"rotation":{"angle":-22.5,"axis":"x","origin":[8,7.46284,5.05054]},"faces":{"north":{"uv":[9.25,7.5,9,8],"texture":"#0"},"east":{"uv":[7.5,5.5,8.25,6],"texture":"#0"},"south":{"uv":[7.75,9,7.5,9.5],"texture":"#0"},"west":{"uv":[8.25,5.5,7.5,6],"texture":"#0"},"up":{"uv":[1.25,8.5,1,9.25],"texture":"#0"},"down":{"uv":[8.75,1.75,8.5,1],"texture":"#0"}}},{"from":[7.75,6.39529,5.76438],"to":[8.25,8.39529,6.26438],"rotation":{"angle":22.5,"axis":"x","origin":[8,7.64529,5.16438]},"faces":{"north":{"uv":[4.75,8,4.5,9],"texture":"#0"},"east":{"uv":[6.25,8,6,9],"texture":"#0"},"south":{"uv":[4.75,8,4.5,9],"texture":"#0"},"west":{"uv":[6.25,8,6,9],"texture":"#0"},"up":{"uv":[9.75,3,9.5,3.25],"texture":"#0"},"down":{"uv":[3.75,9.75,3.5,9.5],"texture":"#0"}}},{"from":[7.775,10.05472,4.93065],"to":[8.225,10.55472,6.43065],"rotation":{"angle":45,"axis":"x","origin":[8,9.95472,5.68065]},"faces":{"north":{"uv":[4.75,9.5,4.5,9.75],"texture":"#0"},"east":{"uv":[9.25,4.5,8.5,4.75],"texture":"#0"},"south":{"uv":[4.75,9.5,4.5,9.75],"texture":"#0"},"west":{"uv":[9.25,4.5,8.5,4.75],"texture":"#0"},"up":{"uv":[6.75,8.5,6.5,9.25],"texture":"#0"},"down":{"uv":[6.75,8.5,6.5,9.25],"texture":"#0"}}},{"from":[7.775,7.32022,3.70087],"to":[8.225,7.82022,4.70087],"rotation":{"angle":0,"axis":"y","origin":[8,7.82022,4.20087]},"faces":{"north":{"uv":[5.25,9.5,5,9.75],"texture":"#0"},"east":{"uv":[9.5,8.5,9,8.75],"texture":"#0"},"south":{"uv":[5.25,9.5,5,9.75],"texture":"#0"},"west":{"uv":[9.5,8.5,9,8.75],"texture":"#0"},"up":{"uv":[9.25,9,9,9.5],"texture":"#0"},"down":{"uv":[9,8.75,9.5,8.5],"texture":"#0"}}},{"from":[7.5,7.66575,4.67643],"to":[8.5,8.66575,7.17643],"rotation":{"angle":-45,"axis":"x","origin":[8,8.76575,5.82643]},"faces":{"north":{"uv":[1,8,0.5,8.5],"texture":"#0"},"east":{"uv":[0,6.5,1.25,7],"texture":"#0"},"south":{"uv":[0.5,8,0,8.5],"texture":"#0"},"west":{"uv":[1.25,6.5,0,7],"texture":"#0"},"up":{"uv":[2,6.5,1.5,7.75],"texture":"#0"},"down":{"uv":[2.5,7.75,2,6.5],"texture":"#0"}}},{"from":[7,9.85,6.5],"to":[9,9.85,9.5],"rotation":{"angle":0,"axis":"y","origin":[8,9.85,7.25]},"faces":{"north":{"uv":[0,0,1,0],"texture":"#0"},"east":{"uv":[0,0,1.5,0],"texture":"#0"},"south":{"uv":[0,0,1,0],"texture":"#0"},"west":{"uv":[0,0,1.5,0],"texture":"#0"},"up":{"uv":[3,5.5,2,4],"texture":"#0"},"down":{"uv":[3,5.5,2,4],"texture":"#0"}}},{"from":[7,7.85,6.5],"to":[7,9.85,9.5],"rotation":{"angle":0,"axis":"y","origin":[6.25,1.51533,5.58869]},"faces":{"north":{"uv":[0,0,0,1],"texture":"#0"},"east":{"uv":[5.5,3,4,4],"texture":"#0"},"south":{"uv":[0,0,0,1],"texture":"#0"},"west":{"uv":[4,3,5.5,4],"texture":"#0"},"up":{"uv":[0,1.5,0,0],"texture":"#0"},"down":{"uv":[0,0,0,1.5],"texture":"#0"}}},{"from":[7,7.85,9.5],"to":[9,9.85,9.5],"rotation":{"angle":0,"axis":"y","origin":[8.25,9.1,9.5]},"faces":{"north":{"uv":[6.5,5,5.5,6],"texture":"#0"},"east":{"uv":[0,0,0,1],"texture":"#0"},"south":{"uv":[5.5,5,6.5,6],"texture":"#0"},"west":{"uv":[0,0,0,1],"texture":"#0"},"up":{"uv":[1,0,0,0],"texture":"#0"},"down":{"uv":[1,0,0,0],"texture":"#0"}}},{"from":[9,7.85,6.5],"to":[9,9.85,9.5],"rotation":{"angle":0,"axis":"y","origin":[8.25,1.51533,5.58869]},"faces":{"north":{"uv":[0,0,0,1],"texture":"#0"},"east":{"uv":[5.5,3,4,4],"texture":"#0"},"south":{"uv":[0,0,0,1],"texture":"#0"},"west":{"uv":[4,3,5.5,4],"texture":"#0"},"up":{"uv":[0,1.5,0,0],"texture":"#0"},"down":{"uv":[0,0,0,1.5],"texture":"#0"}}},{"from":[7,7.85,6.5],"to":[9,9.85,6.5],"rotation":{"angle":0,"axis":"y","origin":[8.25,9.1,6.5]},"faces":{"north":{"uv":[5.5,5,6.5,6],"texture":"#0"},"east":{"uv":[0,0,0,1],"texture":"#0"},"south":{"uv":[6.5,5,5.5,6],"texture":"#0"},"west":{"uv":[0,0,0,1],"texture":"#0"},"up":{"uv":[1,0,0,0],"texture":"#0"},"down":{"uv":[1,0,0,0],"texture":"#0"}}},{"name":"Animation1","from":[7.5,10.25,7],"to":[8.5,17.75,9],"rotation":{"angle":0,"axis":"y","origin":[8,1.91533,5.58869]},"faces":{"north":{"uv":[0,0,4,15],"texture":"#1"},"east":{"uv":[4,0,0,15],"texture":"#1"},"south":{"uv":[0,0,4,15],"texture":"#1"},"west":{"uv":[0,0,4,15],"texture":"#1"},"up":{"uv":[14.5,16,14,15],"texture":"#0"},"down":{"uv":[14.5,16,14,15],"texture":"#0"}}},{"name":"Animation2","from":[7.5,11.25,7],"to":[8.5,18.75,9],"rotation":{"angle":0,"axis":"y","origin":[8,2.91533,5.58869]},"faces":{"north":{"uv":[0,0,4,15],"texture":"#1"},"east":{"uv":[4,0,0,15],"texture":"#1"},"south":{"uv":[0,0,4,15],"texture":"#1"},"west":{"uv":[0,0,4,15],"texture":"#1"},"up":{"uv":[14.5,16,14,15],"texture":"#0"},"down":{"uv":[14.5,16,14,15],"texture":"#0"}}}],"display":{"thirdperson_righthand":{"translation":[0.25,3.25,0.5],"scale":[1.25,1.25,1.25]},"thirdperson_lefthand":{"translation":[0.25,3.25,0.5],"scale":[1.25,1.25,1.25]},"firstperson_righthand":{"translation":[1.25,1,0]},"firstperson_lefthand":{"translation":[1.25,1,0]},"ground":{"rotation":[-45,0,0],"translation":[0,0.5,0],"scale":[0.55,0.55,0.55]},"gui":{"rotation":[-90,-45,-90],"translation":[-1.75,-2,0],"scale":[0.75,0.75,0.75]},"head":{"scale":[0,0,0]},"fixed":{"rotation":[90,-45,90],"translation":[1.75,-1.75,-0.5],"scale":[0.9,0.9,0.9]}},"groups":[0,1,2,3,4,5,6,7,8,9,10,11,12,13,14,15,16,17,18,19,20,21,{"name":"Layer","origin":[8.25,9,6.5],"color":0,"children":[22,23,24,25,26,27,28]}]}