{"credit":"Made with Blockbench","texture_size":[64,64],"textures":{"0":"mimix_stray:items/stray_scythe/stray_scythe","1":"mimix_stray:items/stray_scythe/stray_scythe1","particle":"mimix_stray:items/stray_scythe/stray_scythe"},"elements":[{"from":[7.75,2,7.5],"to":[8.25,22,8.5],"rotation":{"angle":0,"axis":"y","origin":[0,1,0]},"faces":{"north":{"uv":[0.5,1.5,0.625,6.5],"texture":"#0"},"east":{"uv":[0.5,1.5,0.25,6.5],"texture":"#0"},"south":{"uv":[0.625,1.5,0.75,6.5],"texture":"#0"},"west":{"uv":[0.25,1.5,0.5,6.5],"texture":"#0"},"up":{"uv":[6.375,5,6.25,4.75],"texture":"#0"},"down":{"uv":[6.375,5,6.25,5.25],"texture":"#0"}}},{"from":[7.5,1,7.25],"to":[8.5,2.5,8.75],"rotation":{"angle":-45,"axis":"x","origin":[8,1.75,8]},"faces":{"north":{"uv":[1.5,6,1.25,6.375],"texture":"#0"},"east":{"uv":[4.125,5.75,3.75,6.125],"texture":"#0"},"south":{"uv":[1,6,1.25,6.375],"texture":"#0"},"west":{"uv":[3.75,5.75,4.125,6.125],"texture":"#0"},"up":{"uv":[1,6.375,1.25,6],"texture":"#0"},"down":{"uv":[1.5,6,1.25,6.375],"texture":"#0"}}},{"from":[7.5,20,7.25],"to":[8.5,20.5,8.75],"rotation":{"angle":0,"axis":"y","origin":[0,1.25,0]},"faces":{"north":{"uv":[6.25,5.25,6.5,5.375],"texture":"#0"},"east":{"uv":[6.25,1.25,6.625,1.375],"texture":"#0"},"south":{"uv":[6.25,5.25,6.5,5.375],"texture":"#0"},"west":{"uv":[6.25,1.25,6.625,1.375],"texture":"#0"},"up":{"uv":[1.75,6.375,1.5,6],"texture":"#0"},"down":{"uv":[1.75,6.375,1.5,6],"texture":"#0"}}},{"from":[7.5,20.75,7.25],"to":[8.5,21.75,8.75],"rotation":{"angle":0,"axis":"y","origin":[0,1.25,0]},"faces":{"north":{"uv":[3,5,3.25,5.25],"texture":"#0"},"east":{"uv":[1.75,6,2.125,6.25],"texture":"#0"},"south":{"uv":[3,5,3.25,5.25],"texture":"#0"},"west":{"uv":[1.75,6,2.125,6.25],"texture":"#0"},"up":{"uv":[6.25,2.375,6,2],"texture":"#0"},"down":{"uv":[2.5,6,2.25,6.375],"texture":"#0"}}},{"from":[7.25,22,6.5],"to":[8.75,24,7],"rotation":{"angle":0,"axis":"y","origin":[8,10.66533,5.58869]},"faces":{"north":{"uv":[1,5.5,1.375,6],"texture":"#0"},"east":{"uv":[6,6,6.125,6.5],"texture":"#0"},"south":{"uv":[1,5.5,1.375,6],"texture":"#0"},"west":{"uv":[6,6,6.125,6.5],"texture":"#0"},"up":{"uv":[2.125,6.25,1.75,6.375],"texture":"#0"},"down":{"uv":[2.125,6.25,1.75,6.375],"texture":"#0"}}},{"from":[7.25,22,9],"to":[8.75,24,9.5],"rotation":{"angle":0,"axis":"y","origin":[8,10.66533,5.58869]},"faces":{"north":{"uv":[5.5,1.25,5.875,1.75],"texture":"#0"},"east":{"uv":[6.25,0.5,6.375,1],"texture":"#0"},"south":{"uv":[5.5,1.25,5.875,1.75],"texture":"#0"},"west":{"uv":[6.25,0.5,6.375,1],"texture":"#0"},"up":{"uv":[6.625,4.125,6.25,4],"texture":"#0"},"down":{"uv":[5.125,6.25,4.75,6.375],"texture":"#0"}}},{"from":[7.25,24,6.5],"to":[8.75,24.5,9.5],"rotation":{"angle":0,"axis":"y","origin":[8,10.66533,5.58869]},"faces":{"north":{"uv":[6.25,2,6.625,2.125],"texture":"#0"},"east":{"uv":[6,2.75,6.75,2.875],"texture":"#0"},"south":{"uv":[6.25,2,6.625,2.125],"texture":"#0"},"west":{"uv":[6,2.75,6.75,2.875],"texture":"#0"},"up":{"uv":[4.875,3.75,4.5,3],"texture":"#0"},"down":{"uv":[4.875,3.75,4.5,3],"texture":"#0"}}},{"from":[7.25,21.5,6.5],"to":[8.75,22,9.5],"rotation":{"angle":0,"axis":"y","origin":[8,10.66533,5.58869]},"faces":{"north":{"uv":[3.75,6.25,4.125,6.375],"texture":"#0"},"east":{"uv":[6,4.5,6.75,4.625],"texture":"#0"},"south":{"uv":[3.75,6.25,4.125,6.375],"texture":"#0"},"west":{"uv":[6,4.5,6.75,4.625],"texture":"#0"},"up":{"uv":[5.125,5,4.75,4.25],"texture":"#0"},"down":{"uv":[5.125,5,4.75,4.25],"texture":"#0"}}},{"from":[7.525,21.75,3],"to":[8.475,24.25,11.5],"rotation":{"angle":0,"axis":"y","origin":[8,10.66533,5.58869]},"faces":{"north":{"uv":[3.75,4.5,4,5.125],"texture":"#0"},"east":{"uv":[2.125,0.75,0,1.375],"texture":"#0"},"south":{"uv":[5.5,3.5,5.75,4.125],"texture":"#0"},"west":{"uv":[0,0.75,2.125,1.375],"texture":"#0"},"up":{"uv":[2.25,5.875,2,3.75],"texture":"#0"},"down":{"uv":[2.5,3.75,2.25,5.875],"texture":"#0"}}},{"from":[7.5,22,7],"to":[8.5,24,9],"rotation":{"angle":0,"axis":"y","origin":[8,10.66533,5.58869]},"faces":{"north":{"uv":[5,5.75,5.25,6.25],"texture":"#0"},"east":{"uv":[0,0,16,16],"texture":"#1"},"south":{"uv":[5,5.75,5.25,6.25],"texture":"#0"},"west":{"uv":[0,0,16,16],"texture":"#1"},"up":{"uv":[5,5.75,5.25,6.25],"texture":"#0"},"down":{"uv":[5,5.75,5.25,6.25],"texture":"#0"}}},{"from":[7.5,22.65,11],"to":[8.5,24.65,13.5],"rotation":{"angle":-22.5,"axis":"x","origin":[8,23,12.75]},"faces":{"north":{"uv":[5.75,5.75,6,6.25],"texture":"#0"},"east":{"uv":[5.125,2.5,4.5,3],"texture":"#0"},"south":{"uv":[6,0,6.25,0.5],"texture":"#0"},"west":{"uv":[4.5,2.5,5.125,3],"texture":"#0"},"up":{"uv":[3.5,6.375,3.25,5.75],"texture":"#0"},"down":{"uv":[3.75,5.75,3.5,6.375],"texture":"#0"}}},{"from":[7.75,22.50157,12.25105],"to":[8.25,24.00157,14.75105],"rotation":{"angle":-45,"axis":"x","origin":[8,23.50157,12.00105]},"faces":{"north":{"uv":[6.25,3.5,6.375,3.875],"texture":"#0"},"east":{"uv":[5.875,5.25,5.25,5.625],"texture":"#0"},"south":{"uv":[6.25,3.5,6.375,3.875],"texture":"#0"},"west":{"uv":[5.25,5.25,5.875,5.625],"texture":"#0"},"up":{"uv":[4.625,6.625,4.5,6],"texture":"#0"},"down":{"uv":[6.125,4.75,6,5.375],"texture":"#0"}}},{"from":[7.5,20.4,-2.75],"to":[8.5,22.9,3.25],"rotation":{"angle":-22.5,"axis":"x","origin":[8,23,0]},"faces":{"north":{"uv":[2.5,5.75,2.75,6.375],"texture":"#0"},"east":{"uv":[3.75,2.25,2.25,2.875],"texture":"#0"},"south":{"uv":[2.5,5.75,2.75,6.375],"texture":"#0"},"west":{"uv":[2.25,2.25,3.75,2.875],"texture":"#0"},"up":{"uv":[4.25,1.5,4,0],"texture":"#0"},"down":{"uv":[4.25,3.75,4,5.25],"texture":"#0"}}},{"from":[7.525,19.16449,-3.83291],"to":[8.475,20.66449,-1.33291],"rotation":{"angle":-45,"axis":"x","origin":[8,20.13949,-2.33291]},"faces":{"north":{"uv":[6,3,6.25,3.375],"texture":"#0"},"east":{"uv":[5.875,4.25,5.25,4.625],"texture":"#0"},"south":{"uv":[6,3,6.25,3.375],"texture":"#0"},"west":{"uv":[5.25,4.25,5.875,4.625],"texture":"#0"},"up":{"uv":[3,6.375,2.75,5.75],"texture":"#0"},"down":{"uv":[3.25,5.75,3,6.375],"texture":"#0"}}},{"from":[8.725,21.35,3],"to":[8.725,24.35,7],"rotation":{"angle":0,"axis":"y","origin":[8,10.66533,5.58869]},"faces":{"north":{"uv":[0,0,0,0.75],"texture":"#0"},"east":{"uv":[4.5,3,3.5,3.75],"texture":"#0"},"south":{"uv":[0,0,0,0.75],"texture":"#0"},"west":{"uv":[3.5,3,4.5,3.75],"texture":"#0"},"up":{"uv":[0,1,0,0],"texture":"#0"},"down":{"uv":[0,0,0,1],"texture":"#0"}}},{"from":[7.275,24.35,9.1],"to":[8.725,24.35,11.6],"rotation":{"angle":0,"axis":"y","origin":[8.725,22.75,7.25]},"faces":{"north":{"uv":[0,0,0.375,0],"texture":"#0"},"east":{"uv":[0,0,0.625,0],"texture":"#0"},"south":{"uv":[0,0,0.375,0],"texture":"#0"},"west":{"uv":[0,0,0.625,0],"texture":"#0"},"up":{"uv":[4.625,5.875,4.25,5.25],"texture":"#0"},"down":{"uv":[4.625,5.25,4.25,5.875],"texture":"#0"}}},{"from":[7.275,24.35,3],"to":[8.725,24.35,6.5],"rotation":{"angle":0,"axis":"y","origin":[8.725,22.75,7.25]},"faces":{"north":{"uv":[0,0,0.375,0],"texture":"#0"},"east":{"uv":[0,0,0.875,0],"texture":"#0"},"south":{"uv":[0,0,0.375,0],"texture":"#0"},"west":{"uv":[0,0,0.875,0],"texture":"#0"},"up":{"uv":[4.625,5.125,4.25,4.25],"texture":"#0"},"down":{"uv":[4.625,5.125,4.25,4.25],"texture":"#0"}}},{"from":[7.275,21.35,3],"to":[7.275,24.35,7],"rotation":{"angle":0,"axis":"y","origin":[8,10.66533,5.58869]},"faces":{"north":{"uv":[0,0,0,0.75],"texture":"#0"},"east":{"uv":[4.5,3,3.5,3.75],"texture":"#0"},"south":{"uv":[0,0,0,0.75],"texture":"#0"},"west":{"uv":[3.5,3,4.5,3.75],"texture":"#0"},"up":{"uv":[0,1,0,0],"texture":"#0"},"down":{"uv":[0,0,0,1],"texture":"#0"}}},{"from":[7.275,21.35,9.1],"to":[7.275,24.35,11.6],"rotation":{"angle":0,"axis":"y","origin":[8,10.66533,5.58869]},"faces":{"north":{"uv":[0,0,0,0.75],"texture":"#0"},"east":{"uv":[4.375,2.25,3.75,3],"texture":"#0"},"south":{"uv":[0,0,0,0.75],"texture":"#0"},"west":{"uv":[3.75,2.25,4.375,3],"texture":"#0"},"up":{"uv":[0,0.625,0,0],"texture":"#0"},"down":{"uv":[0,0,0,0.625],"texture":"#0"}}},{"from":[8.725,21.35,9.1],"to":[8.725,24.35,11.6],"rotation":{"angle":0,"axis":"y","origin":[8,10.66533,5.58869]},"faces":{"north":{"uv":[0,0,0,0.75],"texture":"#0"},"east":{"uv":[4.375,2.25,3.75,3],"texture":"#0"},"south":{"uv":[0,0,0,0.75],"texture":"#0"},"west":{"uv":[3.75,2.25,4.375,3],"texture":"#0"},"up":{"uv":[0,0.625,0,0],"texture":"#0"},"down":{"uv":[0,0,0,0.625],"texture":"#0"}}},{"from":[7.275,21.35,11.6],"to":[8.725,24.35,11.6],"rotation":{"angle":0,"axis":"y","origin":[7.275,22.75,7.25]},"faces":{"north":{"uv":[4.75,5,5.125,5.75],"texture":"#0"},"east":{"uv":[0,0,0,0.75],"texture":"#0"},"south":{"uv":[5.25,2.25,5.625,3],"texture":"#0"},"west":{"uv":[0,0,0,0.75],"texture":"#0"},"up":{"uv":[0.375,0,0,0],"texture":"#0"},"down":{"uv":[0.375,0,0,0],"texture":"#0"}}},{"from":[8.75,20.025,-3],"to":[8.75,23.025,3.5],"rotation":{"angle":-22.5,"axis":"x","origin":[8,23,0]},"faces":{"north":{"uv":[0,0,0,0.75],"texture":"#0"},"east":{"uv":[2.25,0,3.875,0.75],"texture":"#0"},"south":{"uv":[0,0,0,0.75],"texture":"#0"},"west":{"uv":[3.875,0,2.25,0.75],"texture":"#0"},"up":{"uv":[0,1.625,0,0],"texture":"#0"},"down":{"uv":[0,0,0,1.625],"texture":"#0"}}},{"from":[7.25,19.27814,-2.2547],"to":[8.75,22.27814,-2.2547],"rotation":{"angle":-22.5,"axis":"x","origin":[8.75,20.75314,-1.5047]},"faces":{"north":{"uv":[2.5,5,2.875,5.75],"texture":"#0"},"east":{"uv":[0,0,0,0.75],"texture":"#0"},"south":{"uv":[5,3,5.375,3.75],"texture":"#0"},"west":{"uv":[0,0,0,0.75],"texture":"#0"},"up":{"uv":[0.375,0,0,0],"texture":"#0"},"down":{"uv":[0.375,0,0,0],"texture":"#0"}}},{"from":[7.25,23.24246,-2.40674],"to":[8.75,23.24246,4.09326],"rotation":{"angle":-22.5,"axis":"x","origin":[8.75,21.61746,0.84326]},"faces":{"north":{"uv":[0,0,0.375,0],"texture":"#0"},"east":{"uv":[0,0,1.625,0],"texture":"#0"},"south":{"uv":[0,0,0.375,0],"texture":"#0"},"west":{"uv":[0,0,1.625,0],"texture":"#0"},"up":{"uv":[1.375,5.375,1,3.75],"texture":"#0"},"down":{"uv":[1,3.75,1.375,5.375],"texture":"#0"}}},{"from":[7.25,20.025,-3],"to":[7.25,23.025,3.5],"rotation":{"angle":-22.5,"axis":"x","origin":[8,23,0]},"faces":{"north":{"uv":[0,0,0,0.75],"texture":"#0"},"east":{"uv":[3.875,0,2.25,0.75],"texture":"#0"},"south":{"uv":[0,0,0,0.75],"texture":"#0"},"west":{"uv":[2.25,0,3.875,0.75],"texture":"#0"},"up":{"uv":[0,1.625,0,0],"texture":"#0"},"down":{"uv":[0,0,0,1.625],"texture":"#0"}}},{"from":[7.275,18.69755,-3.69452],"to":[7.275,20.69755,-0.69452],"rotation":{"angle":-45,"axis":"x","origin":[7.275,19.69755,-2.24452]},"faces":{"north":{"uv":[0,0,0,0.5],"texture":"#0"},"east":{"uv":[5,0.5,4.25,1],"texture":"#0"},"south":{"uv":[0,0,0,0.5],"texture":"#0"},"west":{"uv":[4.25,0.5,5,1],"texture":"#0"},"up":{"uv":[0,0.75,0,0],"texture":"#0"},"down":{"uv":[0,0,0,0.75],"texture":"#0"}}},{"from":[7.275,18.24755,-3.24452],"to":[8.725,18.24755,-1.24452],"rotation":{"angle":45,"axis":"x","origin":[7.275,19.69755,-2.24452]},"faces":{"north":{"uv":[0,0,0.375,0],"texture":"#0"},"east":{"uv":[0,0,0.5,0],"texture":"#0"},"south":{"uv":[0,0,0.375,0],"texture":"#0"},"west":{"uv":[0,0,0.5,0],"texture":"#0"},"up":{"uv":[5.5,3.5,5.875,3],"texture":"#0"},"down":{"uv":[5.875,3,5.5,3.5],"texture":"#0"}}},{"from":[7.275,20.65361,-3.80059],"to":[8.725,20.65361,-0.80059],"rotation":{"angle":-45,"axis":"x","origin":[7.275,19.80361,-2.35059]},"faces":{"north":{"uv":[0,0,0.375,0],"texture":"#0"},"east":{"uv":[0,0,0.75,0],"texture":"#0"},"south":{"uv":[0,0,0.375,0],"texture":"#0"},"west":{"uv":[0,0,0.75,0],"texture":"#0"},"up":{"uv":[5.375,1.5,5,0.75],"texture":"#0"},"down":{"uv":[5.375,0.75,5,1.5],"texture":"#0"}}},{"from":[8.725,18.76449,-4.03291],"to":[8.725,20.76449,-1.03291],"rotation":{"angle":-45,"axis":"x","origin":[8,20.13949,-2.33291]},"faces":{"north":{"uv":[0,0,0,0.5],"texture":"#0"},"east":{"uv":[5,0.5,4.25,1],"texture":"#0"},"south":{"uv":[0,0,0,0.5],"texture":"#0"},"west":{"uv":[4.25,0.5,5,1],"texture":"#0"},"up":{"uv":[0,0.75,0,0],"texture":"#0"},"down":{"uv":[0,0,0,0.75],"texture":"#0"}}}],"display":{"thirdperson_righthand":{"translation":[0,-6,1],"scale":[1.25,1.25,1.25]},"thirdperson_lefthand":{"translation":[0,-6,1],"scale":[1.25,1.25,1.25]},"firstperson_righthand":{"rotation":[-2,0,0],"translation":[0.25,-1.25,1],"scale":[0.75,0.75,0.75]},"firstperson_lefthand":{"rotation":[-2,0,0],"translation":[0.25,-1.25,1],"scale":[0.75,0.75,0.75]},"ground":{"rotation":[45,0,0],"scale":[0.5,0.5,0.5]},"gui":{"rotation":[90,45,-90],"translation":[-3,-3.5,0],"scale":[0.6,0.6,0.6]},"head":{"scale":[0,0,0]},"fixed":{"rotation":[90,-45,90],"translation":[4,-4,-0.5],"scale":[0.75,0.75,0.75]}},"groups":[0,1,2,3,4,5,6,7,8,9,10,11,12,13,{"name":"Layer","origin":[8,20.13949,-2.33291],"color":0,"children":[14,15,16,17,18,19,20,21,22,23,24,25,26,27,28]}]}