{"credit":"Made with Blockbench","texture_size":[128,128],"textures":{"0":"elitecreatures:cat_sage_animated_weapon_set/cat_sage_texture","4":"elitecreatures:cat_sage_animated_weapon_set/cat_sage_animation03","particle":"elitecreatures:cat_sage_animated_weapon_set/cat_sage_texture"},"elements":[{"from":[3.5,8,6],"to":[12.5,15,11],"rotation":{"angle":0,"axis":"y","origin":[16.5,1,19]},"faces":{"north":{"uv":[9.375,6.8125,8.25,7.6875],"texture":"#0"},"east":{"uv":[5.375,6.25,6,7.125],"texture":"#0"},"south":{"uv":[7.125,6.8125,6,7.6875],"texture":"#0"},"west":{"uv":[6,6.25,5.375,7.125],"texture":"#0"},"up":{"uv":[6,7.125,4.875,7.75],"texture":"#0"},"down":{"uv":[6,7.125,4.875,7.75],"texture":"#0"}}},{"from":[1.9,13.5,8.5],"to":[5.9,19.5,8.5],"rotation":{"angle":22.5,"axis":"y","origin":[3.9,16.5,8.5]},"faces":{"north":{"uv":[8.3125,0.875,8.8125,1.625],"texture":"#0"},"east":{"uv":[5.375,6.25,6,7.125],"texture":"#0"},"south":{"uv":[8.375,0.875,7.75,1.625],"texture":"#0"},"west":{"uv":[6,6.25,5.375,7.125],"texture":"#0"},"up":{"uv":[6,7.125,4.875,7.75],"texture":"#0"},"down":{"uv":[6,7.125,4.875,7.75],"texture":"#0"}}},{"from":[10.1,13.5,8.5],"to":[14.1,19.5,8.5],"rotation":{"angle":-22.5,"axis":"y","origin":[12.1,16.5,8.5]},"faces":{"north":{"uv":[8.8125,0.875,8.3125,1.625],"texture":"#0"},"east":{"uv":[5.375,6.25,6,7.125],"texture":"#0"},"south":{"uv":[7.75,0.875,8.375,1.625],"texture":"#0"},"west":{"uv":[6,6.25,5.375,7.125],"texture":"#0"},"up":{"uv":[4.875,7.125,6,7.75],"texture":"#0"},"down":{"uv":[4.875,7.125,6,7.75],"texture":"#0"}}},{"from":[2.5,8,11],"to":[13.5,11,14],"rotation":{"angle":0,"axis":"y","origin":[8,9.5,12.5]},"faces":{"north":{"uv":[6.25,8.625,4.875,9],"texture":"#0"},"east":{"uv":[7.625,6,8,6.375],"texture":"#0"},"south":{"uv":[6.25,8.625,4.875,9],"texture":"#0"},"west":{"uv":[8,6,7.625,6.375],"texture":"#0"},"up":{"uv":[6.25,9,4.875,9.375],"texture":"#0"},"down":{"uv":[6.25,9,4.875,9.375],"texture":"#0"}}},{"from":[3.5,4,6],"to":[12.5,8,13],"rotation":{"angle":0,"axis":"y","origin":[16.5,-6,19]},"faces":{"north":{"uv":[8.25,8.1875,7.125,8.6875],"texture":"#0"},"east":{"uv":[3.9375,8.375,4.8125,8.875],"texture":"#0"},"south":{"uv":[7.125,7.6875,6,8.1875],"texture":"#0"},"west":{"uv":[4.8125,8.375,3.9375,8.875],"texture":"#0"},"up":{"uv":[8.25,7.625,7.125,8.125],"texture":"#0"},"down":{"uv":[6,7.75,4.875,8.625],"texture":"#0"}}},{"from":[2,4,6],"to":[3.5,8,10],"rotation":{"angle":0,"axis":"y","origin":[-2.5,-6,19]},"faces":{"north":{"uv":[4.6875,9.375,4.5,9.875],"texture":"#0"},"east":{"uv":[4.5,8.875,4,9.375],"texture":"#0"},"south":{"uv":[4.6875,8.875,4.5,9.375],"texture":"#0"},"west":{"uv":[4.5,8.875,4,9.375],"texture":"#0"},"up":{"uv":[5.25,6.5,5.0625,7],"texture":"#0"},"down":{"uv":[4.75,7.3125,4.5625,7.8125],"texture":"#0"}}},{"from":[12.5,4,6],"to":[14,8,10],"rotation":{"angle":0,"axis":"y","origin":[18.5,-6,19]},"faces":{"north":{"uv":[4.5,9.375,4.6875,9.875],"texture":"#0"},"east":{"uv":[4,8.875,4.5,9.375],"texture":"#0"},"south":{"uv":[4.5,8.875,4.6875,9.375],"texture":"#0"},"west":{"uv":[4,8.875,4.5,9.375],"texture":"#0"},"up":{"uv":[5.0625,6.5,5.25,7],"texture":"#0"},"down":{"uv":[4.5625,7.3125,4.75,7.8125],"texture":"#0"}}},{"from":[12,5,9],"to":[20,25,9],"rotation":{"angle":-22.5,"axis":"y","origin":[16,10,11]},"faces":{"north":{"uv":[0,0,4,10],"texture":"#4"},"east":{"uv":[0,0,0,8.5],"texture":"#missing"},"south":{"uv":[4,0,0,10],"texture":"#4"},"west":{"uv":[0,0,0,8.5],"texture":"#missing"},"up":{"uv":[0,3,0,0],"rotation":90,"texture":"#missing"},"down":{"uv":[0,0,0,3],"rotation":270,"texture":"#missing"}}},{"from":[-4,5,9],"to":[4,25,9],"rotation":{"angle":22.5,"axis":"y","origin":[0,10,11]},"faces":{"north":{"uv":[4,0,0,10],"texture":"#4"},"east":{"uv":[0,0,0,8.5],"texture":"#missing"},"south":{"uv":[0,0,4,10],"texture":"#4"},"west":{"uv":[0,0,0,8.5],"texture":"#missing"},"up":{"uv":[0,0,0,3],"rotation":90,"texture":"#missing"},"down":{"uv":[0,3,0,0],"rotation":270,"texture":"#missing"}}},{"from":[5,-2,8.5],"to":[5,5,11.5],"rotation":{"angle":0,"axis":"y","origin":[3,2,11.5]},"faces":{"north":{"uv":[0,0,0,0.875],"texture":"#missing"},"east":{"uv":[4.875,0,5.25,0.875],"texture":"#0"},"south":{"uv":[0,0,0,0.875],"texture":"#missing"},"west":{"uv":[5.25,0,4.875,0.875],"texture":"#0"},"up":{"uv":[0,0.375,0,0],"texture":"#missing"},"down":{"uv":[0,0.375,0,0],"texture":"#missing"}}},{"from":[3.75,-3.56765,9.59008],"to":[6.25,-1.06765,12.09008],"rotation":{"angle":-22.5,"axis":"x","origin":[5,-0.625,11]},"faces":{"north":{"uv":[4.3125,2.25,4,2.5625],"texture":"#0"},"east":{"uv":[3.125,2.8125,3.4375,3.125],"texture":"#0"},"south":{"uv":[3.75,2.8125,3.4375,3.125],"texture":"#0"},"west":{"uv":[3.4375,2.8125,3.125,3.125],"texture":"#0"},"up":{"uv":[4.0625,2.875,4.375,2.5625],"texture":"#0"},"down":{"uv":[3.75,2.875,4.0625,2.5625],"texture":"#0"}}},{"from":[4,1,9],"to":[6,3,11],"rotation":{"angle":0,"axis":"y","origin":[5,0.375,10.5]},"faces":{"north":{"uv":[3.875,3.125,3.625,3.375],"texture":"#0"},"east":{"uv":[3.125,3.125,3.375,3.375],"texture":"#0"},"south":{"uv":[3.375,3.125,3.625,3.375],"texture":"#0"},"west":{"uv":[3.375,3.125,3.125,3.375],"texture":"#0"},"up":{"uv":[3.75,3.125,4,2.875],"texture":"#0"},"down":{"uv":[3.75,2.875,4,3.125],"texture":"#0"}}}],"gui_light":"front","display":{"thirdperson_righthand":{"rotation":[75,45,0],"translation":[-0.25,2.75,0],"scale":[0.39258,0.39258,0.39258]},"thirdperson_lefthand":{"rotation":[68,0,0],"translation":[-6,-7.75,6.75]},"firstperson_righthand":{"translation":[1.75,3.25,0],"scale":[0.48281,0.48281,0.48281]},"firstperson_lefthand":{"scale":[0,0,0]},"ground":{"translation":[0,11,0],"scale":[0.7,0.7,0.7]},"gui":{"rotation":[14,-24,0],"translation":[0.5,-2.25,-1.5],"scale":[0.90821,0.90821,0.90821]},"head":{"translation":[0,-53.5,6.5],"scale":[1.6,1.6,1.6]},"fixed":{"rotation":[0,180,0],"translation":[0,-4.75,-5.75],"scale":[2.8,2.8,2.8]}},"groups":[{"name":"group","origin":[3,21.75,8],"color":0,"children":[]},0,1,2,3,4,5,6,7,8,9,10,11],"mcmodels":"92e97e2faa2310f7974495521fa5af9c"}