{"credit":"Made with Blockbench","texture_size":[128,128],"textures":{"0":"elitecreatures:cat_sage_animated_weapon_set/cat_sage_texture","2":"elitecreatures:cat_sage_animated_weapon_set/cat_sage_animation01","3":"elitecreatures:cat_sage_animated_weapon_set/cat_sage_animation02","4":"elitecreatures:cat_sage_animated_weapon_set/cat_sage_animation03","particle":"elitecreatures:cat_sage_animated_weapon_set/cat_sage_texture"},"elements":[{"from":[6.5,12.5,5.5],"to":[9.5,16,10.5],"rotation":{"angle":0,"axis":"y","origin":[8,5.5,7]},"faces":{"north":{"uv":[1.125,2.9375,1.5,2.5],"texture":"#0"},"east":{"uv":[0.25,2.9375,0.875,2.5],"texture":"#0"},"south":{"uv":[1.125,2.9375,1.5,2.5],"texture":"#0"},"west":{"uv":[0.25,2.9375,0.875,2.5],"texture":"#0"},"up":{"uv":[3.125,0.625,3.5,0],"texture":"#0"},"down":{"uv":[3.5,0.875,3.875,0.25],"texture":"#0"}}},{"from":[6.95,12.51,4.45],"to":[9.05,15.99,6.55],"rotation":{"angle":45,"axis":"y","origin":[8,14.5,5.5]},"faces":{"north":{"uv":[1.75,2.9375,2,2.5],"texture":"#0"},"east":{"uv":[2,2.9375,1.75,2.5],"texture":"#0"},"south":{"uv":[1.75,2.9375,2,2.5],"texture":"#0"},"west":{"uv":[1.75,2.9375,2,2.5],"texture":"#0"},"up":{"uv":[2.8125,1,3.0625,0.75],"texture":"#0"},"down":{"uv":[2.8125,1.25,3.0625,1],"texture":"#0"}}},{"from":[6.95,12.51,9.45],"to":[9.05,15.99,11.55],"rotation":{"angle":-45,"axis":"y","origin":[8,14.5,10.5]},"faces":{"north":{"uv":[2,2.9375,1.75,2.5],"texture":"#0"},"east":{"uv":[1.75,2.9375,2,2.5],"texture":"#0"},"south":{"uv":[2,2.9375,1.75,2.5],"texture":"#0"},"west":{"uv":[2,2.9375,1.75,2.5],"texture":"#0"},"up":{"uv":[2.8125,0.75,3.0625,1],"texture":"#0"},"down":{"uv":[2.8125,1,3.0625,1.25],"texture":"#0"}}},{"from":[6.75,11,6.75],"to":[9.25,13,9.25],"rotation":{"angle":45,"axis":"y","origin":[8,8,8]},"faces":{"north":{"uv":[2.3125,2.75,2,2.5],"texture":"#0"},"east":{"uv":[2,2.75,2.3125,2.5],"texture":"#0"},"south":{"uv":[2.3125,2.75,2,2.5],"texture":"#0"},"west":{"uv":[2,2.75,2.3125,2.5],"texture":"#0"},"up":{"uv":[2.6875,2.625,2.375,2.3125],"texture":"#0"},"down":{"uv":[2.6875,2.625,2.375,2.3125],"texture":"#0"}}},{"from":[6.75,3,6.75],"to":[9.25,5,9.25],"rotation":{"angle":45,"axis":"y","origin":[8,8,8]},"faces":{"north":{"uv":[2.3125,2.5,2,2.75],"texture":"#0"},"east":{"uv":[2,2.5,2.3125,2.75],"texture":"#0"},"south":{"uv":[2.3125,2.5,2,2.75],"texture":"#0"},"west":{"uv":[2,2.5,2.3125,2.75],"texture":"#0"},"up":{"uv":[2.6875,2.3125,2.375,2.625],"texture":"#0"},"down":{"uv":[2.6875,2.3125,2.375,2.625],"texture":"#0"}}},{"from":[5.75,12.31694,6.02773],"to":[10.25,16.31694,10.02773],"rotation":{"angle":-45,"axis":"x","origin":[8,14.28921,8]},"faces":{"north":{"uv":[3.1875,2.125,3.6875,1.5625],"rotation":90,"texture":"#0"},"east":{"uv":[2.6875,2.0625,3.1875,1.5625],"rotation":90,"texture":"#0"},"south":{"uv":[2.6875,2.625,3.1875,2.0625],"rotation":90,"texture":"#0"},"west":{"uv":[2.6875,2.0625,3.1875,1.5625],"rotation":90,"texture":"#0"},"up":{"uv":[3.1875,2.625,2.6875,2.0625],"rotation":90,"texture":"#0"},"down":{"uv":[3.1875,2.125,3.6875,1.5625],"rotation":90,"texture":"#0"}}},{"from":[5.25,13.01149,6.77773],"to":[10.75,15.51149,9.27773],"rotation":{"angle":45,"axis":"x","origin":[8,14.28921,8]},"faces":{"north":{"uv":[4.125,0.6875,4.4375,0],"rotation":90,"texture":"#0"},"east":{"uv":[3.6875,2.25,4,2.5625],"rotation":90,"texture":"#0"},"south":{"uv":[4.4375,1.375,4.125,0.6875],"rotation":90,"texture":"#0"},"west":{"uv":[3.6875,2.5625,4,2.25],"rotation":90,"texture":"#0"},"up":{"uv":[4.125,0.6875,4.4375,0],"rotation":90,"texture":"#0"},"down":{"uv":[4.125,1.375,4.4375,0.6875],"rotation":90,"texture":"#0"}}},{"from":[5.85,17.70711,5],"to":[4.85,14.70711,2],"rotation":{"angle":-45,"axis":"x","origin":[18.3,20.70711,8]},"faces":{"north":{"uv":[16,0,15.875,0.375],"texture":"#0"},"east":{"uv":[16,0,15.625,0.375],"texture":"#0"},"south":{"uv":[16,0,15.875,0.375],"texture":"#0"},"west":{"uv":[16,0,15.625,0.375],"texture":"#0"},"up":{"uv":[16,0,15.875,0.375],"texture":"#0"},"down":{"uv":[16,0,15.875,0.375],"texture":"#0"}}},{"from":[11.15,17.70711,5],"to":[10.15,14.70711,2],"rotation":{"angle":-45,"axis":"x","origin":[-2.3,20.70711,8]},"faces":{"north":{"uv":[15.875,0,16,0.375],"texture":"#0"},"east":{"uv":[15.625,0,16,0.375],"texture":"#0"},"south":{"uv":[15.875,0,16,0.375],"texture":"#0"},"west":{"uv":[15.625,0,16,0.375],"texture":"#0"},"up":{"uv":[15.875,0,16,0.375],"texture":"#0"},"down":{"uv":[15.875,0,16,0.375],"texture":"#0"}}},{"from":[6.5,0,5.5],"to":[9.5,3.5,10.5],"rotation":{"angle":0,"axis":"y","origin":[8,10.5,7]},"faces":{"north":{"uv":[1.125,2.5,1.5,2.9375],"texture":"#0"},"east":{"uv":[0.25,2.5,0.875,2.9375],"texture":"#0"},"south":{"uv":[1.125,2.5,1.5,2.9375],"texture":"#0"},"west":{"uv":[0.25,2.5,0.875,2.9375],"texture":"#0"},"up":{"uv":[3.5,0.25,3.875,0.875],"texture":"#0"},"down":{"uv":[3.125,0,3.5,0.625],"texture":"#0"}}},{"from":[5.75,-0.31694,6.02773],"to":[10.25,3.68306,10.02773],"rotation":{"angle":45,"axis":"x","origin":[8,1.71079,8]},"faces":{"north":{"uv":[3.6875,2.125,3.1875,1.5625],"rotation":90,"texture":"#0"},"east":{"uv":[3.1875,2.0625,2.6875,1.5625],"rotation":90,"texture":"#0"},"south":{"uv":[3.1875,2.625,2.6875,2.0625],"rotation":90,"texture":"#0"},"west":{"uv":[3.1875,2.0625,2.6875,1.5625],"rotation":90,"texture":"#0"},"up":{"uv":[3.6875,2.125,3.1875,1.5625],"rotation":90,"texture":"#0"},"down":{"uv":[2.6875,2.625,3.1875,2.0625],"rotation":90,"texture":"#0"}}},{"from":[7.1,-1.49,4.6],"to":[8.9,0.01,6.4],"rotation":{"angle":45,"axis":"y","origin":[8,-0.5,5.5]},"faces":{"north":{"uv":[1.8125,2.5,2.0625,2.3125],"texture":"#0"},"east":{"uv":[1.8125,2.5,2.0625,2.3125],"texture":"#0"},"south":{"uv":[1.8125,2.5,2.0625,2.3125],"texture":"#0"},"west":{"uv":[1.8125,2.5,2.0625,2.3125],"texture":"#0"},"up":{"uv":[1.8125,2.3125,2.0625,2.0625],"texture":"#0"},"down":{"uv":[1.8125,2.3125,2.0625,2.0625],"texture":"#0"}}},{"from":[6.95,0.01,4.45],"to":[9.05,3.49,6.55],"rotation":{"angle":45,"axis":"y","origin":[8,1.5,5.5]},"faces":{"north":{"uv":[1.75,2.5,2,2.9375],"texture":"#0"},"east":{"uv":[2,2.5,1.75,2.9375],"texture":"#0"},"south":{"uv":[1.75,2.5,2,2.9375],"texture":"#0"},"west":{"uv":[1.75,2.5,2,2.9375],"texture":"#0"},"up":{"uv":[2.8125,1,3.0625,1.25],"texture":"#0"},"down":{"uv":[2.8125,0.75,3.0625,1],"texture":"#0"}}},{"from":[5.25,0.48851,6.77773],"to":[10.75,2.98851,9.27773],"rotation":{"angle":-45,"axis":"x","origin":[8,1.71079,8]},"faces":{"north":{"uv":[4.4375,0.6875,4.125,0],"rotation":90,"texture":"#0"},"east":{"uv":[4,2.25,3.6875,2.5625],"rotation":90,"texture":"#0"},"south":{"uv":[4.125,1.375,4.4375,0.6875],"rotation":90,"texture":"#0"},"west":{"uv":[4,2.5625,3.6875,2.25],"rotation":90,"texture":"#0"},"up":{"uv":[4.4375,1.375,4.125,0.6875],"rotation":90,"texture":"#0"},"down":{"uv":[4.4375,0.6875,4.125,0],"rotation":90,"texture":"#0"}}},{"from":[6.95,0.01,9.45],"to":[9.05,3.49,11.55],"rotation":{"angle":-45,"axis":"y","origin":[8,1.5,10.5]},"faces":{"north":{"uv":[2,2.5,1.75,2.9375],"texture":"#0"},"east":{"uv":[1.75,2.5,2,2.9375],"texture":"#0"},"south":{"uv":[2,2.5,1.75,2.9375],"texture":"#0"},"west":{"uv":[2,2.5,1.75,2.9375],"texture":"#0"},"up":{"uv":[2.8125,1.25,3.0625,1],"texture":"#0"},"down":{"uv":[2.8125,1,3.0625,0.75],"texture":"#0"}}},{"from":[5.85,1.29289,5],"to":[4.85,-1.70711,2],"rotation":{"angle":45,"axis":"x","origin":[18.3,-4.70711,8]},"faces":{"north":{"uv":[16,0.375,15.875,0],"texture":"#0"},"east":{"uv":[16,0.375,15.625,0],"texture":"#0"},"south":{"uv":[16,0.375,15.875,0],"texture":"#0"},"west":{"uv":[16,0.375,15.625,0],"texture":"#0"},"up":{"uv":[16,0.375,15.875,0],"texture":"#0"},"down":{"uv":[16,0.375,15.875,0],"texture":"#0"}}},{"from":[11.15,1.29289,5],"to":[10.15,-1.70711,2],"rotation":{"angle":45,"axis":"x","origin":[-2.3,-4.70711,8]},"faces":{"north":{"uv":[15.875,0.375,16,0],"texture":"#0"},"east":{"uv":[15.625,0.375,16,0],"texture":"#0"},"south":{"uv":[15.875,0.375,16,0],"texture":"#0"},"west":{"uv":[15.625,0.375,16,0],"texture":"#0"},"up":{"uv":[15.875,0.375,16,0],"texture":"#0"},"down":{"uv":[15.875,0.375,16,0],"texture":"#0"}}},{"from":[7,4.5,7],"to":[9,13.5,9],"rotation":{"angle":45,"axis":"y","origin":[8,7.5,8]},"faces":{"north":{"uv":[4.125,0,3.875,1.125],"texture":"#0"},"east":{"uv":[3.875,0,4.125,1.125],"texture":"#0"},"south":{"uv":[4.125,0,3.875,1.125],"texture":"#0"},"west":{"uv":[3.875,0,4.125,1.125],"texture":"#0"},"up":{"uv":[2.6875,1.8125,2.4375,2.0625],"texture":"#0"},"down":{"uv":[2.6875,1.8125,2.4375,2.0625],"texture":"#0"}}},{"from":[9.5,-5,6],"to":[17.5,15,6],"rotation":{"angle":-45,"axis":"y","origin":[13.5,5,6]},"faces":{"north":{"uv":[0,0,4,10],"texture":"#4"},"east":{"uv":[0,0,0,8.5],"texture":"#missing"},"south":{"uv":[4,0,0,10],"texture":"#4"},"west":{"uv":[0,0,0,8.5],"texture":"#missing"},"up":{"uv":[0,3,0,0],"rotation":90,"texture":"#missing"},"down":{"uv":[0,0,0,3],"rotation":270,"texture":"#missing"}}},{"from":[-1.5,-5,6],"to":[6.5,15,6],"rotation":{"angle":45,"axis":"y","origin":[2.5,5,6]},"faces":{"north":{"uv":[4,0,0,10],"texture":"#4"},"east":{"uv":[0,0,0,8.5],"texture":"#missing"},"south":{"uv":[0,0,4,10],"texture":"#4"},"west":{"uv":[0,0,0,8.5],"texture":"#missing"},"up":{"uv":[0,0,0,3],"rotation":90,"texture":"#missing"},"down":{"uv":[0,3,0,0],"rotation":270,"texture":"#missing"}}},{"from":[6.75,14.03417,8.26583],"to":[9.25,22.03417,11.76583],"rotation":{"angle":22.5,"axis":"x","origin":[8,22.06168,11.78682]},"faces":{"north":{"uv":[3.6875,8.625,2.6875,8.3125],"rotation":90,"texture":"#0"},"east":{"uv":[3.6875,7.875,2.6875,8.3125],"rotation":90,"texture":"#0"},"south":{"uv":[3.6875,8.9375,2.6875,8.625],"rotation":90,"texture":"#0"},"west":{"uv":[3.6875,8.3125,2.6875,7.875],"rotation":90,"texture":"#0"},"up":{"uv":[1.6875,9,1.25,8.6875],"rotation":90,"texture":"#0"},"down":{"uv":[1.6875,9,1.25,8.6875],"rotation":90,"texture":"#0"}}},{"from":[7,15,7.7],"to":[9,23,9.7],"rotation":{"angle":45,"axis":"x","origin":[0,17,17]},"faces":{"north":{"uv":[3.75,9.9375,4,8.9375],"texture":"#0"},"east":{"uv":[3.75,9.9375,3.5,8.9375],"texture":"#0"},"south":{"uv":[3.6875,8.625,3.9375,7.625],"texture":"#0"},"west":{"uv":[3.5,9.9375,3.75,8.9375],"texture":"#0"},"up":{"uv":[3.5,9.1875,3.75,8.9375],"texture":"#0"},"down":{"uv":[3.5,9.1875,3.75,8.9375],"texture":"#0"}}},{"from":[6.5,25.3,19],"to":[9.5,29.8,21.5],"rotation":{"angle":-22.5,"axis":"x","origin":[0,15,17]},"faces":{"north":{"uv":[4.8125,6.9375,4.25,7.3125],"rotation":270,"texture":"#0"},"east":{"uv":[4.8125,6.9375,4.25,6.625],"rotation":270,"texture":"#0"},"south":{"uv":[4.5625,7.3125,4,7.6875],"rotation":270,"texture":"#0"},"west":{"uv":[4.8125,6.625,4.25,6.9375],"rotation":270,"texture":"#0"},"up":{"uv":[4.25,7.6875,3.9375,8.0625],"rotation":270,"texture":"#0"},"down":{"uv":[4.5625,7.6875,4.25,8.0625],"rotation":270,"texture":"#0"}}},{"from":[6.75,25.5,12.8],"to":[9.25,27.5,14.8],"rotation":{"angle":22.5,"axis":"x","origin":[8.6,25.5,14.8]},"faces":{"north":{"uv":[4.8125,6.75,5.0625,7.0625],"rotation":90,"texture":"#0"},"east":{"uv":[4.8125,6.75,5.0625,6.5],"rotation":90,"texture":"#0"},"south":{"uv":[2.125,1.25,2.375,1.5625],"rotation":90,"texture":"#0"},"west":{"uv":[4.8125,6.5,5.0625,6.75],"rotation":90,"texture":"#0"},"up":{"uv":[2.1875,2.0625,1.9375,1.75],"rotation":90,"texture":"#0"},"down":{"uv":[4.1875,8.375,3.9375,8.0625],"rotation":90,"texture":"#0"}}},{"from":[7.75,0.8,14.5],"to":[8.25,25.5,15],"rotation":{"angle":-45,"axis":"x","origin":[8,24.75,14.75]},"faces":{"north":{"uv":[0,12.25,0.0625,14.4375],"texture":"#0"},"east":{"uv":[0,12.25,0.0625,14.4375],"texture":"#0"},"south":{"uv":[0,12.25,0.0625,14.4375],"texture":"#0"},"west":{"uv":[0,12.25,0.0625,14.4375],"texture":"#0"},"up":{"uv":[0,14.375,0.0625,14.4375],"texture":"#0"},"down":{"uv":[0,14.375,0.0625,14.4375],"texture":"#0"}}},{"from":[8,11.5,2.5],"to":[13.5,22.5,2.5],"rotation":{"angle":-22.5,"axis":"y","origin":[8,19.5,2.5]},"faces":{"north":{"uv":[0,0.5,5.5,11.5],"texture":"#2"},"east":{"uv":[0,0,0,8],"texture":"#2"},"south":{"uv":[5.5,0.5,0,11.5],"texture":"#2"},"west":{"uv":[0,0,0,8],"texture":"#2"},"up":{"uv":[0,10,0,0],"rotation":90,"texture":"#2"},"down":{"uv":[0,0,0,10],"rotation":270,"texture":"#2"}}},{"from":[2.5,11.5,2.5],"to":[8,22.5,2.5],"rotation":{"angle":22.5,"axis":"y","origin":[8,19.5,2.5]},"faces":{"north":{"uv":[5.5,0.5,11,11.5],"texture":"#2"},"east":{"uv":[0,0,0,8],"texture":"#missing"},"south":{"uv":[11,0.5,5.5,11.5],"texture":"#2"},"west":{"uv":[0,0,0,8],"texture":"#missing"},"up":{"uv":[0,10,0,0],"rotation":90,"texture":"#missing"},"down":{"uv":[0,0,0,10],"rotation":270,"texture":"#missing"}}},{"from":[6.75,-6.03417,8.26583],"to":[9.25,1.96583,11.76583],"rotation":{"angle":-22.5,"axis":"x","origin":[8,-6.06168,11.78682]},"faces":{"north":{"uv":[2.6875,8.625,3.6875,8.3125],"rotation":90,"texture":"#0"},"east":{"uv":[2.6875,7.875,3.6875,8.3125],"rotation":90,"texture":"#0"},"south":{"uv":[2.6875,8.9375,3.6875,8.625],"rotation":90,"texture":"#0"},"west":{"uv":[2.6875,8.3125,3.6875,7.875],"rotation":90,"texture":"#0"},"up":{"uv":[1.25,9,1.6875,8.6875],"rotation":90,"texture":"#0"},"down":{"uv":[1.25,9,1.6875,8.6875],"rotation":90,"texture":"#0"}}},{"from":[7,-7,7.7],"to":[9,1,9.7],"rotation":{"angle":-45,"axis":"x","origin":[0,-1,17]},"faces":{"north":{"uv":[3.75,8.9375,4,9.9375],"texture":"#0"},"east":{"uv":[3.75,8.9375,3.5,9.9375],"texture":"#0"},"south":{"uv":[3.6875,7.625,3.9375,8.625],"texture":"#0"},"west":{"uv":[3.5,8.9375,3.75,9.9375],"texture":"#0"},"up":{"uv":[3.5,8.9375,3.75,9.1875],"texture":"#0"},"down":{"uv":[3.5,8.9375,3.75,9.1875],"texture":"#0"}}},{"from":[6.5,-13.8,19],"to":[9.5,-9.3,21.5],"rotation":{"angle":22.5,"axis":"x","origin":[0,1,17]},"faces":{"north":{"uv":[4.25,6.9375,4.8125,7.3125],"rotation":270,"texture":"#0"},"east":{"uv":[4.25,6.9375,4.8125,6.625],"rotation":270,"texture":"#0"},"south":{"uv":[4,7.3125,4.5625,7.6875],"rotation":270,"texture":"#0"},"west":{"uv":[4.25,6.625,4.8125,6.9375],"rotation":270,"texture":"#0"},"up":{"uv":[4.25,7.6875,4.5625,8.0625],"rotation":270,"texture":"#0"},"down":{"uv":[3.9375,7.6875,4.25,8.0625],"rotation":270,"texture":"#0"}}},{"from":[7.75,-9.5,14.5],"to":[8.25,15.2,15],"rotation":{"angle":45,"axis":"x","origin":[8,-8.75,14.75]},"faces":{"north":{"uv":[0,14.4375,0.0625,12.25],"texture":"#0"},"east":{"uv":[0,14.4375,0.0625,12.25],"texture":"#0"},"south":{"uv":[0,14.4375,0.0625,12.25],"texture":"#0"},"west":{"uv":[0,14.4375,0.0625,12.25],"texture":"#0"},"up":{"uv":[0,14.4375,0.0625,14.375],"texture":"#0"},"down":{"uv":[0,14.4375,0.0625,14.375],"texture":"#0"}}},{"from":[6.75,-11.5,12.8],"to":[9.25,-9.5,14.8],"rotation":{"angle":-22.5,"axis":"x","origin":[8.6,-9.5,14.8]},"faces":{"north":{"uv":[5.0625,6.75,4.8125,7.0625],"rotation":90,"texture":"#0"},"east":{"uv":[5.0625,6.75,4.8125,6.5],"rotation":90,"texture":"#0"},"south":{"uv":[2.375,1.25,2.125,1.5625],"rotation":90,"texture":"#0"},"west":{"uv":[5.0625,6.5,4.8125,6.75],"rotation":90,"texture":"#0"},"up":{"uv":[3.9375,8.375,4.1875,8.0625],"rotation":90,"texture":"#0"},"down":{"uv":[1.9375,2.0625,2.1875,1.75],"rotation":90,"texture":"#0"}}},{"from":[2.75,-13,12],"to":[13.25,-2.5,12],"rotation":{"angle":0,"axis":"y","origin":[8,-7.75,12]},"faces":{"north":{"uv":[5.25,0,0,5.25],"rotation":270,"texture":"#3"},"east":{"uv":[0,0,0,5],"rotation":180,"texture":"#missing"},"south":{"uv":[5.25,0,0,5.25],"rotation":270,"texture":"#3"},"west":{"uv":[0,5,0,0],"texture":"#missing"},"up":{"uv":[0,5,0,0],"rotation":270,"texture":"#missing"},"down":{"uv":[0,5,0,0],"rotation":270,"texture":"#missing"}}},{"from":[2.75,-13,12],"to":[13.25,-2.5,12],"rotation":{"angle":-22.5,"axis":"z","origin":[8,-7.75,12]},"faces":{"north":{"uv":[10.5,0,5.25,5.25],"rotation":270,"texture":"#3"},"east":{"uv":[0,0,0,5],"rotation":180,"texture":"#missing"},"south":{"uv":[10.5,0,5.25,5.25],"rotation":270,"texture":"#3"},"west":{"uv":[0,5,0,0],"texture":"#missing"},"up":{"uv":[0,5,0,0],"rotation":270,"texture":"#missing"},"down":{"uv":[0,5,0,0],"rotation":270,"texture":"#missing"}}},{"from":[2.75,-13,12],"to":[13.25,-2.5,12],"rotation":{"angle":-45,"axis":"z","origin":[8,-7.75,12]},"faces":{"north":{"uv":[15.75,0,10.5,5.25],"rotation":270,"texture":"#3"},"east":{"uv":[0,0,0,5],"rotation":180,"texture":"#missing"},"south":{"uv":[15.75,0,10.5,5.25],"rotation":270,"texture":"#3"},"west":{"uv":[0,5,0,0],"texture":"#missing"},"up":{"uv":[0,5,0,0],"rotation":270,"texture":"#missing"},"down":{"uv":[0,5,0,0],"rotation":270,"texture":"#missing"}}},{"from":[2.75,-13,12],"to":[13.25,-2.5,12],"rotation":{"angle":22.5,"axis":"z","origin":[8,-7.75,12]},"faces":{"north":{"uv":[0,5.25,5.25,10.5],"texture":"#3"},"east":{"uv":[0,5,0,0],"texture":"#missing"},"south":{"uv":[5.25,5.25,0,10.5],"texture":"#3"},"west":{"uv":[0,5,0,0],"texture":"#missing"},"up":{"uv":[0,5,0,0],"rotation":90,"texture":"#missing"},"down":{"uv":[0,0,0,5],"rotation":270,"texture":"#missing"}}},{"from":[2.75,-13,12],"to":[13.25,-2.5,12],"rotation":{"angle":0,"axis":"y","origin":[8,-7.75,12]},"faces":{"north":{"uv":[5.25,5.25,10.5,10.5],"texture":"#3"},"east":{"uv":[0,5,0,0],"texture":"#missing"},"south":{"uv":[10.5,5.25,5.25,10.5],"texture":"#3"},"west":{"uv":[0,5,0,0],"texture":"#missing"},"up":{"uv":[0,5,0,0],"rotation":90,"texture":"#missing"},"down":{"uv":[0,0,0,5],"rotation":270,"texture":"#missing"}}},{"from":[2.75,-13,12],"to":[13.25,-2.5,12],"rotation":{"angle":-45,"axis":"z","origin":[8,-7.75,12]},"faces":{"north":{"uv":[0,10.75,5.25,16],"texture":"#3"},"east":{"uv":[0,5,0,0],"texture":"#missing"},"south":{"uv":[5.25,10.75,0,16],"texture":"#3"},"west":{"uv":[0,5,0,0],"texture":"#missing"},"up":{"uv":[0,5,0,0],"rotation":90,"texture":"#missing"},"down":{"uv":[0,0,0,5],"rotation":270,"texture":"#missing"}}},{"from":[2.75,-13,12],"to":[13.25,-2.5,12],"rotation":{"angle":22.5,"axis":"z","origin":[8,-7.75,12]},"faces":{"north":{"uv":[10.5,10.75,5.25,16],"rotation":90,"texture":"#3"},"east":{"uv":[0,5,0,0],"rotation":180,"texture":"#missing"},"south":{"uv":[10.5,10.75,5.25,16],"rotation":90,"texture":"#3"},"west":{"uv":[0,0,0,5],"texture":"#missing"},"up":{"uv":[0,5,0,0],"rotation":90,"texture":"#missing"},"down":{"uv":[0,5,0,0],"rotation":90,"texture":"#missing"}}},{"from":[2.75,-13,12],"to":[13.25,-2.5,12],"rotation":{"angle":-22.5,"axis":"z","origin":[8,-7.75,12]},"faces":{"north":{"uv":[10.5,5.25,15.75,10.5],"texture":"#3"},"east":{"uv":[0,5,0,0],"texture":"#missing"},"south":{"uv":[15.75,5.25,10.5,10.5],"texture":"#3"},"west":{"uv":[0,5,0,0],"texture":"#missing"},"up":{"uv":[0,5,0,0],"rotation":90,"texture":"#missing"},"down":{"uv":[0,0,0,5],"rotation":270,"texture":"#missing"}}},{"from":[2.75,18.5,12],"to":[13.25,29,12],"rotation":{"angle":0,"axis":"y","origin":[8,23.75,12]},"faces":{"north":{"uv":[0,0,5.25,5.25],"rotation":270,"texture":"#3"},"east":{"uv":[0,5,0,0],"rotation":180,"texture":"#missing"},"south":{"uv":[0,0,5.25,5.25],"rotation":270,"texture":"#3"},"west":{"uv":[0,0,0,5],"texture":"#missing"},"up":{"uv":[0,5,0,0],"rotation":270,"texture":"#missing"},"down":{"uv":[0,5,0,0],"rotation":270,"texture":"#missing"}}},{"from":[2.75,18.5,12],"to":[13.25,29,12],"rotation":{"angle":22.5,"axis":"z","origin":[8,23.75,12]},"faces":{"north":{"uv":[5.25,0,10.5,5.25],"rotation":270,"texture":"#3"},"east":{"uv":[0,5,0,0],"rotation":180,"texture":"#missing"},"south":{"uv":[5.25,0,10.5,5.25],"rotation":270,"texture":"#3"},"west":{"uv":[0,0,0,5],"texture":"#missing"},"up":{"uv":[0,5,0,0],"rotation":270,"texture":"#missing"},"down":{"uv":[0,5,0,0],"rotation":270,"texture":"#missing"}}},{"from":[2.75,18.5,12],"to":[13.25,29,12],"rotation":{"angle":45,"axis":"z","origin":[8,23.75,12]},"faces":{"north":{"uv":[10.5,0,15.75,5.25],"rotation":270,"texture":"#3"},"east":{"uv":[0,5,0,0],"rotation":180,"texture":"#missing"},"south":{"uv":[10.5,0,15.75,5.25],"rotation":270,"texture":"#3"},"west":{"uv":[0,0,0,5],"texture":"#missing"},"up":{"uv":[0,5,0,0],"rotation":270,"texture":"#missing"},"down":{"uv":[0,5,0,0],"rotation":270,"texture":"#missing"}}},{"from":[2.75,18.5,12],"to":[13.25,29,12],"rotation":{"angle":-22.5,"axis":"z","origin":[8,23.75,12]},"faces":{"north":{"uv":[0,10.5,5.25,5.25],"texture":"#3"},"east":{"uv":[0,0,0,5],"texture":"#missing"},"south":{"uv":[5.25,10.5,0,5.25],"texture":"#3"},"west":{"uv":[0,0,0,5],"texture":"#missing"},"up":{"uv":[0,0,0,5],"rotation":270,"texture":"#missing"},"down":{"uv":[0,5,0,0],"rotation":90,"texture":"#missing"}}},{"from":[2.75,18.5,12],"to":[13.25,29,12],"rotation":{"angle":0,"axis":"y","origin":[8,23.75,12]},"faces":{"north":{"uv":[5.25,10.5,10.5,5.25],"texture":"#3"},"east":{"uv":[0,0,0,5],"texture":"#missing"},"south":{"uv":[10.5,10.5,5.25,5.25],"texture":"#3"},"west":{"uv":[0,0,0,5],"texture":"#missing"},"up":{"uv":[0,0,0,5],"rotation":270,"texture":"#missing"},"down":{"uv":[0,5,0,0],"rotation":90,"texture":"#missing"}}},{"from":[2.75,18.5,12],"to":[13.25,29,12],"rotation":{"angle":45,"axis":"z","origin":[8,23.75,12]},"faces":{"north":{"uv":[0,16,5.25,10.75],"texture":"#3"},"east":{"uv":[0,0,0,5],"texture":"#missing"},"south":{"uv":[5.25,16,0,10.75],"texture":"#3"},"west":{"uv":[0,0,0,5],"texture":"#missing"},"up":{"uv":[0,0,0,5],"rotation":270,"texture":"#missing"},"down":{"uv":[0,5,0,0],"rotation":90,"texture":"#missing"}}},{"from":[2.75,18.5,12],"to":[13.25,29,12],"rotation":{"angle":-22.5,"axis":"z","origin":[8,23.75,12]},"faces":{"north":{"uv":[5.25,10.75,10.5,16],"rotation":90,"texture":"#3"},"east":{"uv":[0,0,0,5],"rotation":180,"texture":"#missing"},"south":{"uv":[5.25,10.75,10.5,16],"rotation":90,"texture":"#3"},"west":{"uv":[0,5,0,0],"texture":"#missing"},"up":{"uv":[0,5,0,0],"rotation":90,"texture":"#missing"},"down":{"uv":[0,5,0,0],"rotation":90,"texture":"#missing"}}},{"from":[2.75,18.5,12],"to":[13.25,29,12],"rotation":{"angle":22.5,"axis":"z","origin":[8,23.75,12]},"faces":{"north":{"uv":[10.5,10.5,15.75,5.25],"texture":"#3"},"east":{"uv":[0,0,0,5],"texture":"#missing"},"south":{"uv":[15.75,10.5,10.5,5.25],"texture":"#3"},"west":{"uv":[0,0,0,5],"texture":"#missing"},"up":{"uv":[0,0,0,5],"rotation":270,"texture":"#missing"},"down":{"uv":[0,5,0,0],"rotation":90,"texture":"#missing"}}},{"from":[8,3,1],"to":[8,13,31.5],"rotation":{"angle":-22.5,"axis":"z","origin":[8,8,16.25]},"faces":{"north":{"uv":[0,6.25,0.0625,8.4375],"rotation":90,"texture":"#missing"},"east":{"uv":[11.625,0,12.875,3.8125],"rotation":270,"texture":"#0"},"south":{"uv":[0,6.25,0.0625,8.4375],"rotation":270,"texture":"#missing"},"west":{"uv":[11.625,3.8125,12.875,0],"rotation":270,"texture":"#0"},"up":{"uv":[0,6.25,0.0625,8.4375],"rotation":270,"texture":"#missing"},"down":{"uv":[0,6.25,0.0625,8.4375],"rotation":270,"texture":"#missing"}}},{"from":[8,3,1],"to":[8,13,31.5],"rotation":{"angle":22.5,"axis":"z","origin":[8,8,16.25]},"faces":{"north":{"uv":[0,6.25,0.0625,8.4375],"rotation":90,"texture":"#missing"},"east":{"uv":[11.625,0,12.875,3.8125],"rotation":270,"texture":"#0"},"south":{"uv":[0,6.25,0.0625,8.4375],"rotation":270,"texture":"#missing"},"west":{"uv":[11.625,3.8125,12.875,0],"rotation":270,"texture":"#0"},"up":{"uv":[0,6.25,0.0625,8.4375],"rotation":270,"texture":"#missing"},"down":{"uv":[0,6.25,0.0625,8.4375],"rotation":270,"texture":"#missing"}}},{"from":[2.5,7.5,10],"to":[2.5,26.5,26],"rotation":{"angle":-22.5,"axis":"y","origin":[2.5,16.5,18]},"faces":{"north":{"uv":[0,0,0,2.375],"texture":"#missing"},"east":{"uv":[16,13.625,14,16],"texture":"#0"},"south":{"uv":[0,0,0,2.375],"texture":"#missing"},"west":{"uv":[14,13.625,16,16],"texture":"#0"},"up":{"uv":[2,0,0,0],"rotation":90,"texture":"#missing"},"down":{"uv":[2,0,0,0],"rotation":270,"texture":"#missing"}}},{"from":[13.5,7.5,10],"to":[13.5,26.5,26],"rotation":{"angle":22.5,"axis":"y","origin":[13.5,16.5,18]},"faces":{"north":{"uv":[0,0,0,2.375],"texture":"#missing"},"east":{"uv":[16,13.625,14,16],"texture":"#0"},"south":{"uv":[0,0,0,2.375],"texture":"#missing"},"west":{"uv":[14,13.625,16,16],"texture":"#0"},"up":{"uv":[2,0,0,0],"rotation":90,"texture":"#missing"},"down":{"uv":[2,0,0,0],"rotation":270,"texture":"#missing"}}}],"gui_light":"front","display":{"thirdperson_righthand":{"rotation":[0,-3,0],"translation":[-0.75,-2,2],"scale":[0.55,0.55,0.55]},"thirdperson_lefthand":{"rotation":[0,-3,0],"translation":[-0.75,-2,2],"scale":[0.55,0.55,0.55]},"firstperson_righthand":{"rotation":[16,-9.23,-9],"translation":[9,8.5,-5],"scale":[0.45,0.45,0.45]},"firstperson_lefthand":{"rotation":[16,-9.23,-9],"translation":[9,8.5,-5],"scale":[0.45,0.45,0.45]},"ground":{"rotation":[0,0,90],"translation":[0,6,-4.5],"scale":[0.5,0.5,0.5]},"gui":{"rotation":[-57,135,71],"translation":[-1.75,1.5,-1.5],"scale":[0.41211,0.41211,0.41211]},"head":{"scale":[0,0,0]},"fixed":{"rotation":[-90,-90,-90],"translation":[11,0.5,-5.75],"scale":[1.3,1.3,1.3]}},"groups":[0,1,2,3,4,5,6,7,8,9,10,11,12,13,14,15,16,17,18,19,20,21,22,23,24,25,26,27,28,29,30,31,{"name":"group","origin":[3,21.75,8],"color":0,"children":[32,33,34,35,36,37,38,39]},{"name":"group","origin":[3,21.75,8],"color":0,"children":[40,41,42,43,44,45,46,47]},48,49,50,51],"mcmodels":"92e97e2faa2310f7974495521fa5af9c"}