{"credit":"Made with Blockbench","texture_size":[128,128],"textures":{"0":"elitecreatures:cat_sage_animated_weapon_set/cat_sage_texture","2":"elitecreatures:cat_sage_animated_weapon_set/cat_sage_animation01","3":"elitecreatures:cat_sage_animated_weapon_set/cat_sage_animation02","4":"elitecreatures:cat_sage_animated_weapon_set/cat_sage_animation03","particle":"elitecreatures:cat_sage_animated_weapon_set/cat_sage_texture"},"elements":[{"from":[-4,11.5,0.5],"to":[6,22,15.5],"rotation":{"angle":22.5,"axis":"z","origin":[8,22,7.4]},"faces":{"north":{"uv":[0.0625,12.25,1.3125,13.5625],"texture":"#0"},"east":{"uv":[1.3125,12.25,3.1875,13.5625],"texture":"#0"},"south":{"uv":[4.5,10.6875,5.75,12],"texture":"#0"},"west":{"uv":[1.3125,12.25,3.1875,13.5625],"texture":"#0"},"up":{"uv":[0.0625,13.5625,1.3125,15.4375],"texture":"#0"},"down":{"uv":[0.0625,13.5625,1.3125,15.4375],"texture":"#0"}}},{"from":[10,11.5,0.5],"to":[20,22,15.5],"rotation":{"angle":-22.5,"axis":"z","origin":[8,22,7.4]},"faces":{"north":{"uv":[1.3125,12.25,0.0625,13.5625],"texture":"#0"},"east":{"uv":[3.1875,12.25,1.3125,13.5625],"texture":"#0"},"south":{"uv":[5.75,10.6875,4.5,12],"texture":"#0"},"west":{"uv":[3.1875,12.25,1.3125,13.5625],"texture":"#0"},"up":{"uv":[1.3125,13.5625,0.0625,15.4375],"texture":"#0"},"down":{"uv":[1.3125,13.5625,0.0625,15.4375],"texture":"#0"}}},{"from":[-1.5,7,-0.5],"to":[17.5,10,16.5],"rotation":{"angle":0,"axis":"y","origin":[7.5,10,6.5]},"faces":{"north":{"uv":[5.9375,13.5,3.5625,13.875],"texture":"#0"},"east":{"uv":[8.0625,15.625,5.9375,16],"texture":"#0"},"south":{"uv":[5.9375,13.5,3.5625,13.875],"texture":"#0"},"west":{"uv":[8.0625,15.625,5.9375,16],"texture":"#0"},"up":{"uv":[5.9375,13.875,3.5625,16],"texture":"#0"},"down":{"uv":[5.9375,13.875,3.5625,16],"texture":"#0"}}},{"from":[6,12.5,0.25],"to":[10,21.5,15.75],"rotation":{"angle":0,"axis":"y","origin":[8.3,20.24142,2.8]},"faces":{"north":{"uv":[3.0625,14.6875,2.5625,15.8125],"texture":"#0"},"east":{"uv":[3.1875,12.25,5.125,13.375],"texture":"#0"},"south":{"uv":[7.6875,14.5,7.1875,15.625],"texture":"#0"},"west":{"uv":[5.125,12.25,3.1875,13.375],"texture":"#0"},"up":{"uv":[3.5625,13.5625,3.0625,15.5],"texture":"#0"},"down":{"uv":[3.5625,13.5625,3.0625,15.5],"texture":"#0"}}},{"from":[6,9.5,15.25],"to":[10,12.5,15.75],"rotation":{"angle":0,"axis":"y","origin":[8.3,20.24142,2.8]},"faces":{"north":{"uv":[7.6875,14.125,7.1875,14.5],"texture":"#0"},"east":{"uv":[4.5,11.25,4.4375,11.625],"texture":"#0"},"south":{"uv":[7.6875,14.125,7.1875,14.5],"texture":"#0"},"west":{"uv":[4.5,11.25,4.4375,11.625],"texture":"#0"},"up":{"uv":[7.6875,14.125,7.1875,14.5],"texture":"#0"},"down":{"uv":[7.6875,14.125,7.1875,14.5],"texture":"#0"}}},{"from":[6.5,7.75,-1.25],"to":[10,14.25,0.75],"rotation":{"angle":-45,"axis":"z","origin":[8,12.75,0]},"faces":{"north":{"uv":[3.5,9.9375,3.9375,10.75],"rotation":180,"texture":"#0"},"east":{"uv":[3.5,10.75,3.75,11.5625],"rotation":180,"texture":"#0"},"south":{"uv":[3.5,9.9375,3.9375,10.75],"rotation":180,"texture":"#0"},"west":{"uv":[3.5,10.75,3.75,11.5625],"rotation":180,"texture":"#0"},"up":{"uv":[2.25,12,2.6875,12.25],"rotation":180,"texture":"#0"},"down":{"uv":[2.25,12,2.6875,12.25],"rotation":180,"texture":"#0"}}},{"from":[10,10.75,-1.25],"to":[13,14.25,0.75],"rotation":{"angle":-45,"axis":"z","origin":[8,12.75,0]},"faces":{"north":{"uv":[3.5,11.5625,3.875,12],"rotation":180,"texture":"#0"},"east":{"uv":[3.75,10.75,4,11.1875],"rotation":180,"texture":"#0"},"south":{"uv":[3.5,11.5625,3.875,12],"rotation":180,"texture":"#0"},"west":{"uv":[3.75,10.75,4,11.1875],"rotation":180,"texture":"#0"},"up":{"uv":[3.0625,12,2.6875,12.25],"rotation":180,"texture":"#0"},"down":{"uv":[3.4375,12,3.0625,12.25],"rotation":180,"texture":"#0"}}},{"from":[3,0,1.5],"to":[13,8,14.5],"rotation":{"angle":0,"axis":"y","origin":[7,-1,1.5]},"faces":{"north":{"uv":[5.9375,14.625,7.1875,15.625],"texture":"#0"},"south":{"uv":[8.0625,15,9.3125,16],"texture":"#0"},"up":{"uv":[5.9375,13,7.1875,14.625],"texture":"#0"},"down":{"uv":[5.9375,13,7.1875,14.625],"texture":"#0"}}},{"from":[-9,9,1],"to":[-1,29,1],"rotation":{"angle":-22.5,"axis":"y","origin":[-5,14,-1]},"faces":{"north":{"uv":[4,0,0,10],"texture":"#4"},"east":{"uv":[0,0,0,8.5],"texture":"#missing"},"south":{"uv":[0,0,4,10],"texture":"#4"},"west":{"uv":[0,0,0,8.5],"texture":"#missing"},"up":{"uv":[0,0,0,3],"rotation":90,"texture":"#missing"},"down":{"uv":[0,3,0,0],"rotation":270,"texture":"#missing"}}},{"from":[17,9,1],"to":[25,29,1],"rotation":{"angle":22.5,"axis":"y","origin":[21,14,-1]},"faces":{"north":{"uv":[0,0,4,10],"texture":"#4"},"east":{"uv":[0,0,0,8.5],"texture":"#missing"},"south":{"uv":[4,0,0,10],"texture":"#4"},"west":{"uv":[0,0,0,8.5],"texture":"#missing"},"up":{"uv":[0,3,0,0],"rotation":90,"texture":"#missing"},"down":{"uv":[0,0,0,3],"rotation":270,"texture":"#missing"}}},{"from":[13,0,0.5],"to":[17,8,15.5],"rotation":{"angle":0,"axis":"y","origin":[15,4,8]},"faces":{"north":{"uv":[3.875,11.25,4.375,12.25],"texture":"#0"},"east":{"uv":[5.3125,12,7.1875,13],"texture":"#0"},"south":{"uv":[4.375,11.25,3.875,12.25],"texture":"#0"},"west":{"uv":[5.3125,12,7.1875,13],"texture":"#0"},"up":{"uv":[4,9.375,4.5,11.25],"texture":"#0"},"down":{"uv":[4,9.375,4.5,11.25],"texture":"#0"}}},{"from":[12.5,4.2,0.04],"to":[15,6.7,2.56],"rotation":{"angle":-45,"axis":"z","origin":[15,4.2,2]},"faces":{"north":{"uv":[2.8125,0.9375,2.5,1.25],"rotation":90,"texture":"#0"},"east":{"uv":[2.125,1.5625,2.4375,1.25],"rotation":90,"texture":"#0"},"south":{"uv":[2.5,0.9375,2.8125,1.25],"rotation":90,"texture":"#0"},"west":{"uv":[3.5625,15.8125,3.25,15.5],"rotation":90,"texture":"#0"},"up":{"uv":[2.25,2.0625,1.9375,1.75],"rotation":180,"texture":"#0"},"down":{"uv":[2.125,1.5625,2.4375,1.25],"texture":"#0"}}},{"from":[1,4.2,0.04],"to":[3.5,6.7,2.56],"rotation":{"angle":45,"axis":"z","origin":[1,4.2,2]},"faces":{"north":{"uv":[2.8125,1.25,2.5,0.9375],"rotation":90,"texture":"#0"},"east":{"uv":[3.5625,15.5,3.25,15.8125],"rotation":90,"texture":"#0"},"south":{"uv":[2.5,1.25,2.8125,0.9375],"rotation":90,"texture":"#0"},"west":{"uv":[2.125,1.25,2.4375,1.5625],"rotation":90,"texture":"#0"},"up":{"uv":[1.9375,2.0625,2.25,1.75],"rotation":180,"texture":"#0"},"down":{"uv":[2.4375,1.5625,2.125,1.25],"texture":"#0"}}},{"from":[1,4.2,13.44],"to":[3.5,6.7,15.96],"rotation":{"angle":45,"axis":"z","origin":[1,4.2,14]},"faces":{"north":{"uv":[2.5,0.9375,2.8125,1.25],"rotation":90,"texture":"#0"},"east":{"uv":[3.5625,15.8125,3.25,15.5],"rotation":90,"texture":"#0"},"south":{"uv":[2.8125,0.9375,2.5,1.25],"rotation":90,"texture":"#0"},"west":{"uv":[2.125,1.5625,2.4375,1.25],"rotation":90,"texture":"#0"},"up":{"uv":[1.9375,1.75,2.25,2.0625],"rotation":180,"texture":"#0"},"down":{"uv":[2.4375,1.25,2.125,1.5625],"texture":"#0"}}},{"from":[12.5,4.2,13.44],"to":[15,6.7,15.96],"rotation":{"angle":-45,"axis":"z","origin":[15,4.2,14]},"faces":{"north":{"uv":[2.5,1.25,2.8125,0.9375],"rotation":90,"texture":"#0"},"east":{"uv":[2.125,1.25,2.4375,1.5625],"rotation":90,"texture":"#0"},"south":{"uv":[2.8125,1.25,2.5,0.9375],"rotation":90,"texture":"#0"},"west":{"uv":[3.5625,15.5,3.25,15.8125],"rotation":90,"texture":"#0"},"up":{"uv":[2.25,1.75,1.9375,2.0625],"rotation":180,"texture":"#0"},"down":{"uv":[2.125,1.25,2.4375,1.5625],"texture":"#0"}}},{"from":[-1,0,0.5],"to":[3,8,15.5],"rotation":{"angle":0,"axis":"y","origin":[1,4,8]},"faces":{"north":{"uv":[4.375,11.25,3.875,12.25],"texture":"#0"},"east":{"uv":[7.1875,12,5.3125,13],"texture":"#0"},"south":{"uv":[3.875,11.25,4.375,12.25],"texture":"#0"},"west":{"uv":[7.1875,12,5.3125,13],"texture":"#0"},"up":{"uv":[4.5,9.375,4,11.25],"texture":"#0"},"down":{"uv":[4.5,9.375,4,11.25],"texture":"#0"}}},{"from":[8,17.5,-1.5],"to":[13.5,28.5,-1.5],"rotation":{"angle":-22.5,"axis":"y","origin":[8,25.5,-1.5]},"faces":{"north":{"uv":[0,0.5,5.5,11.5],"texture":"#2"},"east":{"uv":[0,0,0,8],"texture":"#2"},"south":{"uv":[5.5,0.5,0,11.5],"texture":"#2"},"west":{"uv":[0,0,0,8],"texture":"#2"},"up":{"uv":[0,10,0,0],"rotation":90,"texture":"#2"},"down":{"uv":[0,0,0,10],"rotation":270,"texture":"#2"}}},{"from":[2.5,17.5,-1.5],"to":[8,28.5,-1.5],"rotation":{"angle":22.5,"axis":"y","origin":[8,25.5,-1.5]},"faces":{"north":{"uv":[5.5,0.5,11,11.5],"texture":"#2"},"east":{"uv":[0,0,0,8],"texture":"#missing"},"south":{"uv":[11,0.5,5.5,11.5],"texture":"#2"},"west":{"uv":[0,0,0,8],"texture":"#missing"},"up":{"uv":[0,10,0,0],"rotation":90,"texture":"#missing"},"down":{"uv":[0,0,0,10],"rotation":270,"texture":"#missing"}}},{"from":[6.69207,5.01364,-2.025],"to":[9.19207,7.51364,3.475],"rotation":{"angle":45,"axis":"z","origin":[7.975,6.29657,-0.6]},"faces":{"north":{"uv":[3.6875,2.5625,4,2.25],"rotation":90,"texture":"#0"},"east":{"uv":[4.125,0.6875,4.4375,0],"rotation":90,"texture":"#0"},"south":{"uv":[3.6875,2.25,4,2.5625],"rotation":90,"texture":"#0"},"west":{"uv":[4.4375,1.375,4.125,0.6875],"rotation":90,"texture":"#0"},"up":{"uv":[4.125,0.6875,4.4375,0],"rotation":180,"texture":"#0"},"down":{"uv":[4.125,1.375,4.4375,0.6875],"texture":"#0"}}},{"from":[5.95248,4.3191,-1.525],"to":[9.95248,8.3191,2.975],"rotation":{"angle":-45,"axis":"z","origin":[7.975,6.29657,-0.6]},"faces":{"north":{"uv":[2.6875,2.0625,3.1875,1.5625],"rotation":90,"texture":"#0"},"east":{"uv":[3.1875,2.125,3.6875,1.5625],"rotation":90,"texture":"#0"},"south":{"uv":[2.6875,2.0625,3.1875,1.5625],"rotation":90,"texture":"#0"},"west":{"uv":[2.6875,2.625,3.1875,2.0625],"rotation":90,"texture":"#0"},"up":{"uv":[3.1875,2.625,2.6875,2.0625],"rotation":180,"texture":"#0"},"down":{"uv":[3.1875,2.125,3.6875,1.5625],"texture":"#0"}}},{"from":[9.44207,7.8295,-1.425],"to":[6.44207,4.8295,-2.425],"rotation":{"angle":-45,"axis":"z","origin":[7.975,6.29657,-0.6]},"faces":{"north":{"uv":[16,0,15.625,0.375],"texture":"#0"},"east":{"uv":[16,0,15.875,0.375],"texture":"#0"},"south":{"uv":[16,0,15.625,0.375],"texture":"#0"},"west":{"uv":[16,0,15.875,0.375],"texture":"#0"},"up":{"uv":[16,0,15.875,0.375],"rotation":90,"texture":"#0"},"down":{"uv":[16,0,15.875,0.375],"rotation":270,"texture":"#0"}}},{"from":[-2.92699,12.85339,7],"to":[7.07301,21.85339,11],"rotation":{"angle":-45,"axis":"z","origin":[2.57301,16.85339,9]},"faces":{"north":{"uv":[2.5625,13.5,1.3125,14.625],"texture":"#0"},"east":{"uv":[3.0625,13.5625,2.5625,14.6875],"texture":"#0"},"south":{"uv":[2.5625,14.625,1.3125,15.75],"texture":"#0"},"west":{"uv":[3.0625,13.5625,2.5625,14.6875],"texture":"#0"},"up":{"uv":[1.3125,15.4375,0.0625,15.9375],"texture":"#0"},"down":{"uv":[1.3125,15.4375,0.0625,15.9375],"texture":"#0"}}},{"from":[8.92699,12.85339,7],"to":[18.92699,21.85339,11],"rotation":{"angle":45,"axis":"z","origin":[13.42699,16.85339,9]},"faces":{"north":{"uv":[1.3125,13.5,2.5625,14.625],"texture":"#0"},"east":{"uv":[2.5625,13.5625,3.0625,14.6875],"texture":"#0"},"south":{"uv":[1.3125,14.625,2.5625,15.75],"texture":"#0"},"west":{"uv":[2.5625,13.5625,3.0625,14.6875],"texture":"#0"},"up":{"uv":[0.0625,15.4375,1.3125,15.9375],"texture":"#0"},"down":{"uv":[0.0625,15.4375,1.3125,15.9375],"texture":"#0"}}},{"from":[2.75,21.5,6],"to":[13.25,32,6],"rotation":{"angle":0,"axis":"y","origin":[8,26.75,6]},"faces":{"north":{"uv":[5.25,0,0,5.25],"rotation":270,"texture":"#3"},"east":{"uv":[0,5,0,0],"texture":"#missing"},"south":{"uv":[5.25,0,0,5.25],"rotation":270,"texture":"#3"},"west":{"uv":[0,0,0,5],"rotation":180,"texture":"#missing"},"up":{"uv":[0,5,0,0],"rotation":90,"texture":"#missing"},"down":{"uv":[0,5,0,0],"rotation":90,"texture":"#missing"}}},{"from":[2.75,21.5,6],"to":[13.25,32,6],"rotation":{"angle":22.5,"axis":"z","origin":[8,26.75,6]},"faces":{"north":{"uv":[10.5,0,5.25,5.25],"rotation":270,"texture":"#3"},"east":{"uv":[0,5,0,0],"texture":"#missing"},"south":{"uv":[10.5,0,5.25,5.25],"rotation":270,"texture":"#3"},"west":{"uv":[0,0,0,5],"rotation":180,"texture":"#missing"},"up":{"uv":[0,5,0,0],"rotation":90,"texture":"#missing"},"down":{"uv":[0,5,0,0],"rotation":90,"texture":"#missing"}}},{"from":[2.75,21.5,6],"to":[13.25,32,6],"rotation":{"angle":45,"axis":"z","origin":[8,26.75,6]},"faces":{"north":{"uv":[15.75,0,10.5,5.25],"rotation":270,"texture":"#3"},"east":{"uv":[0,5,0,0],"texture":"#missing"},"south":{"uv":[15.75,0,10.5,5.25],"rotation":270,"texture":"#3"},"west":{"uv":[0,0,0,5],"rotation":180,"texture":"#missing"},"up":{"uv":[0,5,0,0],"rotation":90,"texture":"#missing"},"down":{"uv":[0,5,0,0],"rotation":90,"texture":"#missing"}}},{"from":[2.75,21.5,6],"to":[13.25,32,6],"rotation":{"angle":-22.5,"axis":"z","origin":[8,26.75,6]},"faces":{"north":{"uv":[5.25,5.25,0,10.5],"texture":"#3"},"east":{"uv":[0,5,0,0],"texture":"#missing"},"south":{"uv":[0,5.25,5.25,10.5],"texture":"#3"},"west":{"uv":[0,5,0,0],"texture":"#missing"},"up":{"uv":[0,5,0,0],"rotation":270,"texture":"#missing"},"down":{"uv":[0,0,0,5],"rotation":90,"texture":"#missing"}}},{"from":[2.75,21.5,6],"to":[13.25,32,6],"rotation":{"angle":0,"axis":"y","origin":[8,26.75,6]},"faces":{"north":{"uv":[10.5,5.25,5.25,10.5],"texture":"#3"},"east":{"uv":[0,5,0,0],"texture":"#missing"},"south":{"uv":[5.25,5.25,10.5,10.5],"texture":"#3"},"west":{"uv":[0,5,0,0],"texture":"#missing"},"up":{"uv":[0,5,0,0],"rotation":270,"texture":"#missing"},"down":{"uv":[0,0,0,5],"rotation":90,"texture":"#missing"}}},{"from":[2.75,21.5,6],"to":[13.25,32,6],"rotation":{"angle":45,"axis":"z","origin":[8,26.75,6]},"faces":{"north":{"uv":[5.25,10.75,0,16],"texture":"#3"},"east":{"uv":[0,5,0,0],"texture":"#missing"},"south":{"uv":[0,10.75,5.25,16],"texture":"#3"},"west":{"uv":[0,5,0,0],"texture":"#missing"},"up":{"uv":[0,5,0,0],"rotation":270,"texture":"#missing"},"down":{"uv":[0,0,0,5],"rotation":90,"texture":"#missing"}}},{"from":[2.75,21.5,6],"to":[13.25,32,6],"rotation":{"angle":-22.5,"axis":"z","origin":[8,26.75,6]},"faces":{"north":{"uv":[10.5,10.75,5.25,16],"rotation":90,"texture":"#3"},"east":{"uv":[0,0,0,5],"texture":"#missing"},"south":{"uv":[10.5,10.75,5.25,16],"rotation":90,"texture":"#3"},"west":{"uv":[0,5,0,0],"rotation":180,"texture":"#missing"},"up":{"uv":[0,5,0,0],"rotation":270,"texture":"#missing"},"down":{"uv":[0,5,0,0],"rotation":270,"texture":"#missing"}}},{"from":[2.75,21.5,6],"to":[13.25,32,6],"rotation":{"angle":22.5,"axis":"z","origin":[8,26.75,6]},"faces":{"north":{"uv":[15.75,5.25,10.5,10.5],"texture":"#3"},"east":{"uv":[0,5,0,0],"texture":"#missing"},"south":{"uv":[10.5,5.25,15.75,10.5],"texture":"#3"},"west":{"uv":[0,5,0,0],"texture":"#missing"},"up":{"uv":[0,5,0,0],"rotation":270,"texture":"#missing"},"down":{"uv":[0,0,0,5],"rotation":90,"texture":"#missing"}}}],"gui_light":"front","display":{"thirdperson_righthand":{"rotation":[75,45,0],"translation":[0,2.5,0],"scale":[0.2207,0.2207,0.2207]},"thirdperson_lefthand":{"rotation":[75,45,0],"translation":[0,2.5,0],"scale":[0.2207,0.2207,0.2207]},"firstperson_righthand":{"rotation":[0,135,0],"translation":[2.25,3.75,0],"scale":[0.25938,0.25938,0.25938]},"firstperson_lefthand":{"rotation":[0,135,0],"translation":[2.25,3.75,0],"scale":[0.25938,0.25938,0.25938]},"ground":{"translation":[0,9,0],"scale":[0.5,0.5,0.5]},"gui":{"rotation":[14,148,0],"translation":[0,-2.75,-1.5],"scale":[0.44532,0.44532,0.44532]},"head":{"rotation":[0,180,0],"translation":[0,-30.4,0],"scale":[1.6,1.6,1.6]},"fixed":{"rotation":[-90,0,0],"translation":[0,0,-14],"scale":[2,2,2]}},"groups":[{"name":"group","origin":[3,21.75,8],"color":0,"children":[]},0,1,2,3,4,5,6,7,8,9,10,11,12,13,14,15,16,17,18,19,20,21,22,{"name":"group","origin":[3,21.75,8],"color":0,"children":[23,24,25,26,27,28,29,30]}],"mcmodels":"92e97e2faa2310f7974495521fa5af9c"}