{"credit":"Made with Blockbench","texture_size":[128,128],"textures":{"0":"elitecreatures:cat_sage_animated_weapon_set/cat_sage_texture","2":"elitecreatures:cat_sage_animated_weapon_set/cat_sage_animation01","4":"elitecreatures:cat_sage_animated_weapon_set/cat_sage_animation03","particle":"elitecreatures:cat_sage_animated_weapon_set/cat_sage_texture"},"elements":[{"from":[5,4,-1],"to":[11,8.5,15],"rotation":{"angle":0,"axis":"y","origin":[6.5,22,12.28682]},"faces":{"north":{"uv":[8.375,12.0625,8.9375,12.8125],"rotation":270,"texture":"#0"},"east":{"uv":[9.6875,16,10.25,14],"rotation":270,"texture":"#0"},"south":{"uv":[8.375,12.0625,8.9375,12.8125],"rotation":270,"texture":"#0"},"west":{"uv":[9.6875,14,10.25,16],"rotation":270,"texture":"#0"},"up":{"uv":[7.6875,14.25,9.6875,15],"rotation":270,"texture":"#0"},"down":{"uv":[7.6875,13.5,9.6875,14.25],"rotation":270,"texture":"#0"}}},{"from":[6,4.01,13],"to":[10,8.49,17],"rotation":{"angle":45,"axis":"y","origin":[8,6.25,15]},"faces":{"north":{"uv":[8.1875,12.8125,8.75,13.3125],"rotation":270,"texture":"#0"},"east":{"uv":[8.1875,12.8125,8.75,13.3125],"rotation":270,"texture":"#0"},"south":{"uv":[8.1875,13.3125,8.75,12.8125],"rotation":270,"texture":"#0"},"west":{"uv":[8.1875,12.8125,8.75,13.3125],"rotation":270,"texture":"#0"},"up":{"uv":[7.1875,12.8125,7.6875,13.3125],"rotation":270,"texture":"#0"},"down":{"uv":[7.6875,12.8125,8.1875,13.3125],"rotation":270,"texture":"#0"}}},{"from":[6,1.5,12.5],"to":[10,8,15.5],"rotation":{"angle":-45,"axis":"x","origin":[8,8.5,15.5]},"faces":{"north":{"uv":[11.9375,15.1875,12.4375,14.375],"rotation":180,"texture":"#0"},"east":{"uv":[12.3125,16,11.9375,15.1875],"rotation":180,"texture":"#0"},"south":{"uv":[12.3125,16,12.8125,15.1875],"rotation":180,"texture":"#0"},"west":{"uv":[11.9375,16,12.3125,15.1875],"rotation":180,"texture":"#0"},"up":{"uv":[11.9375,14.375,12.4375,14],"rotation":180,"texture":"#0"},"down":{"uv":[11.9375,14.375,12.4375,14],"rotation":180,"texture":"#0"}}},{"from":[4,0.9,17.3],"to":[12,5.4,21.8],"rotation":{"angle":45,"axis":"x","origin":[8,3.15,19.55]},"faces":{"north":{"uv":[10.9375,13.375,11.5,12.375],"rotation":90,"texture":"#0"},"east":{"uv":[10.3125,12.875,10.875,12.3125],"rotation":90,"texture":"#0"},"south":{"uv":[11.5625,13.875,12.125,12.875],"rotation":90,"texture":"#0"},"west":{"uv":[10.3125,12.3125,10.875,12.875],"rotation":90,"texture":"#0"},"up":{"uv":[10.125,12.3125,10.6875,11.3125],"rotation":90,"texture":"#0"},"down":{"uv":[10.6875,12.3125,11.25,11.3125],"rotation":90,"texture":"#0"}}},{"from":[-4,8.5,7],"to":[13,9,7.5],"rotation":{"angle":-45,"axis":"y","origin":[-3.5,8.75,7.25]},"faces":{"north":{"uv":[11.875,16,11.9375,14.5],"rotation":270,"texture":"#0"},"east":{"uv":[12.0625,14.125,12.125,14.1875],"rotation":270,"texture":"#0"},"south":{"uv":[11.875,14.5,11.9375,16],"rotation":270,"texture":"#0"},"west":{"uv":[12.0625,14.125,12.125,14.1875],"rotation":270,"texture":"#0"},"up":{"uv":[11.875,14.5,11.9375,16],"rotation":270,"texture":"#0"},"down":{"uv":[11.875,14.5,11.9375,16],"rotation":270,"texture":"#0"}}},{"from":[3,8.5,7],"to":[20,9,7.5],"rotation":{"angle":45,"axis":"y","origin":[19.5,8.75,7.25]},"faces":{"north":{"uv":[11.875,14.5,11.9375,16],"rotation":270,"texture":"#0"},"east":{"uv":[12.125,14.25,12.1875,14.1875],"rotation":270,"texture":"#0"},"south":{"uv":[11.875,16,11.9375,14.5],"rotation":270,"texture":"#0"},"west":{"uv":[12.125,14.25,12.1875,14.1875],"rotation":270,"texture":"#0"},"up":{"uv":[11.875,16,11.9375,14.5],"rotation":270,"texture":"#0"},"down":{"uv":[11.875,16,11.9375,14.5],"rotation":270,"texture":"#0"}}},{"from":[8,4,-11],"to":[8,14,19.5],"rotation":{"angle":-22.5,"axis":"z","origin":[8,9,4.25]},"faces":{"north":{"uv":[0,6.25,0.0625,8.4375],"rotation":90,"texture":"#missing"},"east":{"uv":[11.625,0,12.875,3.8125],"rotation":270,"texture":"#0"},"south":{"uv":[0,6.25,0.0625,8.4375],"rotation":270,"texture":"#missing"},"west":{"uv":[11.625,3.8125,12.875,0],"rotation":270,"texture":"#0"},"up":{"uv":[0,6.25,0.0625,8.4375],"rotation":270,"texture":"#missing"},"down":{"uv":[0,6.25,0.0625,8.4375],"rotation":270,"texture":"#missing"}}},{"from":[8,4,-11],"to":[8,14,19.5],"rotation":{"angle":22.5,"axis":"z","origin":[8,9,4.25]},"faces":{"north":{"uv":[0,6.25,0.0625,8.4375],"rotation":90,"texture":"#missing"},"east":{"uv":[11.625,0,12.875,3.8125],"rotation":270,"texture":"#0"},"south":{"uv":[0,6.25,0.0625,8.4375],"rotation":270,"texture":"#missing"},"west":{"uv":[11.625,3.8125,12.875,0],"rotation":270,"texture":"#0"},"up":{"uv":[0,6.25,0.0625,8.4375],"rotation":270,"texture":"#missing"},"down":{"uv":[0,6.25,0.0625,8.4375],"rotation":270,"texture":"#missing"}}},{"from":[5.5,3.6,-3],"to":[11,8.6,2.5],"rotation":{"angle":45,"axis":"y","origin":[8,6.6,0]},"faces":{"north":{"uv":[12.8125,13.9375,12.125,13.3125],"rotation":180,"texture":"#0"},"east":{"uv":[12.125,13.9375,12.8125,13.3125],"rotation":180,"texture":"#0"},"south":{"uv":[12.125,13.9375,12.8125,13.3125],"rotation":180,"texture":"#0"},"west":{"uv":[12.125,13.9375,12.8125,13.3125],"rotation":180,"texture":"#0"},"up":{"uv":[10.25,16,10.9375,15.3125],"rotation":180,"texture":"#0"},"down":{"uv":[10.25,15.3125,10.9375,14.625],"rotation":180,"texture":"#0"}}},{"from":[5.5,5.1,-4],"to":[10,7.1,-2.5],"rotation":{"angle":45,"axis":"y","origin":[8,6.1,0]},"faces":{"north":{"uv":[12.125,13.125,12.6875,12.875],"rotation":180,"texture":"#0"},"east":{"uv":[12.125,13.5625,12.3125,13.3125],"rotation":180,"texture":"#0"},"south":{"uv":[12.125,13.125,12.6875,12.875],"rotation":180,"texture":"#0"},"west":{"uv":[12.125,13.5625,12.3125,13.3125],"rotation":180,"texture":"#0"},"up":{"uv":[11.5625,12.875,12.125,12.6875],"rotation":180,"texture":"#0"},"down":{"uv":[11.5625,12.875,12.125,12.6875],"rotation":180,"texture":"#0"}}},{"from":[6,5.1,-4],"to":[10.5,7.1,-2.5],"rotation":{"angle":-45,"axis":"y","origin":[8,6.1,0]},"faces":{"north":{"uv":[12.6875,13.125,12.125,12.875],"rotation":180,"texture":"#0"},"east":{"uv":[12.3125,13.5625,12.125,13.3125],"rotation":180,"texture":"#0"},"south":{"uv":[12.6875,13.125,12.125,12.875],"rotation":180,"texture":"#0"},"west":{"uv":[12.3125,13.5625,12.125,13.3125],"rotation":180,"texture":"#0"},"up":{"uv":[12.125,12.875,11.5625,12.6875],"rotation":180,"texture":"#0"},"down":{"uv":[12.125,12.875,11.5625,12.6875],"rotation":180,"texture":"#0"}}},{"from":[5,0.47627,-5.60561],"to":[11,3.97627,-3.10561],"rotation":{"angle":-45,"axis":"x","origin":[8,2.47627,-3.10561]},"faces":{"north":{"uv":[10.1875,10.25,10.9375,10.6875],"texture":"#0"},"east":{"uv":[10.1875,10.3125,9.875,10.75],"texture":"#0"},"south":{"uv":[10.1875,9.8125,10.9375,10.25],"texture":"#0"},"west":{"uv":[9.875,10.3125,10.1875,10.75],"texture":"#0"},"up":{"uv":[10.1875,11,10.9375,11.3125],"texture":"#0"},"down":{"uv":[10.1875,10.6875,10.9375,11],"texture":"#0"}}},{"from":[11,0.97627,-5.10561],"to":[12,3.47627,1.39439],"rotation":{"angle":-45,"axis":"x","origin":[8,2.47627,-3.10561]},"faces":{"north":{"uv":[9.875,10.3125,9.75,10.625],"texture":"#0"},"east":{"uv":[10.5,9.5,9.6875,9.8125],"texture":"#0"},"south":{"uv":[9.875,10.3125,9.75,10.625],"texture":"#0"},"west":{"uv":[9.6875,9.5,10.5,9.8125],"texture":"#0"},"up":{"uv":[11.0625,10.5,10.9375,11.3125],"texture":"#0"},"down":{"uv":[11.1875,10.5,11.0625,11.3125],"texture":"#0"}}},{"from":[8.75,6.68984,-3],"to":[7.25,5.18984,-6],"rotation":{"angle":-45,"axis":"z","origin":[8,5.93984,-4.5]},"faces":{"north":{"uv":[16,0,15.8125,0.1875],"texture":"#0"},"east":{"uv":[16,0,15.625,0.1875],"texture":"#0"},"south":{"uv":[16,0,15.8125,0.1875],"texture":"#0"},"west":{"uv":[16,0,15.625,0.1875],"texture":"#0"},"up":{"uv":[16,0,15.625,0.1875],"rotation":90,"texture":"#0"},"down":{"uv":[16,0,15.625,0.1875],"rotation":270,"texture":"#0"}}},{"from":[22.25,10.5,9.55],"to":[20.75,7.5,8.05],"rotation":{"angle":22.5,"axis":"y","origin":[21.5,9,8.8]},"faces":{"north":{"uv":[16,0,15.625,0.1875],"rotation":90,"texture":"#0"},"east":{"uv":[16,0,15.625,0.1875],"rotation":270,"texture":"#0"},"south":{"uv":[16,0,15.625,0.1875],"rotation":90,"texture":"#0"},"west":{"uv":[16,0,15.625,0.1875],"rotation":90,"texture":"#0"},"up":{"uv":[16,0,15.8125,0.1875],"rotation":180,"texture":"#0"},"down":{"uv":[16,0,15.8125,0.1875],"texture":"#0"}}},{"from":[-4.75,10.5,9.55],"to":[-6.25,7.5,8.05],"rotation":{"angle":-22.5,"axis":"y","origin":[-5.5,9,8.8]},"faces":{"north":{"uv":[16,0.1875,15.625,0],"rotation":90,"texture":"#0"},"east":{"uv":[16,0.1875,15.625,0],"rotation":90,"texture":"#0"},"south":{"uv":[16,0.1875,15.625,0],"rotation":90,"texture":"#0"},"west":{"uv":[16,0.1875,15.625,0],"rotation":270,"texture":"#0"},"up":{"uv":[15.8125,0,16,0.1875],"rotation":180,"texture":"#0"},"down":{"uv":[15.8125,0,16,0.1875],"texture":"#0"}}},{"from":[22.25,8.5,9.55],"to":[20.75,5.5,8.05],"rotation":{"angle":22.5,"axis":"y","origin":[21.5,7,8.8]},"faces":{"north":{"uv":[15.625,0,16,0.1875],"rotation":90,"texture":"#0"},"east":{"uv":[15.625,0,16,0.1875],"rotation":270,"texture":"#0"},"south":{"uv":[15.625,0,16,0.1875],"rotation":90,"texture":"#0"},"west":{"uv":[15.625,0,16,0.1875],"rotation":90,"texture":"#0"},"up":{"uv":[16,0.1875,15.8125,0],"texture":"#0"},"down":{"uv":[16,0.1875,15.8125,0],"rotation":180,"texture":"#0"}}},{"from":[-4.75,8.5,9.55],"to":[-6.25,5.5,8.05],"rotation":{"angle":-22.5,"axis":"y","origin":[-5.5,7,8.8]},"faces":{"north":{"uv":[15.625,0.1875,16,0],"rotation":90,"texture":"#0"},"east":{"uv":[15.625,0.1875,16,0],"rotation":90,"texture":"#0"},"south":{"uv":[15.625,0.1875,16,0],"rotation":90,"texture":"#0"},"west":{"uv":[15.625,0.1875,16,0],"rotation":270,"texture":"#0"},"up":{"uv":[15.8125,0.1875,16,0],"texture":"#0"},"down":{"uv":[15.8125,0.1875,16,0],"rotation":180,"texture":"#0"}}},{"from":[4,0.97627,-5.10561],"to":[5,3.47627,1.39439],"rotation":{"angle":-45,"axis":"x","origin":[8,2.47627,-3.10561]},"faces":{"north":{"uv":[9.75,10.3125,9.875,10.625],"texture":"#0"},"east":{"uv":[10.5,9.5,9.6875,9.8125],"texture":"#0"},"south":{"uv":[9.75,10.3125,9.875,10.625],"texture":"#0"},"west":{"uv":[9.6875,9.5,10.5,9.8125],"texture":"#0"},"up":{"uv":[10.9375,10.5,11.0625,11.3125],"texture":"#0"},"down":{"uv":[11.0625,10.5,11.1875,11.3125],"texture":"#0"}}},{"from":[-7.5,-0.5,0],"to":[0.5,19.5,0],"rotation":{"angle":-22.5,"axis":"y","origin":[-3.5,9.5,0]},"faces":{"north":{"uv":[4,0,0,10],"texture":"#4"},"east":{"uv":[0,0,0,8.5],"texture":"#missing"},"south":{"uv":[0,0,4,10],"texture":"#4"},"west":{"uv":[0,0,0,8.5],"texture":"#missing"},"up":{"uv":[0,0,0,3],"rotation":90,"texture":"#missing"},"down":{"uv":[0,3,0,0],"rotation":270,"texture":"#missing"}}},{"from":[15.5,-0.5,0],"to":[23.5,19.5,0],"rotation":{"angle":22.5,"axis":"y","origin":[19.5,9.5,0]},"faces":{"north":{"uv":[0,0,4,10],"texture":"#4"},"east":{"uv":[0,0,0,8.5],"texture":"#missing"},"south":{"uv":[4,0,0,10],"texture":"#4"},"west":{"uv":[0,0,0,8.5],"texture":"#missing"},"up":{"uv":[0,3,0,0],"rotation":90,"texture":"#missing"},"down":{"uv":[0,0,0,3],"rotation":270,"texture":"#missing"}}},{"from":[7,3.5,-2],"to":[9.5,11,4],"rotation":{"angle":-22.5,"axis":"y","origin":[12,9.3,11]},"faces":{"north":{"uv":[11.875,14.5,10.9375,14.1875],"rotation":90,"texture":"#0"},"east":{"uv":[11.875,15.25,10.9375,14.5],"rotation":90,"texture":"#0"},"south":{"uv":[11.875,14.1875,10.9375,13.875],"rotation":90,"texture":"#0"},"west":{"uv":[11.875,16,10.9375,15.25],"rotation":90,"texture":"#0"},"up":{"uv":[9.5,13.5,8.75,13.1875],"rotation":90,"texture":"#0"},"down":{"uv":[9.5,13.1875,8.75,12.875],"rotation":90,"texture":"#0"}}},{"from":[9.5,4.5,0],"to":[14.5,10,3],"rotation":{"angle":-22.5,"axis":"y","origin":[12,9.3,11]},"faces":{"north":{"uv":[8.9375,12.875,9.625,12.25],"rotation":90,"texture":"#0"},"east":{"uv":[10.5625,14,11.375,13.625],"rotation":90,"texture":"#0"},"south":{"uv":[8.9375,12.25,9.625,11.625],"rotation":90,"texture":"#0"},"west":{"uv":[10.5625,14,11.375,13.625],"rotation":90,"texture":"#0"},"up":{"uv":[9.5,13.5,9.875,12.875],"rotation":90,"texture":"#0"},"down":{"uv":[9.875,13.5,10.25,12.875],"rotation":90,"texture":"#0"}}},{"from":[15.37117,4.49,0.36567],"to":[17.37117,10.01,5.36567],"rotation":{"angle":-45,"axis":"y","origin":[17.37117,7.25,4.56567]},"faces":{"north":{"uv":[9.625,12.875,10.3125,12.625],"rotation":90,"texture":"#0"},"east":{"uv":[10.25,13.5,10.9375,12.875],"rotation":90,"texture":"#0"},"south":{"uv":[9.625,12.625,10.3125,12.375],"rotation":90,"texture":"#0"},"west":{"uv":[10.25,14.125,10.9375,13.5],"rotation":90,"texture":"#0"},"up":{"uv":[10.9375,13.875,11.5625,13.625],"rotation":90,"texture":"#0"},"down":{"uv":[10.9375,13.625,11.5625,13.375],"rotation":90,"texture":"#0"}}},{"from":[17.53995,5.4,2.74838],"to":[19.03995,9.4,6.24838],"rotation":{"angle":45,"axis":"y","origin":[18.08995,7.15,4.24838]},"faces":{"north":{"uv":[9.625,11.3125,10.125,11.125],"rotation":90,"texture":"#0"},"east":{"uv":[9.625,12.375,10.125,11.9375],"rotation":90,"texture":"#0"},"south":{"uv":[9.625,11.3125,10.125,11.125],"rotation":90,"texture":"#0"},"west":{"uv":[9.625,11.9375,10.125,11.5],"rotation":90,"texture":"#0"},"up":{"uv":[9.1875,11.625,9.625,11.4375],"rotation":90,"texture":"#0"},"down":{"uv":[9.625,11.5,10.0625,11.3125],"rotation":90,"texture":"#0"}}},{"from":[18.67592,6.4,4.99085],"to":[20.17592,9.4,7.99085],"rotation":{"angle":22.5,"axis":"y","origin":[20.17592,7.4,4.99085]},"faces":{"north":{"uv":[8.625,15.6875,9,15.5],"rotation":90,"texture":"#0"},"east":{"uv":[9.3125,15.375,9.6875,15],"rotation":90,"texture":"#0"},"south":{"uv":[8.625,15.6875,9,15.5],"rotation":90,"texture":"#0"},"west":{"uv":[9.3125,15.75,9.6875,15.375],"rotation":90,"texture":"#0"},"up":{"uv":[9.3125,15.9375,9.6875,15.75],"rotation":90,"texture":"#0"},"down":{"uv":[7.6875,15.1875,8.0625,15],"rotation":90,"texture":"#0"}}},{"from":[18.99411,6,7.12503],"to":[21.99411,10,10.12503],"rotation":{"angle":22.5,"axis":"y","origin":[21.37213,6.775,6.26488]},"faces":{"north":{"uv":[9.1875,9.5625,9.6875,9.9375],"rotation":270,"texture":"#0"},"east":{"uv":[9.1875,9.9375,9.6875,10.3125],"rotation":270,"texture":"#0"},"south":{"uv":[9.1875,10.6875,9.6875,11.0625],"rotation":270,"texture":"#0"},"west":{"uv":[9.1875,10.3125,9.6875,10.6875],"rotation":270,"texture":"#0"},"up":{"uv":[9.25,11.0625,9.625,11.4375],"rotation":270,"texture":"#0"},"down":{"uv":[9.25,11.0625,9.625,11.4375],"rotation":270,"texture":"#0"}}},{"from":[6.5,3.5,-2],"to":[9,11,4],"rotation":{"angle":22.5,"axis":"y","origin":[4,9.3,11]},"faces":{"north":{"uv":[11.875,14.1875,10.9375,14.5],"rotation":90,"texture":"#0"},"east":{"uv":[11.875,15.25,10.9375,16],"rotation":90,"texture":"#0"},"south":{"uv":[11.875,13.875,10.9375,14.1875],"rotation":90,"texture":"#0"},"west":{"uv":[11.875,14.5,10.9375,15.25],"rotation":90,"texture":"#0"},"up":{"uv":[9.5,13.1875,8.75,13.5],"rotation":90,"texture":"#0"},"down":{"uv":[9.5,12.875,8.75,13.1875],"rotation":90,"texture":"#0"}}},{"from":[20.30421,-1.81078,-4.3],"to":[24.30421,2.18922,-2.3],"rotation":{"angle":45,"axis":"z","origin":[8,-14.11499,-3.6]},"faces":{"north":{"uv":[3.6875,2.625,3.1875,2.125],"texture":"#0"},"east":{"uv":[3.9375,2.25,3.6875,1.75],"texture":"#0"},"south":{"uv":[3.1875,2.625,3.6875,2.125],"texture":"#0"},"west":{"uv":[4.1875,2.25,3.9375,1.75],"texture":"#0"},"up":{"uv":[3.9375,2.25,3.6875,1.75],"rotation":90,"texture":"#0"},"down":{"uv":[4.1875,1.75,3.9375,2.25],"rotation":270,"texture":"#0"}}},{"from":[5.5,4.2,-5.16],"to":[8,6.7,-2.64],"rotation":{"angle":-45,"axis":"z","origin":[8,4.2,-3.2]},"faces":{"north":{"uv":[2.5,1.25,2.8125,0.9375],"rotation":90,"texture":"#0"},"east":{"uv":[2.125,1.5625,2.4375,1.25],"rotation":90,"texture":"#0"},"south":{"uv":[2.5,0.9375,2.8125,1.25],"rotation":90,"texture":"#0"},"west":{"uv":[2.125,1.5625,2.4375,1.25],"rotation":90,"texture":"#0"},"up":{"uv":[1.9375,2.0625,2.25,1.75],"rotation":180,"texture":"#0"},"down":{"uv":[2.4375,1.5625,2.125,1.25],"texture":"#0"}}},{"from":[1.5,4.5,0],"to":[6.5,10,3],"rotation":{"angle":22.5,"axis":"y","origin":[4,9.3,11]},"faces":{"north":{"uv":[8.9375,12.25,9.625,12.875],"rotation":90,"texture":"#0"},"east":{"uv":[10.5625,13.625,11.375,14],"rotation":90,"texture":"#0"},"south":{"uv":[8.9375,11.625,9.625,12.25],"rotation":90,"texture":"#0"},"west":{"uv":[10.5625,13.625,11.375,14],"rotation":90,"texture":"#0"},"up":{"uv":[9.5,12.875,9.875,13.5],"rotation":90,"texture":"#0"},"down":{"uv":[9.875,12.875,10.25,13.5],"rotation":90,"texture":"#0"}}},{"from":[-1.37117,4.49,0.36567],"to":[0.62883,10.01,5.36567],"rotation":{"angle":45,"axis":"y","origin":[-1.37117,7.25,4.56567]},"faces":{"north":{"uv":[9.625,12.625,10.3125,12.875],"rotation":90,"texture":"#0"},"east":{"uv":[10.25,13.5,10.9375,14.125],"rotation":90,"texture":"#0"},"south":{"uv":[9.625,12.375,10.3125,12.625],"rotation":90,"texture":"#0"},"west":{"uv":[10.25,12.875,10.9375,13.5],"rotation":90,"texture":"#0"},"up":{"uv":[10.9375,13.625,11.5625,13.875],"rotation":90,"texture":"#0"},"down":{"uv":[10.9375,13.375,11.5625,13.625],"rotation":90,"texture":"#0"}}},{"from":[-3.03995,5.4,2.74838],"to":[-1.53995,9.4,6.24838],"rotation":{"angle":-45,"axis":"y","origin":[-2.08995,7.15,4.24838]},"faces":{"north":{"uv":[9.625,11.125,10.125,11.3125],"rotation":90,"texture":"#0"},"east":{"uv":[9.625,11.5,10.125,11.9375],"rotation":90,"texture":"#0"},"south":{"uv":[9.625,11.125,10.125,11.3125],"rotation":90,"texture":"#0"},"west":{"uv":[9.625,11.9375,10.125,12.375],"rotation":90,"texture":"#0"},"up":{"uv":[9.1875,11.4375,9.625,11.625],"rotation":90,"texture":"#0"},"down":{"uv":[9.625,11.3125,10.0625,11.5],"rotation":90,"texture":"#0"}}},{"from":[-4.17592,6.39,4.99085],"to":[-2.67592,9.39,7.99085],"rotation":{"angle":-22.5,"axis":"y","origin":[-4.17592,7.4,4.99085]},"faces":{"north":{"uv":[8.625,15.5,9,15.6875],"rotation":90,"texture":"#0"},"east":{"uv":[9.3125,15.375,9.6875,15.75],"rotation":90,"texture":"#0"},"south":{"uv":[8.625,15.5,9,15.6875],"rotation":90,"texture":"#0"},"west":{"uv":[9.3125,15,9.6875,15.375],"rotation":90,"texture":"#0"},"up":{"uv":[9.3125,15.75,9.6875,15.9375],"rotation":90,"texture":"#0"},"down":{"uv":[7.6875,15,8.0625,15.1875],"rotation":90,"texture":"#0"}}},{"from":[-5.99411,6,7.12503],"to":[-2.99411,10,10.12503],"rotation":{"angle":-22.5,"axis":"y","origin":[-5.37213,6.775,6.26488]},"faces":{"north":{"uv":[9.1875,9.9375,9.6875,9.5625],"rotation":270,"texture":"#0"},"east":{"uv":[9.1875,10.6875,9.6875,10.3125],"rotation":270,"texture":"#0"},"south":{"uv":[9.1875,11.0625,9.6875,10.6875],"rotation":270,"texture":"#0"},"west":{"uv":[9.1875,10.3125,9.6875,9.9375],"rotation":270,"texture":"#0"},"up":{"uv":[9.25,11.4375,9.625,11.0625],"rotation":270,"texture":"#0"},"down":{"uv":[9.625,11.4375,9.25,11.0625],"rotation":270,"texture":"#0"}}},{"from":[-7.46955,6.01,8.56921],"to":[-4.46955,9.99,10.06921],"rotation":{"angle":-45,"axis":"y","origin":[-5.37213,6.775,6.26488]},"faces":{"north":{"uv":[9.6875,9.5625,9.1875,9.1875],"rotation":90,"texture":"#0"},"east":{"uv":[12.625,13.3125,12.125,13.125],"rotation":90,"texture":"#0"},"south":{"uv":[10.1875,11.125,9.6875,10.75],"rotation":90,"texture":"#0"},"west":{"uv":[12.625,13.3125,12.125,13.125],"rotation":90,"texture":"#0"},"up":{"uv":[9.1875,10.1875,9,9.8125],"rotation":90,"texture":"#0"},"down":{"uv":[10.25,14,10.0625,13.625],"rotation":90,"texture":"#0"}}},{"from":[20.46955,6,8.56921],"to":[23.46955,10,10.06921],"rotation":{"angle":45,"axis":"y","origin":[21.37213,6.775,6.26488]},"faces":{"north":{"uv":[9.6875,9.1875,9.1875,9.5625],"rotation":90,"texture":"#0"},"east":{"uv":[12.625,13.125,12.125,13.3125],"rotation":90,"texture":"#0"},"south":{"uv":[10.1875,10.75,9.6875,11.125],"rotation":90,"texture":"#0"},"west":{"uv":[12.625,13.125,12.125,13.3125],"rotation":90,"texture":"#0"},"up":{"uv":[9.1875,9.8125,9,10.1875],"rotation":90,"texture":"#0"},"down":{"uv":[10.25,13.625,10.0625,14],"rotation":90,"texture":"#0"}}},{"from":[8,1.5,-6.5],"to":[13.5,12.5,-6.5],"rotation":{"angle":-22.5,"axis":"y","origin":[8,9.5,-6.5]},"faces":{"north":{"uv":[0,0.5,5.5,11.5],"texture":"#2"},"east":{"uv":[0,0,0,8],"texture":"#2"},"south":{"uv":[5.5,0.5,0,11.5],"texture":"#2"},"west":{"uv":[0,0,0,8],"texture":"#2"},"up":{"uv":[0,10,0,0],"rotation":90,"texture":"#2"},"down":{"uv":[0,0,0,10],"rotation":270,"texture":"#2"}}},{"from":[2.5,1.5,-6.5],"to":[8,12.5,-6.5],"rotation":{"angle":22.5,"axis":"y","origin":[8,9.5,-6.5]},"faces":{"north":{"uv":[5.5,0.5,11,11.5],"texture":"#2"},"east":{"uv":[0,0,0,8],"texture":"#missing"},"south":{"uv":[11,0.5,5.5,11.5],"texture":"#2"},"west":{"uv":[0,0,0,8],"texture":"#missing"},"up":{"uv":[0,10,0,0],"rotation":90,"texture":"#missing"},"down":{"uv":[0,0,0,10],"rotation":270,"texture":"#missing"}}},{"from":[0,1.5,0],"to":[0,20.5,16],"rotation":{"angle":-45,"axis":"y","origin":[0,10.5,8]},"faces":{"north":{"uv":[0,0,0,2.375],"texture":"#missing"},"east":{"uv":[16,13.625,14,16],"texture":"#0"},"south":{"uv":[0,0,0,2.375],"texture":"#missing"},"west":{"uv":[14,13.625,16,16],"texture":"#0"},"up":{"uv":[2,0,0,0],"rotation":90,"texture":"#missing"},"down":{"uv":[2,0,0,0],"rotation":270,"texture":"#missing"}}},{"from":[16,1.5,0],"to":[16,20.5,16],"rotation":{"angle":45,"axis":"y","origin":[16,10.5,8]},"faces":{"north":{"uv":[0,0,0,2.375],"texture":"#missing"},"east":{"uv":[16,13.625,14,16],"texture":"#0"},"south":{"uv":[0,0,0,2.375],"texture":"#missing"},"west":{"uv":[14,13.625,16,16],"texture":"#0"},"up":{"uv":[2,0,0,0],"rotation":90,"texture":"#missing"},"down":{"uv":[2,0,0,0],"rotation":270,"texture":"#missing"}}}],"gui_light":"front","display":{"thirdperson_righthand":{"translation":[0,2.5,-1.25],"scale":[0.5,0.5,0.5]},"thirdperson_lefthand":{"translation":[0,2.5,-1.25],"scale":[0.5,0.5,0.5]},"firstperson_righthand":{"rotation":[0,-15,12],"translation":[2.5,1.75,-3.25],"scale":[0.56289,0.56289,0.56289]},"firstperson_lefthand":{"rotation":[0,-15,12],"translation":[2.5,1.75,-3.25],"scale":[0.56289,0.56289,0.56289]},"ground":{"translation":[0,9,-2],"scale":[0.55,0.55,0.55]},"gui":{"rotation":[48,128,0],"translation":[0,0.25,0],"scale":[0.48046,0.48046,0.48046]},"head":{"scale":[0,0,0]},"fixed":{"rotation":[-90,0,0],"translation":[0.75,-4.5,-9.75],"scale":[1.3,1.3,1.3]}},"mcmodels":"92e97e2faa2310f7974495521fa5af9c"}