{"credit":"Made with Blockbench","texture_size":[128,128],"textures":{"0":"elitecreatures:cat_sage_animated_weapon_set/cat_sage_texture","3":"elitecreatures:cat_sage_animated_weapon_set/cat_sage_animation02","4":"elitecreatures:cat_sage_animated_weapon_set/cat_sage_animation03","particle":"elitecreatures:cat_sage_animated_weapon_set/cat_sage_texture"},"elements":[{"from":[9.5,-8.08922,-12.30421],"to":[6.5,-9.58922,-13.80421],"rotation":{"angle":-45,"axis":"x","origin":[10.2,12.21499,8]},"faces":{"north":{"uv":[16,0,15.625,0.1875],"texture":"#0"},"east":{"uv":[16,0,15.8125,0.1875],"texture":"#0"},"south":{"uv":[16,0,15.625,0.1875],"texture":"#0"},"west":{"uv":[16,0,15.8125,0.1875],"texture":"#0"},"up":{"uv":[16,0,15.625,0.1875],"texture":"#0"},"down":{"uv":[16,0,15.625,0.1875],"texture":"#0"}}},{"from":[6.5,-2.5,3.5],"to":[9.5,1,12.5],"rotation":{"angle":0,"axis":"y","origin":[8,-9.5,7]},"faces":{"north":{"uv":[1.125,2.9375,1.5,2.5],"texture":"#0"},"east":{"uv":[0,2.9375,1.125,2.5],"texture":"#0"},"south":{"uv":[1.125,2.9375,1.5,2.5],"texture":"#0"},"west":{"uv":[0,2.9375,1.125,2.5],"texture":"#0"},"up":{"uv":[3.125,1.125,3.5,0],"texture":"#0"},"down":{"uv":[3.5,1.125,3.875,0],"texture":"#0"}}},{"from":[6.95,-2.49,2.45],"to":[9.05,0.99,4.55],"rotation":{"angle":45,"axis":"y","origin":[8,-0.5,3.5]},"faces":{"north":{"uv":[1.75,2.9375,2,2.5],"texture":"#0"},"east":{"uv":[2,2.9375,1.75,2.5],"texture":"#0"},"south":{"uv":[1.75,2.9375,2,2.5],"texture":"#0"},"west":{"uv":[1.75,2.9375,2,2.5],"texture":"#0"},"up":{"uv":[2.8125,1,3.0625,0.75],"texture":"#0"},"down":{"uv":[2.8125,1.25,3.0625,1],"texture":"#0"}}},{"from":[6.95,-2.49,11.45],"to":[9.05,0.99,13.55],"rotation":{"angle":-45,"axis":"y","origin":[8,-0.5,12.5]},"faces":{"north":{"uv":[2,2.9375,1.75,2.5],"texture":"#0"},"east":{"uv":[1.75,2.9375,2,2.5],"texture":"#0"},"south":{"uv":[2,2.9375,1.75,2.5],"texture":"#0"},"west":{"uv":[2,2.9375,1.75,2.5],"texture":"#0"},"up":{"uv":[2.8125,0.75,3.0625,1],"texture":"#0"},"down":{"uv":[2.8125,1,3.0625,1.25],"texture":"#0"}}},{"from":[6.75,-4,6.75],"to":[9.25,-2,9.25],"rotation":{"angle":45,"axis":"y","origin":[8,-7,8]},"faces":{"north":{"uv":[2.3125,2.75,2,2.5],"texture":"#0"},"east":{"uv":[2,2.75,2.3125,2.5],"texture":"#0"},"south":{"uv":[2.3125,2.75,2,2.5],"texture":"#0"},"west":{"uv":[2,2.75,2.3125,2.5],"texture":"#0"},"up":{"uv":[2.6875,2.625,2.375,2.3125],"texture":"#0"},"down":{"uv":[2.6875,2.625,2.375,2.3125],"texture":"#0"}}},{"from":[5.75,-2.68306,6.02773],"to":[10.25,1.31694,10.02773],"rotation":{"angle":-45,"axis":"x","origin":[8,-0.71079,8]},"faces":{"north":{"uv":[3.1875,2.125,3.6875,1.5625],"rotation":90,"texture":"#0"},"east":{"uv":[2.6875,2.0625,3.1875,1.5625],"rotation":90,"texture":"#0"},"south":{"uv":[2.6875,2.625,3.1875,2.0625],"rotation":90,"texture":"#0"},"west":{"uv":[2.6875,2.0625,3.1875,1.5625],"rotation":90,"texture":"#0"},"up":{"uv":[3.1875,2.625,2.6875,2.0625],"rotation":90,"texture":"#0"},"down":{"uv":[3.1875,2.125,3.6875,1.5625],"rotation":90,"texture":"#0"}}},{"from":[5.25,-1.98851,6.77773],"to":[10.75,0.51149,9.27773],"rotation":{"angle":45,"axis":"x","origin":[8,-0.71079,8]},"faces":{"north":{"uv":[4.125,0.6875,4.4375,0],"rotation":90,"texture":"#0"},"east":{"uv":[3.6875,2.25,4,2.5625],"rotation":90,"texture":"#0"},"south":{"uv":[4.4375,1.375,4.125,0.6875],"rotation":90,"texture":"#0"},"west":{"uv":[3.6875,2.5625,4,2.25],"rotation":90,"texture":"#0"},"up":{"uv":[4.125,0.6875,4.4375,0],"rotation":90,"texture":"#0"},"down":{"uv":[4.125,1.375,4.4375,0.6875],"rotation":90,"texture":"#0"}}},{"from":[5.85,2.70711,5],"to":[4.85,-0.29289,2],"rotation":{"angle":-45,"axis":"x","origin":[18.3,5.70711,8]},"faces":{"north":{"uv":[16,0,15.875,0.375],"texture":"#0"},"east":{"uv":[16,0,15.625,0.375],"texture":"#0"},"south":{"uv":[16,0,15.875,0.375],"texture":"#0"},"west":{"uv":[16,0,15.625,0.375],"texture":"#0"},"up":{"uv":[16,0,15.875,0.375],"texture":"#0"},"down":{"uv":[16,0,15.875,0.375],"texture":"#0"}}},{"from":[11.15,2.70711,5],"to":[10.15,-0.29289,2],"rotation":{"angle":-45,"axis":"x","origin":[-2.3,5.70711,8]},"faces":{"north":{"uv":[15.875,0,16,0.375],"texture":"#0"},"east":{"uv":[15.625,0,16,0.375],"texture":"#0"},"south":{"uv":[15.875,0,16,0.375],"texture":"#0"},"west":{"uv":[15.625,0,16,0.375],"texture":"#0"},"up":{"uv":[15.875,0,16,0.375],"texture":"#0"},"down":{"uv":[15.875,0,16,0.375],"texture":"#0"}}},{"from":[6.74,4.2,8],"to":[9.26,6.7,10.5],"rotation":{"angle":-45,"axis":"x","origin":[8.7,4.2,8]},"faces":{"north":{"uv":[2.125,1.5625,2.4375,1.25],"rotation":90,"texture":"#0"},"east":{"uv":[2.5,0.9375,2.8125,1.25],"rotation":90,"texture":"#0"},"south":{"uv":[2.125,1.5625,2.4375,1.25],"rotation":90,"texture":"#0"},"west":{"uv":[2.5,1.25,2.8125,0.9375],"rotation":90,"texture":"#0"},"up":{"uv":[1.9375,2.0625,2.25,1.75],"rotation":90,"texture":"#0"},"down":{"uv":[2.125,1.5625,2.4375,1.25],"rotation":90,"texture":"#0"}}},{"from":[6.75,2.5,6.25],"to":[9.25,6,9.75],"rotation":{"angle":0,"axis":"y","origin":[8,3.62843,8.2]},"faces":{"north":{"uv":[2.4375,1.5625,2.875,1.25],"rotation":90,"texture":"#0"},"east":{"uv":[2.6875,0,3.125,0.4375],"rotation":90,"texture":"#0"},"south":{"uv":[2.6875,0.75,3.125,0.4375],"rotation":90,"texture":"#0"},"west":{"uv":[2.6875,0.4375,3.125,0],"rotation":90,"texture":"#0"},"up":{"uv":[2.0625,1.25,2.5,0.9375],"rotation":90,"texture":"#0"},"down":{"uv":[2.0625,1.25,2.5,0.9375],"rotation":90,"texture":"#0"}}},{"from":[6.75,1,5.5],"to":[9.25,2.5,10.5],"rotation":{"angle":0,"axis":"y","origin":[8,3.12843,8]},"faces":{"north":{"uv":[3.5,1.5625,3.6875,1.25],"rotation":90,"texture":"#0"},"east":{"uv":[2.25,1.5625,2.4375,2.1875],"rotation":90,"texture":"#0"},"south":{"uv":[3.5,1.5625,3.6875,1.25],"rotation":90,"texture":"#0"},"west":{"uv":[2.25,2.1875,2.4375,1.5625],"rotation":90,"texture":"#0"},"up":{"uv":[2.875,1.5625,3.5,1.25],"rotation":90,"texture":"#0"},"down":{"uv":[2.875,1.5625,3.5,1.25],"rotation":90,"texture":"#0"}}},{"from":[7.1,0.99,4.6],"to":[8.9,2.49,6.4],"rotation":{"angle":45,"axis":"y","origin":[8,1.5,5.5]},"faces":{"north":{"uv":[1.8125,2.3125,2.0625,2.5],"texture":"#0"},"east":{"uv":[1.8125,2.3125,2.0625,2.5],"texture":"#0"},"south":{"uv":[1.8125,2.3125,2.0625,2.5],"texture":"#0"},"west":{"uv":[1.8125,2.3125,2.0625,2.5],"texture":"#0"},"up":{"uv":[1.8125,2.0625,2.0625,2.3125],"texture":"#0"},"down":{"uv":[1.8125,2.0625,2.0625,2.3125],"texture":"#0"}}},{"from":[7.1,0.99,9.6],"to":[8.9,2.49,11.4],"rotation":{"angle":-45,"axis":"y","origin":[8,1.5,10.5]},"faces":{"north":{"uv":[2.3125,2.3125,2.0625,2.5],"texture":"#0"},"east":{"uv":[2.3125,2.3125,2.0625,2.5],"texture":"#0"},"south":{"uv":[2.3125,2.3125,2.0625,2.5],"texture":"#0"},"west":{"uv":[2.3125,2.3125,2.0625,2.5],"texture":"#0"},"up":{"uv":[2.4375,1.8125,2.6875,1.5625],"texture":"#0"},"down":{"uv":[1.8125,2.3125,2.0625,2.0625],"texture":"#0"}}},{"from":[7,-16,7],"to":[9,-2,9],"rotation":{"angle":45,"axis":"y","origin":[8,-8,8]},"faces":{"north":{"uv":[4.125,0,3.875,1.75],"texture":"#0"},"east":{"uv":[3.875,0,4.125,1.75],"texture":"#0"},"south":{"uv":[4.125,0,3.875,1.75],"texture":"#0"},"west":{"uv":[3.875,0,4.125,1.75],"texture":"#0"},"up":{"uv":[2.6875,1.8125,2.4375,2.0625],"texture":"#0"},"down":{"uv":[2.6875,1.8125,2.4375,2.0625],"texture":"#0"}}},{"from":[6.75,-10.56765,1.40992],"to":[9.25,-8.06765,3.90992],"rotation":{"angle":22.5,"axis":"x","origin":[8,-7.625,2.5]},"faces":{"north":{"uv":[3.4375,2.8125,3.75,3.125],"texture":"#0"},"east":{"uv":[3.4375,2.8125,3.125,3.125],"texture":"#0"},"south":{"uv":[4,2.25,4.3125,2.5625],"texture":"#0"},"west":{"uv":[3.125,2.8125,3.4375,3.125],"texture":"#0"},"up":{"uv":[4.0625,2.5625,4.375,2.875],"texture":"#0"},"down":{"uv":[3.75,2.5625,4.0625,2.875],"texture":"#0"}}},{"from":[7,-6,2.5],"to":[9,-4,4.5],"rotation":{"angle":0,"axis":"y","origin":[8,-6.625,3]},"faces":{"north":{"uv":[3.625,3.125,3.375,3.375],"texture":"#0"},"east":{"uv":[3.375,3.125,3.125,3.375],"texture":"#0"},"south":{"uv":[3.625,3.125,3.875,3.375],"texture":"#0"},"west":{"uv":[3.125,3.125,3.375,3.375],"texture":"#0"},"up":{"uv":[3.75,2.875,4,3.125],"texture":"#0"},"down":{"uv":[3.75,3.125,4,2.875],"texture":"#0"}}},{"from":[8,-9,2],"to":[8,-2,5],"rotation":{"angle":0,"axis":"y","origin":[6,-5,2]},"faces":{"north":{"uv":[0,0,0,0.875],"texture":"#missing"},"east":{"uv":[5.25,0,4.875,0.875],"texture":"#0"},"south":{"uv":[0,0,0,0.875],"texture":"#missing"},"west":{"uv":[4.875,0,5.25,0.875],"texture":"#0"},"up":{"uv":[0,0,0,0.375],"texture":"#missing"},"down":{"uv":[0,0,0,0.375],"texture":"#missing"}}},{"from":[6.75,-12,6.75],"to":[9.25,-10.5,9.25],"rotation":{"angle":45,"axis":"y","origin":[8,-13,8]},"faces":{"north":{"uv":[2.9375,2.625,2.625,2.8125],"texture":"#0"},"east":{"uv":[2.625,2.625,2.9375,2.8125],"texture":"#0"},"south":{"uv":[2.9375,2.625,2.625,2.8125],"texture":"#0"},"west":{"uv":[2.625,2.625,2.9375,2.8125],"texture":"#0"},"up":{"uv":[2.3125,2.625,2.625,2.9375],"texture":"#0"},"down":{"uv":[2.625,2.625,2.3125,2.9375],"texture":"#0"}}},{"from":[6.75,-15,6.75],"to":[9.25,-13.5,9.25],"rotation":{"angle":45,"axis":"y","origin":[8,-16,8]},"faces":{"north":{"uv":[2.9375,2.625,2.625,2.8125],"texture":"#0"},"east":{"uv":[2.625,2.625,2.9375,2.8125],"texture":"#0"},"south":{"uv":[2.9375,2.625,2.625,2.8125],"texture":"#0"},"west":{"uv":[2.625,2.625,2.9375,2.8125],"texture":"#0"},"up":{"uv":[2.3125,2.625,2.625,2.9375],"texture":"#0"},"down":{"uv":[2.625,2.625,2.3125,2.9375],"texture":"#0"}}},{"from":[7,-13.18922,-8.30421],"to":[9,-9.18922,-4.30421],"rotation":{"angle":-45,"axis":"x","origin":[7.7,3.11499,8]},"faces":{"north":{"uv":[3.9375,1.75,3.6875,2.25],"texture":"#0"},"east":{"uv":[3.1875,2.125,3.6875,2.625],"texture":"#0"},"south":{"uv":[4.1875,1.75,3.9375,2.25],"texture":"#0"},"west":{"uv":[3.6875,2.125,3.1875,2.625],"texture":"#0"},"up":{"uv":[4.1875,2.25,3.9375,1.75],"texture":"#0"},"down":{"uv":[3.9375,1.75,3.6875,2.25],"texture":"#0"}}},{"from":[2.75,-12.75,2.75],"to":[13.25,-12.75,13.25],"rotation":{"angle":0,"axis":"y","origin":[8,-12.75,8]},"faces":{"north":{"uv":[0,0,0,5],"rotation":90,"texture":"#missing"},"east":{"uv":[0,5,0,0],"rotation":270,"texture":"#missing"},"south":{"uv":[0,5,0,0],"rotation":90,"texture":"#missing"},"west":{"uv":[0,5,0,0],"rotation":90,"texture":"#missing"},"up":{"uv":[5.25,0,0,5.25],"texture":"#3"},"down":{"uv":[5.25,0,0,5.25],"texture":"#3"}}},{"from":[2.75,-12.75,2.75],"to":[13.25,-12.75,13.25],"rotation":{"angle":22.5,"axis":"y","origin":[8,-12.75,8]},"faces":{"north":{"uv":[0,0,0,5],"rotation":90,"texture":"#missing"},"east":{"uv":[0,5,0,0],"rotation":270,"texture":"#missing"},"south":{"uv":[0,5,0,0],"rotation":90,"texture":"#missing"},"west":{"uv":[0,5,0,0],"rotation":90,"texture":"#missing"},"up":{"uv":[10.5,0,5.25,5.25],"texture":"#3"},"down":{"uv":[10.5,0,5.25,5.25],"texture":"#3"}}},{"from":[2.75,-12.75,2.75],"to":[13.25,-12.75,13.25],"rotation":{"angle":45,"axis":"y","origin":[8,-12.75,8]},"faces":{"north":{"uv":[0,0,0,5],"rotation":90,"texture":"#missing"},"east":{"uv":[0,5,0,0],"rotation":270,"texture":"#missing"},"south":{"uv":[0,5,0,0],"rotation":90,"texture":"#missing"},"west":{"uv":[0,5,0,0],"rotation":90,"texture":"#missing"},"up":{"uv":[15.75,0,10.5,5.25],"texture":"#3"},"down":{"uv":[15.75,0,10.5,5.25],"texture":"#3"}}},{"from":[2.75,-12.75,2.75],"to":[13.25,-12.75,13.25],"rotation":{"angle":-22.5,"axis":"y","origin":[8,-12.75,8]},"faces":{"north":{"uv":[0,5,0,0],"rotation":270,"texture":"#missing"},"east":{"uv":[0,5,0,0],"rotation":90,"texture":"#missing"},"south":{"uv":[0,5,0,0],"rotation":90,"texture":"#missing"},"west":{"uv":[0,0,0,5],"rotation":90,"texture":"#missing"},"up":{"uv":[0,5.25,5.25,10.5],"rotation":90,"texture":"#3"},"down":{"uv":[5.25,5.25,0,10.5],"rotation":90,"texture":"#3"}}},{"from":[2.75,-12.75,2.75],"to":[13.25,-12.75,13.25],"rotation":{"angle":0,"axis":"y","origin":[8,-12.75,8]},"faces":{"north":{"uv":[0,5,0,0],"rotation":270,"texture":"#missing"},"east":{"uv":[0,5,0,0],"rotation":90,"texture":"#missing"},"south":{"uv":[0,5,0,0],"rotation":90,"texture":"#missing"},"west":{"uv":[0,0,0,5],"rotation":90,"texture":"#missing"},"up":{"uv":[5.25,5.25,10.5,10.5],"rotation":90,"texture":"#3"},"down":{"uv":[10.5,5.25,5.25,10.5],"rotation":90,"texture":"#3"}}},{"from":[2.75,-12.75,2.75],"to":[13.25,-12.75,13.25],"rotation":{"angle":45,"axis":"y","origin":[8,-12.75,8]},"faces":{"north":{"uv":[0,5,0,0],"rotation":270,"texture":"#missing"},"east":{"uv":[0,5,0,0],"rotation":90,"texture":"#missing"},"south":{"uv":[0,5,0,0],"rotation":90,"texture":"#missing"},"west":{"uv":[0,0,0,5],"rotation":90,"texture":"#missing"},"up":{"uv":[0,10.75,5.25,16],"rotation":90,"texture":"#3"},"down":{"uv":[5.25,10.75,0,16],"rotation":90,"texture":"#3"}}},{"from":[2.75,-12.75,2.75],"to":[13.25,-12.75,13.25],"rotation":{"angle":-22.5,"axis":"y","origin":[8,-12.75,8]},"faces":{"north":{"uv":[0,5,0,0],"rotation":90,"texture":"#missing"},"east":{"uv":[0,5,0,0],"rotation":90,"texture":"#missing"},"south":{"uv":[0,0,0,5],"rotation":90,"texture":"#missing"},"west":{"uv":[0,5,0,0],"rotation":270,"texture":"#missing"},"up":{"uv":[10.5,10.75,5.25,16],"rotation":180,"texture":"#3"},"down":{"uv":[10.5,10.75,5.25,16],"rotation":180,"texture":"#3"}}},{"from":[2.75,-12.75,2.75],"to":[13.25,-12.75,13.25],"rotation":{"angle":22.5,"axis":"y","origin":[8,-12.75,8]},"faces":{"north":{"uv":[0,5,0,0],"rotation":270,"texture":"#missing"},"east":{"uv":[0,5,0,0],"rotation":90,"texture":"#missing"},"south":{"uv":[0,5,0,0],"rotation":90,"texture":"#missing"},"west":{"uv":[0,0,0,5],"rotation":90,"texture":"#missing"},"up":{"uv":[10.5,5.25,15.75,10.5],"rotation":90,"texture":"#3"},"down":{"uv":[15.75,5.25,10.5,10.5],"rotation":90,"texture":"#3"}}},{"from":[8,2,10],"to":[8,22,18],"rotation":{"angle":0,"axis":"y","origin":[6,7,14]},"faces":{"north":{"uv":[0,0,0,8.5],"texture":"#missing"},"east":{"uv":[0,0,4,10],"texture":"#4"},"south":{"uv":[0,0,0,8.5],"texture":"#missing"},"west":{"uv":[4,0,0,10],"texture":"#4"},"up":{"uv":[0,0,0,3],"texture":"#missing"},"down":{"uv":[0,3,0,0],"texture":"#missing"}}},{"from":[6.75,-4.5,-1.5],"to":[9.25,2.5,5.5],"rotation":{"angle":45,"axis":"x","origin":[8,-0.5,2.5]},"faces":{"north":{"uv":[3.375,7.875,3.6875,7],"texture":"#0"},"east":{"uv":[3.375,7.875,2.5,7],"texture":"#0"},"south":{"uv":[2.0625,8.625,2.375,7.875],"texture":"#0"},"west":{"uv":[2.5,7.875,3.375,7],"texture":"#0"},"up":{"uv":[2.375,8.625,2.6875,7.875],"texture":"#0"},"down":{"uv":[2.0625,7.875,2.375,8.75],"texture":"#0"}}},{"from":[6.25,21.23227,2.70131],"to":[9.75,25.23227,6.20131],"rotation":{"angle":-22.5,"axis":"x","origin":[8,23.23227,4.45131]},"faces":{"north":{"uv":[1.625,8.1875,2.0625,8.6875],"texture":"#0"},"east":{"uv":[1.625,7.6875,2.0625,8.1875],"texture":"#0"},"south":{"uv":[1.625,8.1875,2.0625,8.6875],"texture":"#0"},"west":{"uv":[1.625,7.6875,2.0625,8.1875],"texture":"#0"},"up":{"uv":[2.0625,7.4375,2.5,7.875],"texture":"#0"},"down":{"uv":[2.0625,7.4375,2.5,7.875],"texture":"#0"}}},{"from":[6.8,14.1,6.45],"to":[9.2,21.6,8.95],"rotation":{"angle":-22.5,"axis":"x","origin":[8,15.25,7]},"faces":{"north":{"uv":[1.3125,7.6875,1.625,8.625],"texture":"#0"},"east":{"uv":[1,7.6875,1.3125,8.625],"texture":"#0"},"south":{"uv":[1.3125,7.6875,1.625,8.625],"texture":"#0"},"west":{"uv":[1,7.6875,1.3125,8.625],"texture":"#0"},"up":{"uv":[1.3125,8.3125,1.625,8.625],"texture":"#0"},"down":{"uv":[1.3125,8.3125,1.625,8.625],"texture":"#0"}}},{"from":[6.76,2.5,6.75],"to":[9.24,15,9.25],"rotation":{"angle":0,"axis":"y","origin":[8,10.25,8]},"faces":{"north":{"uv":[0.625,7.4375,0.3125,9],"texture":"#0"},"east":{"uv":[0.3125,7.4375,0,9],"texture":"#0"},"south":{"uv":[0.625,7.4375,0.3125,9],"texture":"#0"},"west":{"uv":[0.3125,7.4375,0,9],"texture":"#0"},"up":{"uv":[2.5,7,2.1875,7.3125],"texture":"#0"},"down":{"uv":[2.5,7,2.1875,7.3125],"texture":"#0"}}},{"from":[8,3,1.8],"to":[8,21,6.3],"rotation":{"angle":0,"axis":"y","origin":[7,9,2.3]},"faces":{"north":{"uv":[0,0,0,2.5],"texture":"#missing"},"east":{"uv":[7.1875,0,7.75,2.25],"texture":"#0"},"south":{"uv":[0,0,0,2.5],"texture":"#missing"},"west":{"uv":[7.1875,0,7.75,2.25],"texture":"#0"},"up":{"uv":[0,0,0,0.75],"texture":"#missing"},"down":{"uv":[0,0,0,0.75],"texture":"#missing"}}},{"from":[6.5,8.55,4],"to":[9.5,10.55,9.5],"rotation":{"angle":0,"axis":"y","origin":[8.2,9.05,5.7]},"faces":{"north":{"uv":[1.3125,7.4375,1.6875,7.6875],"texture":"#0"},"east":{"uv":[0.625,7.4375,1.3125,7.6875],"texture":"#0"},"south":{"uv":[1.6875,7.4375,2.0625,7.6875],"texture":"#0"},"west":{"uv":[1.3125,7.4375,0.625,7.6875],"texture":"#0"},"up":{"uv":[0.625,7.6875,1,8.375],"texture":"#0"},"down":{"uv":[0.625,7.6875,1,8.375],"texture":"#0"}}},{"from":[6.5,15.55,3.5],"to":[9.5,17.55,9],"rotation":{"angle":0,"axis":"y","origin":[8.2,16.05,5.2]},"faces":{"north":{"uv":[1.3125,7.4375,1.6875,7.6875],"texture":"#0"},"east":{"uv":[0.625,7.4375,1.3125,7.6875],"texture":"#0"},"south":{"uv":[1.6875,7.4375,2.0625,7.6875],"texture":"#0"},"west":{"uv":[1.3125,7.4375,0.625,7.6875],"texture":"#0"},"up":{"uv":[0.625,7.6875,1,8.375],"texture":"#0"},"down":{"uv":[0.625,7.6875,1,8.375],"texture":"#0"}}},{"from":[7,16.7,-6.8],"to":[9,19.2,-3.8],"rotation":{"angle":-22.5,"axis":"x","origin":[8,17.8,-7.3]},"faces":{"north":{"uv":[3.6875,7.375,4,7.625],"rotation":90,"texture":"#0"},"east":{"uv":[3.6875,7,4,7.375],"rotation":90,"texture":"#0"},"south":{"uv":[3.6875,7.375,4,7.625],"rotation":90,"texture":"#0"},"west":{"uv":[3.6875,7,4,7.375],"rotation":90,"texture":"#0"},"up":{"uv":[4.9375,6.25,5.3125,6.5],"rotation":90,"texture":"#0"},"down":{"uv":[4.9375,6.25,5.3125,6.5],"rotation":90,"texture":"#0"}}},{"from":[8,20.5,-8.6],"to":[8,26,-1.1],"rotation":{"angle":-22.5,"axis":"x","origin":[7.05313,6.34936,9.7]},"faces":{"north":{"uv":[10.0625,6.375,10.6875,6.375],"rotation":90,"texture":"#0"},"east":{"uv":[6.4375,0,5.5,0.6875],"texture":"#0"},"south":{"uv":[10.0625,6.375,10.6875,6.375],"rotation":90,"texture":"#0"},"west":{"uv":[5.5,0,6.4375,0.6875],"texture":"#0"},"up":{"uv":[2.5,6.375,3.1875,6.375],"rotation":270,"texture":"#0"},"down":{"uv":[2.5,6.375,3.1875,6.375],"rotation":270,"texture":"#0"}}},{"from":[8,20.24888,2.14411],"to":[8,21.24888,8.64411],"rotation":{"angle":-22.5,"axis":"x","origin":[7.05313,4.14936,2.7]},"faces":{"north":{"uv":[7.5625,0,7.6875,0],"rotation":90,"texture":"#0"},"east":{"uv":[5.25,0,5.375,0.8125],"rotation":90,"texture":"#0"},"south":{"uv":[7.5625,0,7.6875,0],"rotation":90,"texture":"#0"},"west":{"uv":[5.25,0,5.375,0.8125],"rotation":90,"texture":"#0"},"up":{"uv":[0,0,0.8125,0],"rotation":270,"texture":"#0"},"down":{"uv":[0,0,0.8125,0],"rotation":270,"texture":"#0"}}},{"from":[7,20.75,0.75],"to":[9,23.25,3.25],"rotation":{"angle":0,"axis":"y","origin":[7.7,21.79677,-1.2512]},"faces":{"north":{"uv":[0.625,8.6875,0.875,9],"rotation":180,"texture":"#0"},"east":{"uv":[0.625,8.375,0.9375,8.6875],"rotation":180,"texture":"#0"},"south":{"uv":[0.625,8.6875,0.875,9],"rotation":180,"texture":"#0"},"west":{"uv":[0.625,8.375,0.9375,8.6875],"rotation":180,"texture":"#0"},"up":{"uv":[0.9375,8.625,1.1875,8.9375],"rotation":180,"texture":"#0"},"down":{"uv":[0.9375,8.9375,1.1875,8.625],"rotation":180,"texture":"#0"}}}],"gui_light":"front","display":{"thirdperson_righthand":{"translation":[0,7.25,1.5],"scale":[0.6,0.6,0.6]},"thirdperson_lefthand":{"translation":[0,7.25,1.5],"scale":[0.6,0.6,0.6]},"firstperson_righthand":{"rotation":[-10,7,2],"translation":[6.25,5.25,-4.25],"scale":[0.45,0.45,0.45]},"firstperson_lefthand":{"rotation":[-10,7,2],"translation":[6.25,5.25,-4.25],"scale":[0.45,0.45,0.45]},"ground":{"rotation":[0,0,90],"translation":[-3,6,0],"scale":[0.5,0.5,0.5]},"gui":{"rotation":[-90,45,90],"translation":[-0.75,1.75,0],"scale":[0.41211,0.41211,0.41211]},"head":{"scale":[0,0,0]},"fixed":{"rotation":[-90,-90,-90],"translation":[0,12,-3.5],"scale":[1.4,1.4,1.4]}},"groups":[0,1,2,3,4,5,6,7,8,9,10,11,12,13,14,15,16,17,18,19,20,{"name":"group","origin":[3,21.75,8],"color":0,"children":[21,22,23,24,25,26,27,28]},29,30,31,32,33,34,35,36,37,38,39,40],"mcmodels":"92e97e2faa2310f7974495521fa5af9c"}