{"credit":"Made with Blockbench","texture_size":[128,128],"textures":{"0":"elitecreatures:cat_sage_animated_weapon_set/cat_sage_texture","2":"elitecreatures:cat_sage_animated_weapon_set/cat_sage_animation01","3":"elitecreatures:cat_sage_animated_weapon_set/cat_sage_animation02","4":"elitecreatures:cat_sage_animated_weapon_set/cat_sage_animation03","particle":"elitecreatures:cat_sage_animated_weapon_set/cat_sage_texture"},"elements":[{"from":[9.5,-8.08922,-12.30421],"to":[6.5,-9.58922,-13.80421],"rotation":{"angle":-45,"axis":"x","origin":[10.2,12.21499,8]},"faces":{"north":{"uv":[16,0,15.625,0.1875],"texture":"#0"},"east":{"uv":[16,0,15.8125,0.1875],"texture":"#0"},"south":{"uv":[16,0,15.625,0.1875],"texture":"#0"},"west":{"uv":[16,0,15.8125,0.1875],"texture":"#0"},"up":{"uv":[16,0,15.625,0.1875],"texture":"#0"},"down":{"uv":[16,0,15.625,0.1875],"texture":"#0"}}},{"from":[9.5,30.91078,-12.30421],"to":[6.5,29.41078,-13.80421],"rotation":{"angle":-45,"axis":"x","origin":[10.2,51.21499,8]},"faces":{"north":{"uv":[16,0,15.625,0.1875],"texture":"#0"},"east":{"uv":[16,0,15.8125,0.1875],"texture":"#0"},"south":{"uv":[16,0,15.625,0.1875],"texture":"#0"},"west":{"uv":[16,0,15.8125,0.1875],"texture":"#0"},"up":{"uv":[16,0,15.625,0.1875],"texture":"#0"},"down":{"uv":[16,0,15.625,0.1875],"texture":"#0"}}},{"from":[6.75,1,6.75],"to":[9.25,3,9.25],"rotation":{"angle":45,"axis":"y","origin":[8,-2,8]},"faces":{"north":{"uv":[2.3125,2.75,2,2.5],"texture":"#0"},"east":{"uv":[2,2.75,2.3125,2.5],"texture":"#0"},"south":{"uv":[2.3125,2.75,2,2.5],"texture":"#0"},"west":{"uv":[2,2.75,2.3125,2.5],"texture":"#0"},"up":{"uv":[2.6875,2.625,2.375,2.3125],"texture":"#0"},"down":{"uv":[2.6875,2.625,2.375,2.3125],"texture":"#0"}}},{"from":[3.55,10.31694,6.02773],"to":[8.05,14.31694,10.02773],"rotation":{"angle":-45,"axis":"x","origin":[5.8,12.28921,8]},"faces":{"north":{"uv":[3.1875,2.125,3.6875,1.5625],"rotation":90,"texture":"#0"},"east":{"uv":[2.6875,2.0625,3.1875,1.5625],"rotation":90,"texture":"#0"},"south":{"uv":[2.6875,2.625,3.1875,2.0625],"rotation":90,"texture":"#0"},"west":{"uv":[2.6875,2.0625,3.1875,1.5625],"rotation":90,"texture":"#0"},"up":{"uv":[3.1875,2.625,2.6875,2.0625],"rotation":90,"texture":"#0"},"down":{"uv":[3.1875,2.125,3.6875,1.5625],"rotation":90,"texture":"#0"}}},{"from":[3.05,11.01149,6.77773],"to":[8.55,13.51149,9.27773],"rotation":{"angle":45,"axis":"x","origin":[5.8,12.28921,8]},"faces":{"north":{"uv":[4.125,0.6875,4.4375,0],"rotation":90,"texture":"#0"},"east":{"uv":[3.6875,2.25,4,2.5625],"rotation":90,"texture":"#0"},"south":{"uv":[4.4375,1.375,4.125,0.6875],"rotation":90,"texture":"#0"},"west":{"uv":[3.6875,2.5625,4,2.25],"rotation":90,"texture":"#0"},"up":{"uv":[4.125,0.6875,4.4375,0],"rotation":90,"texture":"#0"},"down":{"uv":[4.125,1.375,4.4375,0.6875],"rotation":90,"texture":"#0"}}},{"from":[3.65,15.70711,5],"to":[2.65,12.70711,2],"rotation":{"angle":-45,"axis":"x","origin":[16.1,18.70711,8]},"faces":{"north":{"uv":[16,0,15.875,0.375],"texture":"#0"},"east":{"uv":[16,0,15.625,0.375],"texture":"#0"},"south":{"uv":[16,0,15.875,0.375],"texture":"#0"},"west":{"uv":[16,0,15.625,0.375],"texture":"#0"},"up":{"uv":[16,0,15.875,0.375],"texture":"#0"},"down":{"uv":[16,0,15.875,0.375],"texture":"#0"}}},{"from":[7.95,10.31694,6.02773],"to":[12.45,14.31694,10.02773],"rotation":{"angle":-45,"axis":"x","origin":[10.2,12.28921,8]},"faces":{"north":{"uv":[3.1875,1.5625,3.6875,2.125],"rotation":90,"texture":"#0"},"east":{"uv":[2.6875,1.5625,3.1875,2.0625],"rotation":90,"texture":"#0"},"south":{"uv":[2.6875,2.0625,3.1875,2.625],"rotation":90,"texture":"#0"},"west":{"uv":[2.6875,1.5625,3.1875,2.0625],"rotation":90,"texture":"#0"},"up":{"uv":[3.1875,2.0625,2.6875,2.625],"rotation":90,"texture":"#0"},"down":{"uv":[3.1875,1.5625,3.6875,2.125],"rotation":90,"texture":"#0"}}},{"from":[13.35,15.70711,5],"to":[12.35,12.70711,2],"rotation":{"angle":-45,"axis":"x","origin":[-0.1,18.70711,8]},"faces":{"north":{"uv":[15.875,0,16,0.375],"texture":"#0"},"east":{"uv":[15.625,0,16,0.375],"texture":"#0"},"south":{"uv":[15.875,0,16,0.375],"texture":"#0"},"west":{"uv":[15.625,0,16,0.375],"texture":"#0"},"up":{"uv":[15.875,0,16,0.375],"texture":"#0"},"down":{"uv":[15.875,0,16,0.375],"texture":"#0"}}},{"from":[7.45,11.01149,6.77773],"to":[12.95,13.51149,9.27773],"rotation":{"angle":45,"axis":"x","origin":[10.2,12.28921,8]},"faces":{"north":{"uv":[4.125,0,4.4375,0.6875],"rotation":90,"texture":"#0"},"east":{"uv":[3.6875,2.25,4,2.5625],"rotation":90,"texture":"#0"},"south":{"uv":[4.4375,0.6875,4.125,1.375],"rotation":90,"texture":"#0"},"west":{"uv":[3.6875,2.5625,4,2.25],"rotation":90,"texture":"#0"},"up":{"uv":[4.125,0,4.4375,0.6875],"rotation":90,"texture":"#0"},"down":{"uv":[4.125,0.6875,4.4375,1.375],"rotation":90,"texture":"#0"}}},{"from":[7,-16,7],"to":[9,6,9],"rotation":{"angle":45,"axis":"y","origin":[8,-8,8]},"faces":{"north":{"uv":[4.8125,0,4.5625,2.75],"texture":"#0"},"east":{"uv":[4.5625,0,4.8125,2.75],"texture":"#0"},"south":{"uv":[4.8125,0,4.5625,2.75],"texture":"#0"},"west":{"uv":[4.5625,0,4.8125,2.75],"texture":"#0"},"up":{"uv":[4.4375,1.375,4.1875,1.625],"texture":"#0"},"down":{"uv":[4.4375,1.375,4.1875,1.625],"texture":"#0"}}},{"from":[6.75,-12,6.75],"to":[9.25,-10.5,9.25],"rotation":{"angle":45,"axis":"y","origin":[8,-13,8]},"faces":{"north":{"uv":[2.9375,2.625,2.625,2.8125],"texture":"#0"},"east":{"uv":[2.625,2.625,2.9375,2.8125],"texture":"#0"},"south":{"uv":[2.9375,2.625,2.625,2.8125],"texture":"#0"},"west":{"uv":[2.625,2.625,2.9375,2.8125],"texture":"#0"},"up":{"uv":[2.3125,2.625,2.625,2.9375],"texture":"#0"},"down":{"uv":[2.625,2.625,2.3125,2.9375],"texture":"#0"}}},{"from":[6.75,-15,6.75],"to":[9.25,-13.5,9.25],"rotation":{"angle":45,"axis":"y","origin":[8,-16,8]},"faces":{"north":{"uv":[2.9375,2.625,2.625,2.8125],"texture":"#0"},"east":{"uv":[2.625,2.625,2.9375,2.8125],"texture":"#0"},"south":{"uv":[2.9375,2.625,2.625,2.8125],"texture":"#0"},"west":{"uv":[2.625,2.625,2.9375,2.8125],"texture":"#0"},"up":{"uv":[2.3125,2.625,2.625,2.9375],"texture":"#0"},"down":{"uv":[2.625,2.625,2.3125,2.9375],"texture":"#0"}}},{"from":[7,-13.18922,-8.30421],"to":[9,-9.18922,-4.30421],"rotation":{"angle":-45,"axis":"x","origin":[7.7,3.11499,8]},"faces":{"north":{"uv":[3.9375,1.75,3.6875,2.25],"texture":"#0"},"east":{"uv":[3.1875,2.125,3.6875,2.625],"texture":"#0"},"south":{"uv":[4.1875,1.75,3.9375,2.25],"texture":"#0"},"west":{"uv":[3.6875,2.125,3.1875,2.625],"texture":"#0"},"up":{"uv":[4.1875,2.25,3.9375,1.75],"texture":"#0"},"down":{"uv":[3.9375,1.75,3.6875,2.25],"texture":"#0"}}},{"from":[2.5,11.5,2.5],"to":[2.5,22.5,8],"rotation":{"angle":-22.5,"axis":"y","origin":[2.5,19.5,8]},"faces":{"north":{"uv":[0,0,0,8],"texture":"#2"},"east":{"uv":[5.5,0.5,0,11.5],"texture":"#2"},"south":{"uv":[0,0,0,8],"texture":"#2"},"west":{"uv":[0,0.5,5.5,11.5],"texture":"#2"},"up":{"uv":[0,10,0,0],"texture":"#2"},"down":{"uv":[0,0,0,10],"texture":"#2"}}},{"from":[2.5,11.5,8],"to":[2.5,22.5,13.5],"rotation":{"angle":22.5,"axis":"y","origin":[2.5,19.5,8]},"faces":{"north":{"uv":[0,0,0,8],"texture":"#missing"},"east":{"uv":[11,0.5,5.5,11.5],"texture":"#2"},"south":{"uv":[0,0,0,8],"texture":"#missing"},"west":{"uv":[5.5,0.5,11,11.5],"texture":"#2"},"up":{"uv":[0,10,0,0],"texture":"#missing"},"down":{"uv":[0,0,0,10],"texture":"#missing"}}},{"from":[13.5,11.5,2.5],"to":[13.5,22.5,8],"rotation":{"angle":22.5,"axis":"y","origin":[13.5,19.5,8]},"faces":{"north":{"uv":[0,0,0,8],"texture":"#2"},"east":{"uv":[5.5,0.5,0,11.5],"texture":"#2"},"south":{"uv":[0,0,0,8],"texture":"#2"},"west":{"uv":[0,0.5,5.5,11.5],"texture":"#2"},"up":{"uv":[0,10,0,0],"texture":"#2"},"down":{"uv":[0,0,0,10],"texture":"#2"}}},{"from":[13.5,11.5,8],"to":[13.5,22.5,13.5],"rotation":{"angle":-22.5,"axis":"y","origin":[13.5,19.5,8]},"faces":{"north":{"uv":[0,0,0,8],"texture":"#missing"},"east":{"uv":[11,0.5,5.5,11.5],"texture":"#2"},"south":{"uv":[0,0,0,8],"texture":"#missing"},"west":{"uv":[5.5,0.5,11,11.5],"texture":"#2"},"up":{"uv":[0,10,0,0],"texture":"#missing"},"down":{"uv":[0,0,0,10],"texture":"#missing"}}},{"from":[2.75,-12.75,2.75],"to":[13.25,-12.75,13.25],"rotation":{"angle":0,"axis":"y","origin":[8,-12.75,8]},"faces":{"north":{"uv":[0,0,0,5],"rotation":90,"texture":"#missing"},"east":{"uv":[0,5,0,0],"rotation":270,"texture":"#missing"},"south":{"uv":[0,5,0,0],"rotation":90,"texture":"#missing"},"west":{"uv":[0,5,0,0],"rotation":90,"texture":"#missing"},"up":{"uv":[5.25,0,0,5.25],"texture":"#3"},"down":{"uv":[5.25,0,0,5.25],"texture":"#3"}}},{"from":[2.75,-12.75,2.75],"to":[13.25,-12.75,13.25],"rotation":{"angle":22.5,"axis":"y","origin":[8,-12.75,8]},"faces":{"north":{"uv":[0,0,0,5],"rotation":90,"texture":"#missing"},"east":{"uv":[0,5,0,0],"rotation":270,"texture":"#missing"},"south":{"uv":[0,5,0,0],"rotation":90,"texture":"#missing"},"west":{"uv":[0,5,0,0],"rotation":90,"texture":"#missing"},"up":{"uv":[10.5,0,5.25,5.25],"texture":"#3"},"down":{"uv":[10.5,0,5.25,5.25],"texture":"#3"}}},{"from":[2.75,-12.75,2.75],"to":[13.25,-12.75,13.25],"rotation":{"angle":45,"axis":"y","origin":[8,-12.75,8]},"faces":{"north":{"uv":[0,0,0,5],"rotation":90,"texture":"#missing"},"east":{"uv":[0,5,0,0],"rotation":270,"texture":"#missing"},"south":{"uv":[0,5,0,0],"rotation":90,"texture":"#missing"},"west":{"uv":[0,5,0,0],"rotation":90,"texture":"#missing"},"up":{"uv":[15.75,0,10.5,5.25],"texture":"#3"},"down":{"uv":[15.75,0,10.5,5.25],"texture":"#3"}}},{"from":[2.75,-12.75,2.75],"to":[13.25,-12.75,13.25],"rotation":{"angle":-22.5,"axis":"y","origin":[8,-12.75,8]},"faces":{"north":{"uv":[0,5,0,0],"rotation":270,"texture":"#missing"},"east":{"uv":[0,5,0,0],"rotation":90,"texture":"#missing"},"south":{"uv":[0,5,0,0],"rotation":90,"texture":"#missing"},"west":{"uv":[0,0,0,5],"rotation":90,"texture":"#missing"},"up":{"uv":[0,5.25,5.25,10.5],"rotation":90,"texture":"#3"},"down":{"uv":[5.25,5.25,0,10.5],"rotation":90,"texture":"#3"}}},{"from":[2.75,-12.75,2.75],"to":[13.25,-12.75,13.25],"rotation":{"angle":0,"axis":"y","origin":[8,-12.75,8]},"faces":{"north":{"uv":[0,5,0,0],"rotation":270,"texture":"#missing"},"east":{"uv":[0,5,0,0],"rotation":90,"texture":"#missing"},"south":{"uv":[0,5,0,0],"rotation":90,"texture":"#missing"},"west":{"uv":[0,0,0,5],"rotation":90,"texture":"#missing"},"up":{"uv":[5.25,5.25,10.5,10.5],"rotation":90,"texture":"#3"},"down":{"uv":[10.5,5.25,5.25,10.5],"rotation":90,"texture":"#3"}}},{"from":[2.75,-12.75,2.75],"to":[13.25,-12.75,13.25],"rotation":{"angle":45,"axis":"y","origin":[8,-12.75,8]},"faces":{"north":{"uv":[0,5,0,0],"rotation":270,"texture":"#missing"},"east":{"uv":[0,5,0,0],"rotation":90,"texture":"#missing"},"south":{"uv":[0,5,0,0],"rotation":90,"texture":"#missing"},"west":{"uv":[0,0,0,5],"rotation":90,"texture":"#missing"},"up":{"uv":[0,10.75,5.25,16],"rotation":90,"texture":"#3"},"down":{"uv":[5.25,10.75,0,16],"rotation":90,"texture":"#3"}}},{"from":[2.75,-12.75,2.75],"to":[13.25,-12.75,13.25],"rotation":{"angle":-22.5,"axis":"y","origin":[8,-12.75,8]},"faces":{"north":{"uv":[0,5,0,0],"rotation":90,"texture":"#missing"},"east":{"uv":[0,5,0,0],"rotation":90,"texture":"#missing"},"south":{"uv":[0,0,0,5],"rotation":90,"texture":"#missing"},"west":{"uv":[0,5,0,0],"rotation":270,"texture":"#missing"},"up":{"uv":[10.5,10.75,5.25,16],"rotation":180,"texture":"#3"},"down":{"uv":[10.5,10.75,5.25,16],"rotation":180,"texture":"#3"}}},{"from":[2.75,-12.75,2.75],"to":[13.25,-12.75,13.25],"rotation":{"angle":22.5,"axis":"y","origin":[8,-12.75,8]},"faces":{"north":{"uv":[0,5,0,0],"rotation":270,"texture":"#missing"},"east":{"uv":[0,5,0,0],"rotation":90,"texture":"#missing"},"south":{"uv":[0,5,0,0],"rotation":90,"texture":"#missing"},"west":{"uv":[0,0,0,5],"rotation":90,"texture":"#missing"},"up":{"uv":[10.5,5.25,15.75,10.5],"rotation":90,"texture":"#3"},"down":{"uv":[15.75,5.25,10.5,10.5],"rotation":90,"texture":"#3"}}},{"from":[8,5.5,16.5],"to":[8,25.5,24.5],"rotation":{"angle":0,"axis":"y","origin":[6,10.5,20.5]},"faces":{"north":{"uv":[0,0,0,8.5],"texture":"#missing"},"east":{"uv":[0,0,4,10],"texture":"#4"},"south":{"uv":[0,0,0,8.5],"texture":"#missing"},"west":{"uv":[4,0,0,10],"texture":"#4"},"up":{"uv":[0,0,0,3],"texture":"#missing"},"down":{"uv":[0,3,0,0],"texture":"#missing"}}},{"from":[14.5,5.5,12],"to":[14.5,24.5,28],"rotation":{"angle":22.5,"axis":"y","origin":[14.5,14.5,20]},"faces":{"north":{"uv":[0,0,0,2.375],"texture":"#missing"},"east":{"uv":[16,13.625,14,16],"texture":"#0"},"south":{"uv":[0,0,0,2.375],"texture":"#missing"},"west":{"uv":[14,13.625,16,16],"texture":"#0"},"up":{"uv":[2,0,0,0],"rotation":90,"texture":"#missing"},"down":{"uv":[2,0,0,0],"rotation":270,"texture":"#missing"}}},{"from":[1.5,5.5,12],"to":[1.5,24.5,28],"rotation":{"angle":-22.5,"axis":"y","origin":[1.5,14.5,20]},"faces":{"north":{"uv":[0,0,0,2.375],"texture":"#missing"},"east":{"uv":[16,13.625,14,16],"texture":"#0"},"south":{"uv":[0,0,0,2.375],"texture":"#missing"},"west":{"uv":[14,13.625,16,16],"texture":"#0"},"up":{"uv":[2,0,0,0],"rotation":90,"texture":"#missing"},"down":{"uv":[2,0,0,0],"rotation":270,"texture":"#missing"}}},{"from":[11.51,17,19],"to":[4.51,8,10],"rotation":{"angle":-45,"axis":"x","origin":[8,12.5,14.5]},"faces":{"north":{"uv":[13.625,0,14.5,1.125],"texture":"#0"},"east":{"uv":[13.375,0,14.5,1.125],"texture":"#0"},"west":{"uv":[13.375,0,14.5,1.125],"texture":"#0"},"up":{"uv":[14.5,1.125,13.625,0],"texture":"#0"}}},{"from":[11.5,6,11.5],"to":[4.5,19,14.5],"rotation":{"angle":0,"axis":"y","origin":[8,12.5,14.5]},"faces":{"east":{"uv":[13.375,0,13.75,1.625],"texture":"#0"},"west":{"uv":[13,0,13.375,1.625],"texture":"#0"},"up":{"uv":[15.125,0,16,0.375],"texture":"#0"},"down":{"uv":[15.125,0,16,0.375],"texture":"#0"}}},{"from":[11.5,6,1.5],"to":[4.5,19,4.5],"rotation":{"angle":0,"axis":"y","origin":[8,12.5,1.5]},"faces":{"east":{"uv":[13.75,0,13.375,1.625],"texture":"#0"},"west":{"uv":[13.375,0,13,1.625],"texture":"#0"},"up":{"uv":[15.125,0.375,16,0],"texture":"#0"},"down":{"uv":[15.125,0.375,16,0],"texture":"#0"}}},{"from":[11.51,17,6],"to":[4.51,8,-3],"rotation":{"angle":45,"axis":"x","origin":[8,12.5,1.5]},"faces":{"east":{"uv":[14.5,0,13.375,1.125],"texture":"#0"},"south":{"uv":[14.5,0,13.625,1.125],"texture":"#0"},"west":{"uv":[14.5,0,13.375,1.125],"texture":"#0"},"up":{"uv":[14.5,0,13.625,1.125],"texture":"#0"}}},{"from":[4.5,6,4.5],"to":[11.5,19,11.5],"rotation":{"angle":0,"axis":"y","origin":[7.5,6,4.5]},"faces":{"north":{"uv":[5.3125,3.125,6.1875,4.75],"texture":"#0"},"east":{"uv":[0.875,4,0,5.625],"texture":"#0"},"south":{"uv":[0.875,4,1.75,5.625],"texture":"#0"},"west":{"uv":[0,4,0.875,5.625],"texture":"#0"},"up":{"uv":[1.75,4,2.625,4.875],"texture":"#0"},"down":{"uv":[2.625,4,3.5,4.875],"texture":"#0"}}},{"from":[7.1,17.99,9.6],"to":[8.9,19.49,11.4],"rotation":{"angle":-45,"axis":"y","origin":[8,18.5,10.5]},"faces":{"north":{"uv":[2.3125,2.3125,2.0625,2.5],"texture":"#0"},"east":{"uv":[2.3125,2.3125,2.0625,2.5],"texture":"#0"},"south":{"uv":[2.3125,2.3125,2.0625,2.5],"texture":"#0"},"west":{"uv":[2.3125,2.3125,2.0625,2.5],"texture":"#0"},"up":{"uv":[2.4375,1.8125,2.6875,1.5625],"texture":"#0"},"down":{"uv":[1.8125,2.3125,2.0625,2.0625],"texture":"#0"}}},{"from":[6.75,18,5.5],"to":[9.25,19.5,10.5],"rotation":{"angle":0,"axis":"y","origin":[8,20.12843,8]},"faces":{"north":{"uv":[3.5,1.5625,3.6875,1.25],"rotation":90,"texture":"#0"},"east":{"uv":[2.25,1.5625,2.4375,2.1875],"rotation":90,"texture":"#0"},"south":{"uv":[3.5,1.5625,3.6875,1.25],"rotation":90,"texture":"#0"},"west":{"uv":[2.25,2.1875,2.4375,1.5625],"rotation":90,"texture":"#0"},"up":{"uv":[2.875,1.5625,3.5,1.25],"rotation":90,"texture":"#0"},"down":{"uv":[2.875,1.5625,3.5,1.25],"rotation":90,"texture":"#0"}}},{"from":[7.1,17.99,4.6],"to":[8.9,19.49,6.4],"rotation":{"angle":45,"axis":"y","origin":[8,18.5,5.5]},"faces":{"north":{"uv":[1.8125,2.3125,2.0625,2.5],"texture":"#0"},"east":{"uv":[1.8125,2.3125,2.0625,2.5],"texture":"#0"},"south":{"uv":[1.8125,2.3125,2.0625,2.5],"texture":"#0"},"west":{"uv":[1.8125,2.3125,2.0625,2.5],"texture":"#0"},"up":{"uv":[1.8125,2.0625,2.0625,2.3125],"texture":"#0"},"down":{"uv":[1.8125,2.0625,2.0625,2.3125],"texture":"#0"}}},{"from":[7,13.68922,-8.30421],"to":[9,17.68922,-4.30421],"rotation":{"angle":45,"axis":"x","origin":[7.7,1.38501,8]},"faces":{"north":{"uv":[3.9375,2.25,3.6875,1.75],"texture":"#0"},"east":{"uv":[3.1875,2.625,3.6875,2.125],"texture":"#0"},"south":{"uv":[4.1875,2.25,3.9375,1.75],"texture":"#0"},"west":{"uv":[3.6875,2.625,3.1875,2.125],"texture":"#0"},"up":{"uv":[3.9375,2.25,3.6875,1.75],"texture":"#0"},"down":{"uv":[4.1875,1.75,3.9375,2.25],"texture":"#0"}}},{"from":[6.75,19.5,6.25],"to":[9.25,21.5,9.75],"rotation":{"angle":0,"axis":"y","origin":[8,20.12843,8.2]},"faces":{"north":{"uv":[2.875,0.75,3.125,0.4375],"rotation":90,"texture":"#0"},"east":{"uv":[2.875,0.4375,3.125,0],"rotation":90,"texture":"#0"},"south":{"uv":[2.875,0.75,3.125,0.4375],"rotation":90,"texture":"#0"},"west":{"uv":[2.875,0.4375,3.125,0],"rotation":90,"texture":"#0"},"up":{"uv":[2.0625,1.25,2.5,0.9375],"rotation":90,"texture":"#0"},"down":{"uv":[2.0625,1.25,2.5,0.9375],"rotation":90,"texture":"#0"}}},{"from":[6.74,19.7,8],"to":[9.26,22.2,10.5],"rotation":{"angle":-45,"axis":"x","origin":[8.7,19.7,8]},"faces":{"north":{"uv":[2.125,1.5625,2.4375,1.25],"rotation":90,"texture":"#0"},"east":{"uv":[2.5,0.9375,2.8125,1.25],"rotation":90,"texture":"#0"},"south":{"uv":[2.125,1.5625,2.4375,1.25],"rotation":90,"texture":"#0"},"west":{"uv":[2.5,1.25,2.8125,0.9375],"rotation":90,"texture":"#0"},"up":{"uv":[1.9375,2.0625,2.25,1.75],"rotation":90,"texture":"#0"},"down":{"uv":[2.125,1.5625,2.4375,1.25],"rotation":90,"texture":"#0"}}},{"from":[5,7,1.8],"to":[11,18,14.3],"rotation":{"angle":0,"axis":"y","origin":[7,6.4,1.8]},"faces":{"north":{"uv":[1.5625,5.625,2.3125,7],"texture":"#0"},"east":{"uv":[0,5.625,1.5625,7],"texture":"#0"},"south":{"uv":[1.5625,5.625,2.3125,7],"texture":"#0"},"west":{"uv":[0,5.625,1.5625,7],"texture":"#0"},"up":{"uv":[2.3125,5.4375,3.0625,7],"texture":"#0"},"down":{"uv":[3.0625,5.4375,3.8125,7],"texture":"#0"}}},{"from":[5.01,8.5,-1.8],"to":[10.99,16.2,5.9],"rotation":{"angle":45,"axis":"x","origin":[8,12.5,2.2]},"faces":{"north":{"uv":[4.5625,3.8125,5.3125,4.75],"texture":"#0"},"east":{"uv":[4.5625,3.8125,3.625,4.75],"texture":"#0"},"south":{"uv":[4.5625,3.8125,5.3125,4.75],"texture":"#0"},"west":{"uv":[3.625,3.8125,4.5625,4.75],"texture":"#0"},"up":{"uv":[3.8125,4.75,4.5625,5.6875],"texture":"#0"},"down":{"uv":[3.8125,4.75,4.5625,5.6875],"texture":"#0"}}},{"from":[5.01,8.5,10.1],"to":[10.99,16.2,17.8],"rotation":{"angle":-45,"axis":"x","origin":[8,12.5,13.8]},"faces":{"north":{"uv":[5.3125,3.8125,4.5625,4.75],"texture":"#0"},"east":{"uv":[3.625,3.8125,4.5625,4.75],"texture":"#0"},"south":{"uv":[5.3125,3.8125,4.5625,4.75],"texture":"#0"},"west":{"uv":[4.5625,3.8125,3.625,4.75],"texture":"#0"},"up":{"uv":[3.8125,5.6875,4.5625,4.75],"texture":"#0"},"down":{"uv":[3.8125,5.6875,4.5625,4.75],"texture":"#0"}}},{"from":[7,3,2],"to":[9,5,4],"rotation":{"angle":0,"axis":"y","origin":[8,2.375,2.5]},"faces":{"north":{"uv":[3.625,3.125,3.375,3.375],"texture":"#0"},"east":{"uv":[3.375,3.125,3.125,3.375],"texture":"#0"},"south":{"uv":[3.625,3.125,3.875,3.375],"texture":"#0"},"west":{"uv":[3.125,3.125,3.375,3.375],"texture":"#0"},"up":{"uv":[3.75,2.875,4,3.125],"texture":"#0"},"down":{"uv":[3.75,3.125,4,2.875],"texture":"#0"}}},{"from":[8,0,1.5],"to":[8,7,4.5],"rotation":{"angle":0,"axis":"y","origin":[6,4,1.5]},"faces":{"north":{"uv":[0,0,0,0.875],"texture":"#missing"},"east":{"uv":[5.25,0,4.875,0.875],"texture":"#0"},"south":{"uv":[0,0,0,0.875],"texture":"#missing"},"west":{"uv":[4.875,0,5.25,0.875],"texture":"#0"},"up":{"uv":[0,0,0,0.375],"texture":"#missing"},"down":{"uv":[0,0,0,0.375],"texture":"#missing"}}},{"from":[6.75,-1.56765,0.90992],"to":[9.25,0.93235,3.40992],"rotation":{"angle":22.5,"axis":"x","origin":[8,1.375,2]},"faces":{"north":{"uv":[3.4375,2.8125,3.75,3.125],"texture":"#0"},"east":{"uv":[3.4375,2.8125,3.125,3.125],"texture":"#0"},"south":{"uv":[4,2.25,4.3125,2.5625],"texture":"#0"},"west":{"uv":[3.125,2.8125,3.4375,3.125],"texture":"#0"},"up":{"uv":[4.0625,2.5625,4.375,2.875],"texture":"#0"},"down":{"uv":[3.75,2.5625,4.0625,2.875],"texture":"#0"}}}],"gui_light":"front","display":{"thirdperson_righthand":{"translation":[0,7,1.5],"scale":[0.6,0.6,0.6]},"thirdperson_lefthand":{"translation":[0,7,1.5],"scale":[0.6,0.6,0.6]},"firstperson_righthand":{"rotation":[-10,7,2],"translation":[5,5.75,-4.25],"scale":[0.48086,0.48086,0.48086]},"firstperson_lefthand":{"rotation":[-10,7,2],"translation":[5,5.75,-4.25],"scale":[0.48086,0.48086,0.48086]},"ground":{"rotation":[0,0,90],"translation":[-4.25,6,0],"scale":[0.5,0.5,0.5]},"gui":{"rotation":[-90,45,90],"translation":[-1.5,0.25,0],"scale":[0.41211,0.41211,0.41211]},"head":{"scale":[0,0,0]},"fixed":{"rotation":[-90,-90,-90],"translation":[0,12,-5],"scale":[1.4,1.4,1.4]}},"groups":[0,1,2,3,4,5,6,7,8,9,10,11,12,13,14,15,16,{"name":"group","origin":[3,21.75,8],"color":0,"children":[17,18,19,20,21,22,23,24]},25,26,27,28,29,30,31,32,33,34,35,36,37,38,39,40,41,42,43,44],"mcmodels":"92e97e2faa2310f7974495521fa5af9c"}