{"credit":"Made with Blockbench","texture_size":[128,128],"textures":{"0":"elitecreatures:cat_sage_animated_weapon_set/cat_sage_texture","3":"elitecreatures:cat_sage_animated_weapon_set/cat_sage_animation02","particle":"elitecreatures:cat_sage_animated_weapon_set/cat_sage_texture"},"elements":[{"from":[3.5,1,2.5],"to":[12.5,9.5,11.5],"rotation":{"angle":0,"axis":"y","origin":[10.5,-3,11.5]},"faces":{"north":{"uv":[6.25,8.6875,7.375,9.75],"texture":"#0"},"east":{"uv":[7.375,9.75,6.25,10.8125],"texture":"#0"},"south":{"uv":[7.375,8.6875,8.5,9.75],"texture":"#0"},"west":{"uv":[6.25,9.75,7.375,10.8125],"texture":"#0"},"up":{"uv":[7.375,9.75,8.5,10.875],"texture":"#0"},"down":{"uv":[7.25,11.6875,8.375,12.8125],"texture":"#0"}}},{"from":[13,10,12],"to":[3,0.5,2],"rotation":{"angle":0,"axis":"y","origin":[20,6,21]},"faces":{"north":{"uv":[14.25,1.75,13,2.9375],"texture":"#0"},"east":{"uv":[14.25,1.75,13,2.9375],"texture":"#0"},"south":{"uv":[14.25,1.75,13,2.9375],"texture":"#0"},"west":{"uv":[14.25,1.75,13,2.9375],"texture":"#0"},"up":{"uv":[14.25,1.75,13,3],"texture":"#0"},"down":{"uv":[14.25,1.75,13,3],"texture":"#0"}}},{"from":[9.1,7.5,4.5],"to":[13.1,12.5,6],"rotation":{"angle":-22.5,"axis":"z","origin":[10.1,9.5,4.5]},"faces":{"north":{"uv":[7.375,10.875,7.875,11.5],"texture":"#0"},"east":{"uv":[7.875,10.875,8.0625,11.5],"texture":"#0"},"south":{"uv":[6.875,10.875,7.375,11.5],"texture":"#0"},"west":{"uv":[8.0625,10.875,8.25,11.5],"texture":"#0"},"up":{"uv":[7.375,11.5,7.875,11.6875],"texture":"#0"},"down":{"uv":[7.375,11.5,7.875,11.6875],"texture":"#0"}}},{"from":[15.4,10.8,6.2],"to":[10.4,4.8,4.2],"rotation":{"angle":-22.5,"axis":"z","origin":[16.4,12.8,8.7]},"faces":{"north":{"uv":[15.375,0,16,0.75],"texture":"#0"},"east":{"uv":[15.5,0,15.75,0.75],"texture":"#0"},"south":{"uv":[15.375,0,16,0.75],"texture":"#0"},"west":{"uv":[15.5,0,15.75,0.75],"texture":"#0"},"up":{"uv":[15.375,0,16,0.25],"texture":"#0"},"down":{"uv":[15.375,0,16,0.25],"texture":"#0"}}},{"from":[5.6,10.8,6.2],"to":[0.6,4.8,4.2],"rotation":{"angle":22.5,"axis":"z","origin":[-0.4,12.8,8.7]},"faces":{"north":{"uv":[16,0,15.375,0.75],"texture":"#0"},"east":{"uv":[15.75,0,15.5,0.75],"texture":"#0"},"south":{"uv":[16,0,15.375,0.75],"texture":"#0"},"west":{"uv":[15.75,0,15.5,0.75],"texture":"#0"},"up":{"uv":[16,0,15.375,0.25],"texture":"#0"},"down":{"uv":[16,0,15.375,0.25],"texture":"#0"}}},{"from":[2.9,7.5,4.5],"to":[6.9,12.5,6],"rotation":{"angle":22.5,"axis":"z","origin":[5.9,9.5,4.5]},"faces":{"north":{"uv":[7.875,10.875,7.375,11.5],"texture":"#0"},"east":{"uv":[8.25,10.875,8.0625,11.5],"texture":"#0"},"south":{"uv":[7.375,10.875,6.875,11.5],"texture":"#0"},"west":{"uv":[8.0625,10.875,7.875,11.5],"texture":"#0"},"up":{"uv":[7.875,11.5,7.375,11.6875],"texture":"#0"},"down":{"uv":[7.875,11.5,7.375,11.6875],"texture":"#0"}}},{"from":[2.75,3.5,7],"to":[13.25,14,7],"rotation":{"angle":0,"axis":"y","origin":[8,8.75,7]},"faces":{"north":{"uv":[5.25,0,0,5.25],"rotation":270,"texture":"#3"},"east":{"uv":[0,5,0,0],"texture":"#missing"},"south":{"uv":[5.25,0,0,5.25],"rotation":270,"texture":"#3"},"west":{"uv":[0,0,0,5],"rotation":180,"texture":"#missing"},"up":{"uv":[0,5,0,0],"rotation":90,"texture":"#missing"},"down":{"uv":[0,5,0,0],"rotation":90,"texture":"#missing"}}},{"from":[2.75,3.5,7],"to":[13.25,14,7],"rotation":{"angle":22.5,"axis":"z","origin":[8,8.75,7]},"faces":{"north":{"uv":[10.5,0,5.25,5.25],"rotation":270,"texture":"#3"},"east":{"uv":[0,5,0,0],"texture":"#missing"},"south":{"uv":[10.5,0,5.25,5.25],"rotation":270,"texture":"#3"},"west":{"uv":[0,0,0,5],"rotation":180,"texture":"#missing"},"up":{"uv":[0,5,0,0],"rotation":90,"texture":"#missing"},"down":{"uv":[0,5,0,0],"rotation":90,"texture":"#missing"}}},{"from":[2.75,3.5,7],"to":[13.25,14,7],"rotation":{"angle":45,"axis":"z","origin":[8,8.75,7]},"faces":{"north":{"uv":[15.75,0,10.5,5.25],"rotation":270,"texture":"#3"},"east":{"uv":[0,5,0,0],"texture":"#missing"},"south":{"uv":[15.75,0,10.5,5.25],"rotation":270,"texture":"#3"},"west":{"uv":[0,0,0,5],"rotation":180,"texture":"#missing"},"up":{"uv":[0,5,0,0],"rotation":90,"texture":"#missing"},"down":{"uv":[0,5,0,0],"rotation":90,"texture":"#missing"}}},{"from":[2.75,3.5,7],"to":[13.25,14,7],"rotation":{"angle":-22.5,"axis":"z","origin":[8,8.75,7]},"faces":{"north":{"uv":[5.25,5.25,0,10.5],"texture":"#3"},"east":{"uv":[0,5,0,0],"texture":"#missing"},"south":{"uv":[0,5.25,5.25,10.5],"texture":"#3"},"west":{"uv":[0,5,0,0],"texture":"#missing"},"up":{"uv":[0,5,0,0],"rotation":270,"texture":"#missing"},"down":{"uv":[0,0,0,5],"rotation":90,"texture":"#missing"}}},{"from":[2.75,3.5,7],"to":[13.25,14,7],"rotation":{"angle":0,"axis":"y","origin":[8,8.75,7]},"faces":{"north":{"uv":[10.5,5.25,5.25,10.5],"texture":"#3"},"east":{"uv":[0,5,0,0],"texture":"#missing"},"south":{"uv":[5.25,5.25,10.5,10.5],"texture":"#3"},"west":{"uv":[0,5,0,0],"texture":"#missing"},"up":{"uv":[0,5,0,0],"rotation":270,"texture":"#missing"},"down":{"uv":[0,0,0,5],"rotation":90,"texture":"#missing"}}},{"from":[2.75,3.5,7],"to":[13.25,14,7],"rotation":{"angle":45,"axis":"z","origin":[8,8.75,7]},"faces":{"north":{"uv":[5.25,10.75,0,16],"texture":"#3"},"east":{"uv":[0,5,0,0],"texture":"#missing"},"south":{"uv":[0,10.75,5.25,16],"texture":"#3"},"west":{"uv":[0,5,0,0],"texture":"#missing"},"up":{"uv":[0,5,0,0],"rotation":270,"texture":"#missing"},"down":{"uv":[0,0,0,5],"rotation":90,"texture":"#missing"}}},{"from":[2.75,3.5,7],"to":[13.25,14,7],"rotation":{"angle":-22.5,"axis":"z","origin":[8,8.75,7]},"faces":{"north":{"uv":[10.5,10.75,5.25,16],"rotation":90,"texture":"#3"},"east":{"uv":[0,0,0,5],"texture":"#missing"},"south":{"uv":[10.5,10.75,5.25,16],"rotation":90,"texture":"#3"},"west":{"uv":[0,5,0,0],"rotation":180,"texture":"#missing"},"up":{"uv":[0,5,0,0],"rotation":270,"texture":"#missing"},"down":{"uv":[0,5,0,0],"rotation":270,"texture":"#missing"}}},{"from":[2.75,3.5,7],"to":[13.25,14,7],"rotation":{"angle":22.5,"axis":"z","origin":[8,8.75,7]},"faces":{"north":{"uv":[15.75,5.25,10.5,10.5],"texture":"#3"},"east":{"uv":[0,5,0,0],"texture":"#missing"},"south":{"uv":[10.5,5.25,15.75,10.5],"texture":"#3"},"west":{"uv":[0,5,0,0],"texture":"#missing"},"up":{"uv":[0,5,0,0],"rotation":270,"texture":"#missing"},"down":{"uv":[0,0,0,5],"rotation":90,"texture":"#missing"}}},{"from":[9.5,4.5,2],"to":[11,7,2.5],"rotation":{"angle":0,"axis":"y","origin":[10.5,-3.5,10.5]},"faces":{"north":{"uv":[6.4375,9,6.625,9.3125],"texture":"#0"},"east":{"uv":[6.4375,9,6.5,9.3125],"texture":"#0"},"south":{"uv":[6.4375,9,6.625,9.3125],"texture":"#0"},"west":{"uv":[6.5,9,6.5625,9.3125],"texture":"#0"},"up":{"uv":[6.625,9.0625,6.4375,9],"texture":"#0"},"down":{"uv":[6.0625,9.125,6.25,9.1875],"texture":"#0"}}},{"from":[5,4.5,2],"to":[6.5,7,2.5],"rotation":{"angle":0,"axis":"y","origin":[6,-3.5,10.5]},"faces":{"north":{"uv":[6.4375,9,6.625,9.3125],"texture":"#0"},"east":{"uv":[6.4375,9,6.5,9.3125],"texture":"#0"},"south":{"uv":[6.4375,9,6.625,9.3125],"texture":"#0"},"west":{"uv":[6.5,9,6.5625,9.3125],"texture":"#0"},"up":{"uv":[6.625,9.0625,6.4375,9],"texture":"#0"},"down":{"uv":[6.0625,9.125,6.25,9.1875],"texture":"#0"}}},{"from":[7,3,1.5],"to":[9,4.5,2.5],"rotation":{"angle":0,"axis":"y","origin":[11,-3,9.5]},"faces":{"north":{"uv":[6.25,10.8125,6.5,11],"texture":"#0"},"east":{"uv":[6.25,10.8125,6.375,11],"texture":"#0"},"south":{"uv":[6.25,10.8125,6.5,11],"texture":"#0"},"west":{"uv":[6.25,10.8125,6.375,11],"texture":"#0"},"up":{"uv":[6.25,11,6.5,11.125],"texture":"#0"},"down":{"uv":[6.25,10.8125,6.5,10.9375],"texture":"#0"}}},{"from":[7,2.5,1.51],"to":[9,4.5,2.51],"rotation":{"angle":-45,"axis":"z","origin":[7,4.5,1.5]},"faces":{"north":{"uv":[6.75,10.8125,6.5,11.0625],"texture":"#0"},"east":{"uv":[6.625,11.0625,6.5,11.3125],"texture":"#0"},"south":{"uv":[6.75,10.8125,6.5,11.0625],"texture":"#0"},"west":{"uv":[6.875,10.8125,6.75,11.0625],"texture":"#0"},"up":{"uv":[6.75,10.8125,6.5,11.0625],"texture":"#0"},"down":{"uv":[6.5,11.125,6.25,11.25],"texture":"#0"}}},{"from":[7,2.5,1.51],"to":[9,4.5,2.51],"rotation":{"angle":45,"axis":"z","origin":[9,4.5,1.5]},"faces":{"north":{"uv":[6.5,10.8125,6.75,11.0625],"texture":"#0"},"east":{"uv":[6.75,10.8125,6.875,11.0625],"texture":"#0"},"south":{"uv":[6.5,10.8125,6.75,11.0625],"texture":"#0"},"west":{"uv":[6.5,11.0625,6.625,11.3125],"texture":"#0"},"up":{"uv":[6.5,10.8125,6.75,11.0625],"texture":"#0"},"down":{"uv":[6.25,11.125,6.5,11.25],"texture":"#0"}}},{"from":[10,4,1.7],"to":[13,4.5,1.7],"rotation":{"angle":22.5,"axis":"z","origin":[11.10711,3.24289,1.7]},"faces":{"north":{"uv":[6.25,10.0625,5.875,10.125],"texture":"#0"},"east":{"uv":[6.25,10.0625,5.875,10.125],"texture":"#0"},"south":{"uv":[5.875,10.0625,6.25,10.125],"texture":"#0"},"west":{"uv":[6.25,10.0625,5.875,10.125],"texture":"#0"},"up":{"uv":[6.25,10.0625,5.875,10.125],"texture":"#0"},"down":{"uv":[6.25,10.0625,5.875,10.125],"texture":"#0"}}},{"from":[9.85174,3.03116,1.7],"to":[12.85174,3.53116,1.7],"rotation":{"angle":0,"axis":"y","origin":[11.10711,3.24289,1.7]},"faces":{"north":{"uv":[6.25,10.0625,5.875,10.125],"texture":"#0"},"east":{"uv":[6.25,10.0625,5.875,10.125],"texture":"#0"},"south":{"uv":[5.875,10.0625,6.25,10.125],"texture":"#0"},"west":{"uv":[6.25,10.0625,5.875,10.125],"texture":"#0"},"up":{"uv":[6.25,10.0625,5.875,10.125],"texture":"#0"},"down":{"uv":[6.25,10.0625,5.875,10.125],"texture":"#0"}}},{"from":[10.04142,2.00294,1.7],"to":[13.04142,2.50294,1.7],"rotation":{"angle":-22.5,"axis":"z","origin":[11.10711,3.24289,1.7]},"faces":{"north":{"uv":[6.25,10.0625,5.875,10.125],"texture":"#0"},"east":{"uv":[6.25,10.0625,5.875,10.125],"texture":"#0"},"south":{"uv":[5.875,10.0625,6.25,10.125],"texture":"#0"},"west":{"uv":[6.25,10.0625,5.875,10.125],"texture":"#0"},"up":{"uv":[6.25,10.0625,5.875,10.125],"texture":"#0"},"down":{"uv":[6.25,10.0625,5.875,10.125],"texture":"#0"}}},{"from":[3,4,1.7],"to":[6,4.5,1.7],"rotation":{"angle":-22.5,"axis":"z","origin":[4.89289,3.24289,1.7]},"faces":{"north":{"uv":[5.875,10.0625,6.25,10.125],"texture":"#0"},"east":{"uv":[5.875,10.0625,6.25,10.125],"texture":"#0"},"south":{"uv":[6.25,10.0625,5.875,10.125],"texture":"#0"},"west":{"uv":[5.875,10.0625,6.25,10.125],"texture":"#0"},"up":{"uv":[5.875,10.0625,6.25,10.125],"texture":"#0"},"down":{"uv":[5.875,10.0625,6.25,10.125],"texture":"#0"}}},{"from":[3.14826,3.03116,1.7],"to":[6.14826,3.53116,1.7],"rotation":{"angle":0,"axis":"y","origin":[4.89289,3.24289,1.7]},"faces":{"north":{"uv":[5.875,10.0625,6.25,10.125],"texture":"#0"},"east":{"uv":[5.875,10.0625,6.25,10.125],"texture":"#0"},"south":{"uv":[6.25,10.0625,5.875,10.125],"texture":"#0"},"west":{"uv":[5.875,10.0625,6.25,10.125],"texture":"#0"},"up":{"uv":[5.875,10.0625,6.25,10.125],"texture":"#0"},"down":{"uv":[5.875,10.0625,6.25,10.125],"texture":"#0"}}},{"from":[2.95858,2.00294,1.7],"to":[5.95858,2.50294,1.7],"rotation":{"angle":22.5,"axis":"z","origin":[4.89289,3.24289,1.7]},"faces":{"north":{"uv":[5.875,10.0625,6.25,10.125],"texture":"#0"},"east":{"uv":[5.875,10.0625,6.25,10.125],"texture":"#0"},"south":{"uv":[6.25,10.0625,5.875,10.125],"texture":"#0"},"west":{"uv":[5.875,10.0625,6.25,10.125],"texture":"#0"},"up":{"uv":[5.875,10.0625,6.25,10.125],"texture":"#0"},"down":{"uv":[5.875,10.0625,6.25,10.125],"texture":"#0"}}},{"from":[5.5,7.8,2.04],"to":[8,10.3,3.06],"rotation":{"angle":45,"axis":"z","origin":[8,10.3,4]},"faces":{"north":{"uv":[2.5,0.9375,2.8125,1.25],"rotation":90,"texture":"#0"},"east":{"uv":[2.4375,1.25,2.125,1.3775],"rotation":90,"texture":"#0"},"south":{"uv":[2.5,1.25,2.8125,0.9375],"rotation":90,"texture":"#0"},"west":{"uv":[3.25,15.6275,3.5625,15.5],"rotation":90,"texture":"#0"},"up":{"uv":[2.125,1.25,2.4375,1.3775],"texture":"#0"},"down":{"uv":[2.25,1.75,1.9375,1.8775],"rotation":180,"texture":"#0"}}}],"gui_light":"front","display":{"thirdperson_righthand":{"rotation":[75,45,0],"translation":[0,3,0.75],"scale":[0.42969,0.42969,0.42969]},"thirdperson_lefthand":{"rotation":[75,45,0],"translation":[0,3,0.75],"scale":[0.42969,0.42969,0.42969]},"firstperson_righthand":{"rotation":[0,45,0],"translation":[3,5,0],"scale":[0.44297,0.44297,0.44297]},"firstperson_lefthand":{"rotation":[0,45,0],"translation":[3,5,0],"scale":[0.44297,0.44297,0.44297]},"ground":{"translation":[0,9,0],"scale":[0.75,0.75,0.75]},"gui":{"rotation":[14,166,0],"translation":[0.25,1.25,-1.5],"scale":[0.89063,0.89063,0.89063]},"head":{"translation":[0,4.5,1.25],"scale":[1.6,1.6,1.6]},"fixed":{"rotation":[-90,0,0],"translation":[0,2.25,-13.75],"scale":[1.8,1.8,1.8]}},"groups":[{"name":"group","origin":[3,21.75,8],"color":0,"children":[]},0,1,2,3,4,5,{"name":"group","origin":[3,21.75,8],"color":0,"children":[6,7,8,9,10,11,12,13]},14,15,16,17,18,19,20,21,22,23,24,25],"mcmodels":"92e97e2faa2310f7974495521fa5af9c"}