{"credit":"Made with Blockbench","texture_size":[128,128],"textures":{"0":"elitecreatures:cat_sage_animated_weapon_set/cat_sage_texture","2":"elitecreatures:cat_sage_animated_weapon_set/cat_sage_animation01","3":"elitecreatures:cat_sage_animated_weapon_set/cat_sage_animation02","4":"elitecreatures:cat_sage_animated_weapon_set/cat_sage_animation03","particle":"elitecreatures:cat_sage_animated_weapon_set/cat_sage_texture"},"elements":[{"from":[8,-7,8],"to":[10,17,18],"rotation":{"angle":-22.5,"axis":"y","origin":[10,6,8]},"faces":{"north":{"uv":[1.25,12,1.5,9],"texture":"#0"},"east":{"uv":[0,12,1.25,9],"texture":"#0"},"south":{"uv":[1.25,12,1.5,9],"texture":"#0"},"west":{"uv":[1.25,12,0,9],"texture":"#0"},"up":{"uv":[1.5,10.25,1.75,9],"texture":"#0"},"down":{"uv":[1.75,10.25,2,9],"texture":"#0"}}},{"from":[8,-7,-2],"to":[10,17,8],"rotation":{"angle":22.5,"axis":"y","origin":[10,6,8]},"faces":{"north":{"uv":[3.5,12,3.25,9],"texture":"#0"},"east":{"uv":[3.25,12,2,9],"texture":"#0"},"south":{"uv":[3.5,12,3.25,9],"texture":"#0"},"west":{"uv":[2,12,3.25,9],"texture":"#0"},"up":{"uv":[2,11.5,1.75,10.25],"texture":"#0"},"down":{"uv":[1.75,11.5,1.5,10.25],"texture":"#0"}}},{"from":[7.94,10.4,5.5],"to":[10.46,12.9,8],"rotation":{"angle":45,"axis":"x","origin":[9.9,10.4,8]},"faces":{"north":{"uv":[2.125,1.25,2.4375,1.5625],"rotation":90,"texture":"#0"},"east":{"uv":[2.5,1.25,2.8125,0.9375],"rotation":90,"texture":"#0"},"south":{"uv":[2.125,1.25,2.4375,1.5625],"rotation":90,"texture":"#0"},"west":{"uv":[2.5,0.9375,2.8125,1.25],"rotation":90,"texture":"#0"},"up":{"uv":[2.25,2.0625,1.9375,1.75],"rotation":90,"texture":"#0"},"down":{"uv":[2.4375,1.5625,2.125,1.25],"rotation":90,"texture":"#0"}}},{"from":[10,-10,8],"to":[10,-7,18],"rotation":{"angle":-22.5,"axis":"y","origin":[10,6,8]},"faces":{"north":{"uv":[5.3125,16,5.0625,13],"texture":"#missing"},"east":{"uv":[9,0.75,7.75,0.375],"texture":"#0"},"south":{"uv":[6.5625,16,6.3125,13],"texture":"#missing"},"west":{"uv":[7.75,0.75,9,0.375],"texture":"#0"},"up":{"uv":[6.8125,16,6.5625,14.75],"texture":"#missing"},"down":{"uv":[6.8125,14.75,6.5625,13.5],"texture":"#missing"}}},{"from":[10,-10,-2],"to":[10,-7,8],"rotation":{"angle":22.5,"axis":"y","origin":[10,6,8]},"faces":{"north":{"uv":[6.3125,16,6.5625,13],"texture":"#missing"},"east":{"uv":[7.75,0.375,9,0],"texture":"#0"},"south":{"uv":[5.0625,16,5.3125,13],"texture":"#missing"},"west":{"uv":[9,0.375,7.75,0],"texture":"#0"},"up":{"uv":[6.8125,14.75,6.5625,16],"texture":"#missing"},"down":{"uv":[6.8125,13.5,6.5625,14.75],"texture":"#missing"}}},{"from":[8,17,8],"to":[10,19,13],"rotation":{"angle":-22.5,"axis":"y","origin":[10,8,8]},"faces":{"north":{"uv":[0.875,12.25,0.625,12],"texture":"#0"},"east":{"uv":[0.625,12.25,0,12],"texture":"#0"},"south":{"uv":[0.875,12.25,0.625,12],"texture":"#0"},"west":{"uv":[0,12.25,0.625,12],"texture":"#0"},"up":{"uv":[1.75,12.125,1.5,11.5],"texture":"#0"},"down":{"uv":[1.75,12.125,1.5,11.5],"texture":"#0"}}},{"from":[8,17,3],"to":[10,19,8],"rotation":{"angle":22.5,"axis":"y","origin":[10,8,8]},"faces":{"north":{"uv":[2,12.25,2.25,12],"texture":"#0"},"east":{"uv":[0.875,12.25,1.5,12],"texture":"#0"},"south":{"uv":[2,12.25,2.25,12],"texture":"#0"},"west":{"uv":[1.5,12.25,0.875,12],"texture":"#0"},"up":{"uv":[2,11.5,1.75,12.125],"texture":"#0"},"down":{"uv":[2,11.5,1.75,12.125],"texture":"#0"}}},{"from":[11,21.71078,-12.30421],"to":[8,20.21078,-13.80421],"rotation":{"angle":-45,"axis":"x","origin":[11.7,42.01499,8]},"faces":{"north":{"uv":[16,0,15.625,0.1875],"texture":"#0"},"east":{"uv":[16,0,15.8125,0.1875],"texture":"#0"},"south":{"uv":[16,0,15.625,0.1875],"texture":"#0"},"west":{"uv":[16,0,15.8125,0.1875],"texture":"#0"},"up":{"uv":[16,0,15.625,0.1875],"texture":"#0"},"down":{"uv":[16,0,15.625,0.1875],"texture":"#0"}}},{"from":[10,1,2.75],"to":[10,11.5,13.25],"rotation":{"angle":0,"axis":"y","origin":[10,6.25,8]},"faces":{"north":{"uv":[0,0,0,5],"rotation":180,"texture":"#missing"},"east":{"uv":[5.25,0,0,5.25],"rotation":270,"texture":"#3"},"south":{"uv":[0,5,0,0],"texture":"#missing"},"west":{"uv":[5.25,0,0,5.25],"rotation":270,"texture":"#3"},"up":{"uv":[0,5,0,0],"rotation":180,"texture":"#missing"},"down":{"uv":[0,5,0,0],"texture":"#missing"}}},{"from":[10,1,2.75],"to":[10,11.5,13.25],"rotation":{"angle":-22.5,"axis":"x","origin":[10,6.25,8]},"faces":{"north":{"uv":[0,0,0,5],"rotation":180,"texture":"#missing"},"east":{"uv":[10.5,0,5.25,5.25],"rotation":270,"texture":"#3"},"south":{"uv":[0,5,0,0],"texture":"#missing"},"west":{"uv":[10.5,0,5.25,5.25],"rotation":270,"texture":"#3"},"up":{"uv":[0,5,0,0],"rotation":180,"texture":"#missing"},"down":{"uv":[0,5,0,0],"texture":"#missing"}}},{"from":[10,1,2.75],"to":[10,11.5,13.25],"rotation":{"angle":-45,"axis":"x","origin":[10,6.25,8]},"faces":{"north":{"uv":[0,0,0,5],"rotation":180,"texture":"#missing"},"east":{"uv":[15.75,0,10.5,5.25],"rotation":270,"texture":"#3"},"south":{"uv":[0,5,0,0],"texture":"#missing"},"west":{"uv":[15.75,0,10.5,5.25],"rotation":270,"texture":"#3"},"up":{"uv":[0,5,0,0],"rotation":180,"texture":"#missing"},"down":{"uv":[0,5,0,0],"texture":"#missing"}}},{"from":[10,1,2.75],"to":[10,11.5,13.25],"rotation":{"angle":22.5,"axis":"x","origin":[10,6.25,8]},"faces":{"north":{"uv":[0,5,0,0],"texture":"#missing"},"east":{"uv":[5.25,5.25,0,10.5],"texture":"#3"},"south":{"uv":[0,5,0,0],"texture":"#missing"},"west":{"uv":[0,5.25,5.25,10.5],"texture":"#3"},"up":{"uv":[0,5,0,0],"texture":"#missing"},"down":{"uv":[0,0,0,5],"texture":"#missing"}}},{"from":[10,1,2.75],"to":[10,11.5,13.25],"rotation":{"angle":0,"axis":"y","origin":[10,6.25,8]},"faces":{"north":{"uv":[0,5,0,0],"texture":"#missing"},"east":{"uv":[10.5,5.25,5.25,10.5],"texture":"#3"},"south":{"uv":[0,5,0,0],"texture":"#missing"},"west":{"uv":[5.25,5.25,10.5,10.5],"texture":"#3"},"up":{"uv":[0,5,0,0],"texture":"#missing"},"down":{"uv":[0,0,0,5],"texture":"#missing"}}},{"from":[10,1,2.75],"to":[10,11.5,13.25],"rotation":{"angle":-45,"axis":"x","origin":[10,6.25,8]},"faces":{"north":{"uv":[0,5,0,0],"texture":"#missing"},"east":{"uv":[5.25,10.75,0,16],"texture":"#3"},"south":{"uv":[0,5,0,0],"texture":"#missing"},"west":{"uv":[0,10.75,5.25,16],"texture":"#3"},"up":{"uv":[0,5,0,0],"texture":"#missing"},"down":{"uv":[0,0,0,5],"texture":"#missing"}}},{"from":[10,1,2.75],"to":[10,11.5,13.25],"rotation":{"angle":22.5,"axis":"x","origin":[10,6.25,8]},"faces":{"north":{"uv":[0,5,0,0],"rotation":180,"texture":"#missing"},"east":{"uv":[10.5,10.75,5.25,16],"rotation":90,"texture":"#3"},"south":{"uv":[0,0,0,5],"texture":"#missing"},"west":{"uv":[10.5,10.75,5.25,16],"rotation":90,"texture":"#3"},"up":{"uv":[0,5,0,0],"texture":"#missing"},"down":{"uv":[0,5,0,0],"rotation":180,"texture":"#missing"}}},{"from":[10,1,2.75],"to":[10,11.5,13.25],"rotation":{"angle":-22.5,"axis":"x","origin":[10,6.25,8]},"faces":{"north":{"uv":[0,5,0,0],"texture":"#missing"},"east":{"uv":[15.75,5.25,10.5,10.5],"texture":"#3"},"south":{"uv":[0,5,0,0],"texture":"#missing"},"west":{"uv":[10.5,5.25,15.75,10.5],"texture":"#3"},"up":{"uv":[0,5,0,0],"texture":"#missing"},"down":{"uv":[0,0,0,5],"texture":"#missing"}}},{"from":[11.5,11.5,8],"to":[11.5,22.5,13.5],"rotation":{"angle":-22.5,"axis":"y","origin":[11.5,19.5,8]},"faces":{"north":{"uv":[0,0,0,8],"texture":"#missing"},"east":{"uv":[11,0.5,5.5,11.5],"texture":"#2"},"south":{"uv":[0,0,0,8],"texture":"#missing"},"west":{"uv":[5.5,0.5,11,11.5],"texture":"#2"},"up":{"uv":[0,10,0,0],"texture":"#missing"},"down":{"uv":[0,0,0,10],"texture":"#missing"}}},{"from":[11.5,11.5,2.5],"to":[11.5,22.5,8],"rotation":{"angle":22.5,"axis":"y","origin":[11.5,19.5,8]},"faces":{"north":{"uv":[0,0,0,8],"texture":"#2"},"east":{"uv":[5.5,0.5,0,11.5],"texture":"#2"},"south":{"uv":[0,0,0,8],"texture":"#2"},"west":{"uv":[0,0.5,5.5,11.5],"texture":"#2"},"up":{"uv":[0,10,0,0],"texture":"#2"},"down":{"uv":[0,0,0,10],"texture":"#2"}}},{"from":[7,-5,13],"to":[7,15,21],"rotation":{"angle":-22.5,"axis":"y","origin":[7,5,17]},"faces":{"north":{"uv":[0,0,0,8.5],"texture":"#missing"},"east":{"uv":[0,0,4,10],"texture":"#4"},"south":{"uv":[0,0,0,8.5],"texture":"#missing"},"west":{"uv":[4,0,0,10],"texture":"#4"},"up":{"uv":[0,0,0,3],"texture":"#missing"},"down":{"uv":[0,3,0,0],"texture":"#missing"}}},{"from":[7,-5,-5],"to":[7,15,3],"rotation":{"angle":22.5,"axis":"y","origin":[7,5,-1]},"faces":{"north":{"uv":[0,0,0,8.5],"texture":"#missing"},"east":{"uv":[4,0,0,10],"texture":"#4"},"south":{"uv":[0,0,0,8.5],"texture":"#missing"},"west":{"uv":[0,0,4,10],"texture":"#4"},"up":{"uv":[0,3,0,0],"texture":"#missing"},"down":{"uv":[0,0,0,3],"texture":"#missing"}}},{"from":[2,0,7],"to":[4,14,9],"rotation":{"angle":45,"axis":"y","origin":[3,8,8]},"faces":{"north":{"uv":[4.125,0,3.875,1.75],"texture":"#0"},"east":{"uv":[3.875,0,4.125,1.75],"texture":"#0"},"south":{"uv":[4.125,0,3.875,1.75],"texture":"#0"},"west":{"uv":[3.875,0,4.125,1.75],"texture":"#0"},"up":{"uv":[2.6875,1.8125,2.4375,2.0625],"texture":"#0"},"down":{"uv":[2.6875,1.8125,2.4375,2.0625],"texture":"#0"}}},{"from":[2.5,12.5,7],"to":[7.5,14,9],"rotation":{"angle":0,"axis":"y","origin":[9.5,13,8]},"faces":{"north":{"uv":[3.875,0.0625,4.0625,0.6875],"rotation":90,"texture":"#0"},"east":{"uv":[2.6875,1.8125,2.4375,2],"texture":"#0"},"south":{"uv":[3.875,0.0625,4.0625,0.6875],"rotation":270,"texture":"#0"},"west":{"uv":[2.6875,1.8125,2.4375,2],"rotation":180,"texture":"#0"},"up":{"uv":[4.125,0.0625,3.875,0.6875],"rotation":270,"texture":"#0"},"down":{"uv":[4.125,0.0625,3.875,0.6875],"rotation":270,"texture":"#0"}}},{"from":[1.75,12.5,6.75],"to":[4.25,14.5,9.25],"rotation":{"angle":45,"axis":"y","origin":[3,9.5,8]},"faces":{"north":{"uv":[2.3125,2.75,2,2.5],"texture":"#0"},"east":{"uv":[2,2.75,2.3125,2.5],"texture":"#0"},"south":{"uv":[2.3125,2.75,2,2.5],"texture":"#0"},"west":{"uv":[2,2.75,2.3125,2.5],"texture":"#0"},"up":{"uv":[2.6875,2.625,2.375,2.3125],"texture":"#0"},"down":{"uv":[2.6875,2.625,2.375,2.3125],"texture":"#0"}}},{"from":[2,2.81078,-8.30421],"to":[4,6.81078,-4.30421],"rotation":{"angle":-45,"axis":"x","origin":[2.7,19.11499,8]},"faces":{"north":{"uv":[3.9375,1.75,3.6875,2.25],"texture":"#0"},"east":{"uv":[3.1875,2.125,3.6875,2.625],"texture":"#0"},"south":{"uv":[4.1875,1.75,3.9375,2.25],"texture":"#0"},"west":{"uv":[3.6875,2.125,3.1875,2.625],"texture":"#0"},"up":{"uv":[4.1875,2.25,3.9375,1.75],"texture":"#0"},"down":{"uv":[3.9375,1.75,3.6875,2.25],"texture":"#0"}}},{"from":[1.75,4,6.75],"to":[4.25,5.5,9.25],"rotation":{"angle":45,"axis":"y","origin":[3,3,8]},"faces":{"north":{"uv":[2.9375,2.625,2.625,2.8125],"texture":"#0"},"east":{"uv":[2.625,2.625,2.9375,2.8125],"texture":"#0"},"south":{"uv":[2.9375,2.625,2.625,2.8125],"texture":"#0"},"west":{"uv":[2.625,2.625,2.9375,2.8125],"texture":"#0"},"up":{"uv":[2.3125,2.625,2.625,2.9375],"texture":"#0"},"down":{"uv":[2.625,2.625,2.3125,2.9375],"texture":"#0"}}},{"from":[1.75,1,6.75],"to":[4.25,2.5,9.25],"rotation":{"angle":45,"axis":"y","origin":[3,0,8]},"faces":{"north":{"uv":[2.9375,2.625,2.625,2.8125],"texture":"#0"},"east":{"uv":[2.625,2.625,2.9375,2.8125],"texture":"#0"},"south":{"uv":[2.9375,2.625,2.625,2.8125],"texture":"#0"},"west":{"uv":[2.625,2.625,2.9375,2.8125],"texture":"#0"},"up":{"uv":[2.3125,2.625,2.625,2.9375],"texture":"#0"},"down":{"uv":[2.625,2.625,2.3125,2.9375],"texture":"#0"}}},{"from":[4.5,7.91078,-12.30421],"to":[1.5,6.41078,-13.80421],"rotation":{"angle":-45,"axis":"x","origin":[5.2,28.21499,8]},"faces":{"north":{"uv":[16,0,15.625,0.1875],"texture":"#0"},"east":{"uv":[16,0,15.8125,0.1875],"texture":"#0"},"south":{"uv":[16,0,15.625,0.1875],"texture":"#0"},"west":{"uv":[16,0,15.8125,0.1875],"texture":"#0"},"up":{"uv":[16,0,15.625,0.1875],"texture":"#0"},"down":{"uv":[16,0,15.625,0.1875],"texture":"#0"}}}],"gui_light":"front","display":{"thirdperson_righthand":{"rotation":[45,55,0],"translation":[2.25,1.5,-0.5],"scale":[0.7,0.7,0.7]},"thirdperson_lefthand":{"rotation":[45,-125,0],"translation":[2.25,1.5,-0.5],"scale":[0.7,0.7,0.7]},"firstperson_righthand":{"rotation":[17,102,0],"translation":[-7.25,4.5,1.75],"scale":[0.49258,0.49258,0.49258]},"firstperson_lefthand":{"rotation":[17,-78,0],"translation":[-7.25,4.5,1.75],"scale":[0.49258,0.49258,0.49258]},"ground":{"rotation":[0,0,56],"translation":[0,9,0],"scale":[0.6,0.6,0.6]},"gui":{"rotation":[180,-45,-153.1],"translation":[-0.25,0.75,-1.5],"scale":[0.51953,0.51953,0.51953]},"head":{"scale":[0,0,0]},"fixed":{"rotation":[0,90,0],"translation":[0,1.5,-9.75],"scale":[1.5,1.5,1.5]}},"groups":[{"name":"group","origin":[3,21.75,8],"color":0,"children":[]},0,1,2,3,4,5,6,7,{"name":"group","origin":[10,3.25,8],"color":0,"children":[8,9,10,11,12,13,14,15]},16,17,18,19,20,21,22,23,24,25,26],"mcmodels":"92e97e2faa2310f7974495521fa5af9c"}