{"credit":"Made with Blockbench","texture_size":[128,128],"textures":{"0":"elitecreatures:cat_sage_animated_weapon_set/cat_sage_texture","3":"elitecreatures:cat_sage_animated_weapon_set/cat_sage_animation02","4":"elitecreatures:cat_sage_animated_weapon_set/cat_sage_animation03","particle":"elitecreatures:cat_sage_animated_weapon_set/cat_sage_texture"},"elements":[{"from":[9.5,-8.08922,-12.30421],"to":[6.5,-9.58922,-13.80421],"rotation":{"angle":-45,"axis":"x","origin":[10.2,12.21499,8]},"faces":{"north":{"uv":[16,0,15.625,0.1875],"texture":"#0"},"east":{"uv":[16,0,15.8125,0.1875],"texture":"#0"},"south":{"uv":[16,0,15.625,0.1875],"texture":"#0"},"west":{"uv":[16,0,15.8125,0.1875],"texture":"#0"},"up":{"uv":[16,0,15.625,0.1875],"texture":"#0"},"down":{"uv":[16,0,15.625,0.1875],"texture":"#0"}}},{"from":[9.5,-8.08922,-12.30421],"to":[6.5,-9.58922,-13.80421],"rotation":{"angle":-45,"axis":"x","origin":[10.2,12.21499,8]},"faces":{"north":{"uv":[16,0,15.625,0.1875],"texture":"#0"},"east":{"uv":[16,0,15.8125,0.1875],"texture":"#0"},"south":{"uv":[16,0,15.625,0.1875],"texture":"#0"},"west":{"uv":[16,0,15.8125,0.1875],"texture":"#0"},"up":{"uv":[16,0,15.625,0.1875],"texture":"#0"},"down":{"uv":[16,0,15.625,0.1875],"texture":"#0"}}},{"from":[6.5,7.5,4.5],"to":[9.5,11,11.5],"rotation":{"angle":0,"axis":"y","origin":[8,0.5,8]},"faces":{"north":{"uv":[1.125,2.9375,1.5,2.5],"texture":"#0"},"east":{"uv":[0.125,2.9375,1,2.5],"texture":"#0"},"south":{"uv":[1.125,2.9375,1.5,2.5],"texture":"#0"},"west":{"uv":[0.125,2.9375,1,2.5],"texture":"#0"},"up":{"uv":[3.125,1,3.5,0.125],"texture":"#0"},"down":{"uv":[3.5,1,3.875,0.125],"texture":"#0"}}},{"from":[6.95,7.51,3.45],"to":[9.05,10.99,5.55],"rotation":{"angle":45,"axis":"y","origin":[8,9.5,4.5]},"faces":{"north":{"uv":[1.75,2.9375,2,2.5],"texture":"#0"},"east":{"uv":[2,2.9375,1.75,2.5],"texture":"#0"},"south":{"uv":[1.75,2.9375,2,2.5],"texture":"#0"},"west":{"uv":[1.75,2.9375,2,2.5],"texture":"#0"},"up":{"uv":[2.8125,1,3.0625,0.75],"texture":"#0"},"down":{"uv":[2.8125,1.25,3.0625,1],"texture":"#0"}}},{"from":[6.95,7.51,10.45],"to":[9.05,10.99,12.55],"rotation":{"angle":-45,"axis":"y","origin":[8,9.5,11.5]},"faces":{"north":{"uv":[2,2.9375,1.75,2.5],"texture":"#0"},"east":{"uv":[1.75,2.9375,2,2.5],"texture":"#0"},"south":{"uv":[2,2.9375,1.75,2.5],"texture":"#0"},"west":{"uv":[2,2.9375,1.75,2.5],"texture":"#0"},"up":{"uv":[2.8125,0.75,3.0625,1],"texture":"#0"},"down":{"uv":[2.8125,1,3.0625,1.25],"texture":"#0"}}},{"from":[6.75,6,6.75],"to":[9.25,8,9.25],"rotation":{"angle":45,"axis":"y","origin":[8,3,8]},"faces":{"north":{"uv":[2.3125,2.75,2,2.5],"texture":"#0"},"east":{"uv":[2,2.75,2.3125,2.5],"texture":"#0"},"south":{"uv":[2.3125,2.75,2,2.5],"texture":"#0"},"west":{"uv":[2,2.75,2.3125,2.5],"texture":"#0"},"up":{"uv":[2.6875,2.625,2.375,2.3125],"texture":"#0"},"down":{"uv":[2.6875,2.625,2.375,2.3125],"texture":"#0"}}},{"from":[6.75,1,6.75],"to":[9.25,3,9.25],"rotation":{"angle":45,"axis":"y","origin":[8,-2,8]},"faces":{"north":{"uv":[2.3125,2.75,2,2.5],"texture":"#0"},"east":{"uv":[2,2.75,2.3125,2.5],"texture":"#0"},"south":{"uv":[2.3125,2.75,2,2.5],"texture":"#0"},"west":{"uv":[2,2.75,2.3125,2.5],"texture":"#0"},"up":{"uv":[2.6875,2.625,2.375,2.3125],"texture":"#0"},"down":{"uv":[2.6875,2.625,2.375,2.3125],"texture":"#0"}}},{"from":[5.75,7.31694,6.02773],"to":[10.25,11.31694,10.02773],"rotation":{"angle":-45,"axis":"x","origin":[8,9.28921,8]},"faces":{"north":{"uv":[3.1875,2.125,3.6875,1.5625],"rotation":90,"texture":"#0"},"east":{"uv":[2.6875,2.0625,3.1875,1.5625],"rotation":90,"texture":"#0"},"south":{"uv":[2.6875,2.625,3.1875,2.0625],"rotation":90,"texture":"#0"},"west":{"uv":[2.6875,2.0625,3.1875,1.5625],"rotation":90,"texture":"#0"},"up":{"uv":[3.1875,2.625,2.6875,2.0625],"rotation":90,"texture":"#0"},"down":{"uv":[3.1875,2.125,3.6875,1.5625],"rotation":90,"texture":"#0"}}},{"from":[7,11.81694,6.02773],"to":[9,14.81694,9.02773],"rotation":{"angle":-45,"axis":"x","origin":[7.7,13.78921,8]},"faces":{"north":{"uv":[5.625,3.125,6,2.875],"rotation":90,"texture":"#0"},"east":{"uv":[5.625,2.25,6,2.625],"rotation":90,"texture":"#0"},"south":{"uv":[6,2.625,5.625,2.875],"rotation":90,"texture":"#0"},"west":{"uv":[5.625,2.625,6,2.25],"rotation":90,"texture":"#0"},"up":{"uv":[5.625,2.875,6,2.625],"rotation":90,"texture":"#0"},"down":{"uv":[5.625,3.125,6,2.875],"rotation":90,"texture":"#0"}}},{"from":[5.25,8.01149,6.77773],"to":[10.75,10.51149,9.27773],"rotation":{"angle":45,"axis":"x","origin":[8,9.28921,8]},"faces":{"north":{"uv":[4.125,0.6875,4.4375,0],"rotation":90,"texture":"#0"},"east":{"uv":[3.6875,2.25,4,2.5625],"rotation":90,"texture":"#0"},"south":{"uv":[4.4375,1.375,4.125,0.6875],"rotation":90,"texture":"#0"},"west":{"uv":[3.6875,2.5625,4,2.25],"rotation":90,"texture":"#0"},"up":{"uv":[4.125,0.6875,4.4375,0],"rotation":90,"texture":"#0"},"down":{"uv":[4.125,1.375,4.4375,0.6875],"rotation":90,"texture":"#0"}}},{"from":[5.85,12.70711,5],"to":[4.85,9.70711,2],"rotation":{"angle":-45,"axis":"x","origin":[18.3,15.70711,8]},"faces":{"north":{"uv":[16,0,15.875,0.375],"texture":"#0"},"east":{"uv":[16,0,15.625,0.375],"texture":"#0"},"south":{"uv":[16,0,15.875,0.375],"texture":"#0"},"west":{"uv":[16,0,15.625,0.375],"texture":"#0"},"up":{"uv":[16,0,15.875,0.375],"texture":"#0"},"down":{"uv":[16,0,15.875,0.375],"texture":"#0"}}},{"from":[11.15,12.70711,5],"to":[10.15,9.70711,2],"rotation":{"angle":-45,"axis":"x","origin":[-2.3,15.70711,8]},"faces":{"north":{"uv":[15.875,0,16,0.375],"texture":"#0"},"east":{"uv":[15.625,0,16,0.375],"texture":"#0"},"south":{"uv":[15.875,0,16,0.375],"texture":"#0"},"west":{"uv":[15.625,0,16,0.375],"texture":"#0"},"up":{"uv":[15.875,0,16,0.375],"texture":"#0"},"down":{"uv":[15.875,0,16,0.375],"texture":"#0"}}},{"from":[6.75,11,5.5],"to":[9.25,12.5,10.5],"rotation":{"angle":0,"axis":"y","origin":[8,13.12843,8]},"faces":{"north":{"uv":[3.5,1.5625,3.6875,1.25],"rotation":90,"texture":"#0"},"east":{"uv":[2.25,1.5625,2.4375,2.1875],"rotation":90,"texture":"#0"},"south":{"uv":[3.5,1.5625,3.6875,1.25],"rotation":90,"texture":"#0"},"west":{"uv":[2.25,2.1875,2.4375,1.5625],"rotation":90,"texture":"#0"},"up":{"uv":[2.875,1.5625,3.5,1.25],"rotation":90,"texture":"#0"},"down":{"uv":[2.875,1.5625,3.5,1.25],"rotation":90,"texture":"#0"}}},{"from":[7.1,10.99,4.6],"to":[8.9,12.49,6.4],"rotation":{"angle":45,"axis":"y","origin":[8,11.5,5.5]},"faces":{"north":{"uv":[1.8125,2.3125,2.0625,2.5],"texture":"#0"},"east":{"uv":[1.8125,2.3125,2.0625,2.5],"texture":"#0"},"south":{"uv":[1.8125,2.3125,2.0625,2.5],"texture":"#0"},"west":{"uv":[1.8125,2.3125,2.0625,2.5],"texture":"#0"},"up":{"uv":[1.8125,2.0625,2.0625,2.3125],"texture":"#0"},"down":{"uv":[1.8125,2.0625,2.0625,2.3125],"texture":"#0"}}},{"from":[7.1,10.99,9.6],"to":[8.9,12.49,11.4],"rotation":{"angle":-45,"axis":"y","origin":[8,11.5,10.5]},"faces":{"north":{"uv":[2.3125,2.3125,2.0625,2.5],"texture":"#0"},"east":{"uv":[2.3125,2.3125,2.0625,2.5],"texture":"#0"},"south":{"uv":[2.3125,2.3125,2.0625,2.5],"texture":"#0"},"west":{"uv":[2.3125,2.3125,2.0625,2.5],"texture":"#0"},"up":{"uv":[2.4375,1.8125,2.6875,1.5625],"texture":"#0"},"down":{"uv":[1.8125,2.3125,2.0625,2.0625],"texture":"#0"}}},{"from":[7,-16,7],"to":[9,6,9],"rotation":{"angle":45,"axis":"y","origin":[8,-8,8]},"faces":{"north":{"uv":[4.8125,0,4.5625,2.75],"texture":"#0"},"east":{"uv":[4.5625,0,4.8125,2.75],"texture":"#0"},"south":{"uv":[4.8125,0,4.5625,2.75],"texture":"#0"},"west":{"uv":[4.5625,0,4.8125,2.75],"texture":"#0"},"up":{"uv":[4.4375,1.375,4.1875,1.625],"texture":"#0"},"down":{"uv":[4.4375,1.375,4.1875,1.625],"texture":"#0"}}},{"from":[6.75,-12,6.75],"to":[9.25,-10.5,9.25],"rotation":{"angle":45,"axis":"y","origin":[8,-13,8]},"faces":{"north":{"uv":[2.9375,2.625,2.625,2.8125],"texture":"#0"},"east":{"uv":[2.625,2.625,2.9375,2.8125],"texture":"#0"},"south":{"uv":[2.9375,2.625,2.625,2.8125],"texture":"#0"},"west":{"uv":[2.625,2.625,2.9375,2.8125],"texture":"#0"},"up":{"uv":[2.3125,2.625,2.625,2.9375],"texture":"#0"},"down":{"uv":[2.625,2.625,2.3125,2.9375],"texture":"#0"}}},{"from":[6.75,-15,6.75],"to":[9.25,-13.5,9.25],"rotation":{"angle":45,"axis":"y","origin":[8,-16,8]},"faces":{"north":{"uv":[2.9375,2.625,2.625,2.8125],"texture":"#0"},"east":{"uv":[2.625,2.625,2.9375,2.8125],"texture":"#0"},"south":{"uv":[2.9375,2.625,2.625,2.8125],"texture":"#0"},"west":{"uv":[2.625,2.625,2.9375,2.8125],"texture":"#0"},"up":{"uv":[2.3125,2.625,2.625,2.9375],"texture":"#0"},"down":{"uv":[2.625,2.625,2.3125,2.9375],"texture":"#0"}}},{"from":[7,-13.18922,-8.30421],"to":[9,-9.18922,-4.30421],"rotation":{"angle":-45,"axis":"x","origin":[7.7,3.11499,8]},"faces":{"north":{"uv":[3.9375,1.75,3.6875,2.25],"texture":"#0"},"east":{"uv":[3.1875,2.125,3.6875,2.625],"texture":"#0"},"south":{"uv":[4.1875,1.75,3.9375,2.25],"texture":"#0"},"west":{"uv":[3.6875,2.125,3.1875,2.625],"texture":"#0"},"up":{"uv":[4.1875,2.25,3.9375,1.75],"texture":"#0"},"down":{"uv":[3.9375,1.75,3.6875,2.25],"texture":"#0"}}},{"from":[2.75,-12.75,2.75],"to":[13.25,-12.75,13.25],"rotation":{"angle":0,"axis":"y","origin":[8,-12.75,8]},"faces":{"north":{"uv":[0,0,0,5],"rotation":90,"texture":"#missing"},"east":{"uv":[0,5,0,0],"rotation":270,"texture":"#missing"},"south":{"uv":[0,5,0,0],"rotation":90,"texture":"#missing"},"west":{"uv":[0,5,0,0],"rotation":90,"texture":"#missing"},"up":{"uv":[5.25,0,0,5.25],"texture":"#3"},"down":{"uv":[5.25,0,0,5.25],"texture":"#3"}}},{"from":[2.75,-12.75,2.75],"to":[13.25,-12.75,13.25],"rotation":{"angle":22.5,"axis":"y","origin":[8,-12.75,8]},"faces":{"north":{"uv":[0,0,0,5],"rotation":90,"texture":"#missing"},"east":{"uv":[0,5,0,0],"rotation":270,"texture":"#missing"},"south":{"uv":[0,5,0,0],"rotation":90,"texture":"#missing"},"west":{"uv":[0,5,0,0],"rotation":90,"texture":"#missing"},"up":{"uv":[10.5,0,5.25,5.25],"texture":"#3"},"down":{"uv":[10.5,0,5.25,5.25],"texture":"#3"}}},{"from":[2.75,-12.75,2.75],"to":[13.25,-12.75,13.25],"rotation":{"angle":45,"axis":"y","origin":[8,-12.75,8]},"faces":{"north":{"uv":[0,0,0,5],"rotation":90,"texture":"#missing"},"east":{"uv":[0,5,0,0],"rotation":270,"texture":"#missing"},"south":{"uv":[0,5,0,0],"rotation":90,"texture":"#missing"},"west":{"uv":[0,5,0,0],"rotation":90,"texture":"#missing"},"up":{"uv":[15.75,0,10.5,5.25],"texture":"#3"},"down":{"uv":[15.75,0,10.5,5.25],"texture":"#3"}}},{"from":[2.75,-12.75,2.75],"to":[13.25,-12.75,13.25],"rotation":{"angle":-22.5,"axis":"y","origin":[8,-12.75,8]},"faces":{"north":{"uv":[0,5,0,0],"rotation":270,"texture":"#missing"},"east":{"uv":[0,5,0,0],"rotation":90,"texture":"#missing"},"south":{"uv":[0,5,0,0],"rotation":90,"texture":"#missing"},"west":{"uv":[0,0,0,5],"rotation":90,"texture":"#missing"},"up":{"uv":[0,5.25,5.25,10.5],"rotation":90,"texture":"#3"},"down":{"uv":[5.25,5.25,0,10.5],"rotation":90,"texture":"#3"}}},{"from":[2.75,-12.75,2.75],"to":[13.25,-12.75,13.25],"rotation":{"angle":0,"axis":"y","origin":[8,-12.75,8]},"faces":{"north":{"uv":[0,5,0,0],"rotation":270,"texture":"#missing"},"east":{"uv":[0,5,0,0],"rotation":90,"texture":"#missing"},"south":{"uv":[0,5,0,0],"rotation":90,"texture":"#missing"},"west":{"uv":[0,0,0,5],"rotation":90,"texture":"#missing"},"up":{"uv":[5.25,5.25,10.5,10.5],"rotation":90,"texture":"#3"},"down":{"uv":[10.5,5.25,5.25,10.5],"rotation":90,"texture":"#3"}}},{"from":[2.75,-12.75,2.75],"to":[13.25,-12.75,13.25],"rotation":{"angle":45,"axis":"y","origin":[8,-12.75,8]},"faces":{"north":{"uv":[0,5,0,0],"rotation":270,"texture":"#missing"},"east":{"uv":[0,5,0,0],"rotation":90,"texture":"#missing"},"south":{"uv":[0,5,0,0],"rotation":90,"texture":"#missing"},"west":{"uv":[0,0,0,5],"rotation":90,"texture":"#missing"},"up":{"uv":[0,10.75,5.25,16],"rotation":90,"texture":"#3"},"down":{"uv":[5.25,10.75,0,16],"rotation":90,"texture":"#3"}}},{"from":[2.75,-12.75,2.75],"to":[13.25,-12.75,13.25],"rotation":{"angle":-22.5,"axis":"y","origin":[8,-12.75,8]},"faces":{"north":{"uv":[0,5,0,0],"rotation":90,"texture":"#missing"},"east":{"uv":[0,5,0,0],"rotation":90,"texture":"#missing"},"south":{"uv":[0,0,0,5],"rotation":90,"texture":"#missing"},"west":{"uv":[0,5,0,0],"rotation":270,"texture":"#missing"},"up":{"uv":[10.5,10.75,5.25,16],"rotation":180,"texture":"#3"},"down":{"uv":[10.5,10.75,5.25,16],"rotation":180,"texture":"#3"}}},{"from":[2.75,-12.75,2.75],"to":[13.25,-12.75,13.25],"rotation":{"angle":22.5,"axis":"y","origin":[8,-12.75,8]},"faces":{"north":{"uv":[0,5,0,0],"rotation":270,"texture":"#missing"},"east":{"uv":[0,5,0,0],"rotation":90,"texture":"#missing"},"south":{"uv":[0,5,0,0],"rotation":90,"texture":"#missing"},"west":{"uv":[0,0,0,5],"rotation":90,"texture":"#missing"},"up":{"uv":[10.5,5.25,15.75,10.5],"rotation":90,"texture":"#3"},"down":{"uv":[15.75,5.25,10.5,10.5],"rotation":90,"texture":"#3"}}},{"from":[7.251,20.3,3.5],"to":[8.741,24.8,8],"rotation":{"angle":45,"axis":"x","origin":[8,20.3,8]},"faces":{"north":{"uv":[7.125,3.9375,7.3125,4.5],"texture":"#0"},"east":{"uv":[7.25,4.5,6.6875,5.0625],"texture":"#0"},"south":{"uv":[7.3125,3.9375,7.5,4.5],"texture":"#0"},"west":{"uv":[6.6875,4.5,7.25,5.0625],"texture":"#0"},"up":{"uv":[7.25,4.5,7.4375,5.0625],"texture":"#0"},"down":{"uv":[7.3125,3.9375,7.5,4.5],"texture":"#0"}}},{"from":[7.251,10.1,3],"to":[8.741,15.1,8],"rotation":{"angle":45,"axis":"x","origin":[8,10.1,8]},"faces":{"north":{"uv":[7.3125,5.0625,7.5,5.6875],"texture":"#0"},"east":{"uv":[7.3125,5.0625,6.6875,5.6875],"texture":"#0"},"south":{"uv":[6.5,5.1875,6.6875,5.8125],"texture":"#0"},"west":{"uv":[6.6875,5.0625,7.3125,5.6875],"texture":"#0"},"up":{"uv":[4.0625,6.625,4.25,7.25],"texture":"#0"},"down":{"uv":[6.5,5.1875,6.6875,5.8125],"texture":"#0"}}},{"from":[7.25,13.5,6.5],"to":[8.75,23.5,9.5],"rotation":{"angle":0,"axis":"y","origin":[-0.3,-5.5,3.5]},"faces":{"north":{"uv":[6.9375,2.8125,7.125,4.0625],"texture":"#0"},"east":{"uv":[6.9375,3.25,6.5625,4.5],"texture":"#0"},"south":{"uv":[6.9375,2.8125,7.125,4.0625],"texture":"#0"},"west":{"uv":[6.5625,3.25,6.9375,4.5],"texture":"#0"},"up":{"uv":[6.9375,4.0625,7.125,4.4375],"texture":"#0"},"down":{"uv":[6.9375,4.0625,7.125,4.4375],"texture":"#0"}}},{"from":[7.5,14.5,9],"to":[8.5,23.5,10],"rotation":{"angle":-45,"axis":"y","origin":[8,14,9.5]},"faces":{"north":{"uv":[7.125,2.8125,7.25,3.9375],"texture":"#0"},"east":{"uv":[7.25,2.8125,7.125,3.9375],"texture":"#0"},"south":{"uv":[7.125,2.8125,7.25,3.9375],"texture":"#0"},"west":{"uv":[7.125,2.8125,7.25,3.9375],"texture":"#0"},"up":{"uv":[7.125,2.8125,7.25,2.9375],"texture":"#0"},"down":{"uv":[7.125,2.8125,7.25,2.9375],"texture":"#0"}}},{"from":[7.5,14.5,6],"to":[8.5,23.5,7],"rotation":{"angle":45,"axis":"y","origin":[8,14,6.5]},"faces":{"north":{"uv":[7.375,2.8125,7.25,3.9375],"texture":"#0"},"east":{"uv":[7.25,2.8125,7.375,3.9375],"texture":"#0"},"south":{"uv":[7.375,2.8125,7.25,3.9375],"texture":"#0"},"west":{"uv":[7.375,2.8125,7.25,3.9375],"texture":"#0"},"up":{"uv":[7.375,2.8125,7.25,2.9375],"texture":"#0"},"down":{"uv":[7.375,2.8125,7.25,2.9375],"texture":"#0"}}},{"from":[11.6,24,3.8],"to":[9.9,14,2.1],"rotation":{"angle":45,"axis":"y","origin":[13.7,53.5,8.1]},"faces":{"north":{"uv":[15.7875,3.625,16,1.125],"texture":"#0"},"east":{"uv":[16,3.625,15.7875,1.125],"texture":"#0"},"south":{"uv":[15.7875,3.625,16,1.125],"texture":"#0"},"west":{"uv":[16,3.625,15.7875,1.125],"texture":"#0"},"up":{"uv":[15.7875,1.3375,16,1.125],"texture":"#0"}}},{"from":[11.6,24,13.9],"to":[9.9,14,12.2],"rotation":{"angle":-45,"axis":"y","origin":[13.7,53.5,7.9]},"faces":{"north":{"uv":[16,3.625,15.7875,1.125],"texture":"#0"},"east":{"uv":[15.7875,3.625,16,1.125],"texture":"#0"},"south":{"uv":[16,3.625,15.7875,1.125],"texture":"#0"},"west":{"uv":[15.7875,3.625,16,1.125],"texture":"#0"},"up":{"uv":[15.7875,1.125,16,1.3375],"texture":"#0"}}},{"from":[9.24,3.5,15.05],"to":[6.74,-2,9.55],"rotation":{"angle":45,"axis":"x","origin":[10.5,17.5,38]},"faces":{"north":{"uv":[14.875,0,14.5625,1.125],"texture":"#0"},"east":{"uv":[16,0,14.875,1.125],"texture":"#0"},"south":{"uv":[15.6875,0,16,1.125],"texture":"#0"},"west":{"uv":[14.875,0,16,1.125],"texture":"#0"},"up":{"uv":[14.5625,0,14.875,1.125],"texture":"#0"},"down":{"uv":[15.6875,0,16,1.125],"texture":"#0"}}},{"from":[8,6,13],"to":[8,26,21],"rotation":{"angle":0,"axis":"y","origin":[6,11,17]},"faces":{"north":{"uv":[0,0,0,8.5],"texture":"#missing"},"east":{"uv":[0,0,4,10],"texture":"#4"},"south":{"uv":[0,0,0,8.5],"texture":"#missing"},"west":{"uv":[4,0,0,10],"texture":"#4"},"up":{"uv":[0,0,0,3],"texture":"#missing"},"down":{"uv":[0,3,0,0],"texture":"#missing"}}}],"gui_light":"front","display":{"thirdperson_righthand":{"translation":[0,7,1.5],"scale":[0.6,0.6,0.6]},"thirdperson_lefthand":{"translation":[0,7,1.5],"scale":[0.6,0.6,0.6]},"firstperson_righthand":{"rotation":[-10,7,2],"translation":[5,7,-4.25],"scale":[0.54141,0.54141,0.54141]},"firstperson_lefthand":{"rotation":[-10,7,2],"translation":[5,7,-4.25],"scale":[0.54141,0.54141,0.54141]},"ground":{"rotation":[0,0,90],"translation":[-3,6,0],"scale":[0.55,0.55,0.55]},"gui":{"rotation":[-90,45,90],"translation":[-1.25,1.25,0],"scale":[0.44922,0.44922,0.44922]},"head":{"scale":[0,0,0]},"fixed":{"rotation":[-90,-90,-90],"translation":[0,12,-4.25],"scale":[1.4,1.4,1.4]}},"groups":[0,1,2,3,4,5,6,7,8,9,10,11,12,13,14,15,16,17,18,{"name":"group","origin":[3,21.75,8],"color":0,"children":[19,20,21,22,23,24,25,26]},27,28,29,30,31,32,33,34,35],"mcmodels":"92e97e2faa2310f7974495521fa5af9c"}