{"credit":"Made with Blockbench","texture_size":[128,128],"textures":{"0":"elitecreatures:cat_sage_animated_weapon_set/cat_sage_texture","2":"elitecreatures:cat_sage_animated_weapon_set/cat_sage_animation01","3":"elitecreatures:cat_sage_animated_weapon_set/cat_sage_animation02","4":"elitecreatures:cat_sage_animated_weapon_set/cat_sage_animation03","particle":"elitecreatures:cat_sage_animated_weapon_set/cat_sage_texture"},"elements":[{"from":[9.5,-8.08922,-12.30421],"to":[6.5,-9.58922,-13.80421],"rotation":{"angle":-45,"axis":"x","origin":[10.2,12.21499,8]},"faces":{"north":{"uv":[16,0,15.625,0.1875],"texture":"#0"},"east":{"uv":[16,0,15.8125,0.1875],"texture":"#0"},"south":{"uv":[16,0,15.625,0.1875],"texture":"#0"},"west":{"uv":[16,0,15.8125,0.1875],"texture":"#0"},"up":{"uv":[16,0,15.625,0.1875],"texture":"#0"},"down":{"uv":[16,0,15.625,0.1875],"texture":"#0"}}},{"from":[6.75,1,6.75],"to":[9.25,3,9.25],"rotation":{"angle":45,"axis":"y","origin":[8,-2,8]},"faces":{"north":{"uv":[2.3125,2.75,2,2.5],"texture":"#0"},"east":{"uv":[2,2.75,2.3125,2.5],"texture":"#0"},"south":{"uv":[2.3125,2.75,2,2.5],"texture":"#0"},"west":{"uv":[2,2.75,2.3125,2.5],"texture":"#0"},"up":{"uv":[2.6875,2.625,2.375,2.3125],"texture":"#0"},"down":{"uv":[2.6875,2.625,2.375,2.3125],"texture":"#0"}}},{"from":[7,-16,7],"to":[9,6,9],"rotation":{"angle":45,"axis":"y","origin":[8,-8,8]},"faces":{"north":{"uv":[4.8125,0,4.5625,2.75],"texture":"#0"},"east":{"uv":[4.5625,0,4.8125,2.75],"texture":"#0"},"south":{"uv":[4.8125,0,4.5625,2.75],"texture":"#0"},"west":{"uv":[4.5625,0,4.8125,2.75],"texture":"#0"},"up":{"uv":[4.4375,1.375,4.1875,1.625],"texture":"#0"},"down":{"uv":[4.4375,1.375,4.1875,1.625],"texture":"#0"}}},{"from":[13.5,26.5,15.5],"to":[10.5,23.5,12.5],"rotation":{"angle":0,"axis":"y","origin":[12,25,14]},"faces":{"north":{"uv":[15.95313,0,16,0.04688],"rotation":90,"texture":"#0"},"east":{"uv":[15.95313,0,16,0.04688],"rotation":90,"texture":"#0"},"south":{"uv":[15.95313,0,16,0.04688],"rotation":90,"texture":"#0"},"west":{"uv":[15.95313,0,16,0.04688],"rotation":90,"texture":"#0"},"up":{"uv":[15.95313,0,16,0.04688],"rotation":90,"texture":"#0"},"down":{"uv":[15.95313,0,16,0.04688],"rotation":90,"texture":"#0"}}},{"from":[11,24,13],"to":[13,26,15],"rotation":{"angle":0,"axis":"y","origin":[12,25,14]},"faces":{"north":{"uv":[4.1875,1.375,4.4375,1.625],"rotation":90,"texture":"#0"},"east":{"uv":[4.1875,1.375,4.4375,1.625],"rotation":90,"texture":"#0"},"south":{"uv":[4.1875,1.375,4.4375,1.625],"rotation":90,"texture":"#0"},"west":{"uv":[4.1875,1.375,4.4375,1.625],"rotation":90,"texture":"#0"},"up":{"uv":[4.1875,1.375,4.4375,1.625],"rotation":90,"texture":"#0"},"down":{"uv":[4.1875,1.375,4.4375,1.625],"rotation":90,"texture":"#0"}}},{"from":[7.5,27.5,3.5],"to":[10.5,30.5,6.5],"rotation":{"angle":0,"axis":"y","origin":[8.5,28.5,4.5]},"faces":{"north":{"uv":[3.625,3.375,4,3.75],"rotation":90,"texture":"#0"},"east":{"uv":[3.625,3.375,4,3.75],"rotation":90,"texture":"#0"},"south":{"uv":[3.625,3.375,4,3.75],"rotation":90,"texture":"#0"},"west":{"uv":[3.625,3.375,4,3.75],"rotation":90,"texture":"#0"},"up":{"uv":[3.625,3.375,4,3.75],"rotation":90,"texture":"#0"},"down":{"uv":[3.625,3.375,4,3.75],"rotation":90,"texture":"#0"}}},{"from":[11,31,7],"to":[7,27,3],"rotation":{"angle":0,"axis":"y","origin":[12.5,37.5,24]},"faces":{"north":{"uv":[15.95313,0,16,0.04688],"rotation":90,"texture":"#0"},"east":{"uv":[15.95313,0,16,0.04688],"rotation":90,"texture":"#0"},"south":{"uv":[15.95313,0,16,0.04688],"rotation":90,"texture":"#0"},"west":{"uv":[15.95313,0,16,0.04688],"rotation":90,"texture":"#0"},"up":{"uv":[15.95313,0,16,0.04688],"rotation":90,"texture":"#0"},"down":{"uv":[15.95313,0,16,0.04688],"rotation":90,"texture":"#0"}}},{"from":[4,15,0],"to":[6,17,2],"rotation":{"angle":0,"axis":"y","origin":[5,16,1]},"faces":{"north":{"uv":[4.1875,1.625,4.4375,1.375],"rotation":90,"texture":"#0"},"east":{"uv":[4.1875,1.625,4.4375,1.375],"rotation":90,"texture":"#0"},"south":{"uv":[4.1875,1.625,4.4375,1.375],"rotation":90,"texture":"#0"},"west":{"uv":[4.1875,1.625,4.4375,1.375],"rotation":90,"texture":"#0"},"up":{"uv":[4.4375,1.375,4.1875,1.625],"rotation":90,"texture":"#0"},"down":{"uv":[4.4375,1.375,4.1875,1.625],"rotation":90,"texture":"#0"}}},{"from":[6.5,17.5,2.5],"to":[3.5,14.5,-0.5],"rotation":{"angle":0,"axis":"y","origin":[5,16,1]},"faces":{"north":{"uv":[15.95313,0.04688,16,0],"rotation":90,"texture":"#0"},"east":{"uv":[15.95313,0.04688,16,0],"rotation":90,"texture":"#0"},"south":{"uv":[15.95313,0.04688,16,0],"rotation":90,"texture":"#0"},"west":{"uv":[15.95313,0.04688,16,0],"rotation":90,"texture":"#0"},"up":{"uv":[16,0,15.95313,0.04688],"rotation":90,"texture":"#0"},"down":{"uv":[16,0,15.95313,0.04688],"rotation":90,"texture":"#0"}}},{"from":[7,12,7],"to":[9,14,9],"rotation":{"angle":45,"axis":"y","origin":[8,0,8]},"faces":{"north":{"uv":[4.8125,0,4.5625,2.75],"texture":"#0"},"east":{"uv":[4.5625,0,4.8125,2.75],"texture":"#0"},"south":{"uv":[4.8125,0,4.5625,2.75],"texture":"#0"},"west":{"uv":[4.5625,0,4.8125,2.75],"texture":"#0"},"up":{"uv":[4.4375,1.375,4.1875,1.625],"texture":"#0"},"down":{"uv":[4.4375,1.375,4.1875,1.625],"texture":"#0"}}},{"from":[6.75,-12,6.75],"to":[9.25,-10.5,9.25],"rotation":{"angle":45,"axis":"y","origin":[8,-13,8]},"faces":{"north":{"uv":[2.9375,2.625,2.625,2.8125],"texture":"#0"},"east":{"uv":[2.625,2.625,2.9375,2.8125],"texture":"#0"},"south":{"uv":[2.9375,2.625,2.625,2.8125],"texture":"#0"},"west":{"uv":[2.625,2.625,2.9375,2.8125],"texture":"#0"},"up":{"uv":[2.3125,2.625,2.625,2.9375],"texture":"#0"},"down":{"uv":[2.625,2.625,2.3125,2.9375],"texture":"#0"}}},{"from":[6.75,-15,6.75],"to":[9.25,-13.5,9.25],"rotation":{"angle":45,"axis":"y","origin":[8,-16,8]},"faces":{"north":{"uv":[2.9375,2.625,2.625,2.8125],"texture":"#0"},"east":{"uv":[2.625,2.625,2.9375,2.8125],"texture":"#0"},"south":{"uv":[2.9375,2.625,2.625,2.8125],"texture":"#0"},"west":{"uv":[2.625,2.625,2.9375,2.8125],"texture":"#0"},"up":{"uv":[2.3125,2.625,2.625,2.9375],"texture":"#0"},"down":{"uv":[2.625,2.625,2.3125,2.9375],"texture":"#0"}}},{"from":[7,-13.18922,-8.30421],"to":[9,-9.18922,-4.30421],"rotation":{"angle":-45,"axis":"x","origin":[7.7,3.11499,8]},"faces":{"north":{"uv":[3.9375,1.75,3.6875,2.25],"texture":"#0"},"east":{"uv":[3.1875,2.125,3.6875,2.625],"texture":"#0"},"south":{"uv":[4.1875,1.75,3.9375,2.25],"texture":"#0"},"west":{"uv":[3.6875,2.125,3.1875,2.625],"texture":"#0"},"up":{"uv":[4.1875,2.25,3.9375,1.75],"texture":"#0"},"down":{"uv":[3.9375,1.75,3.6875,2.25],"texture":"#0"}}},{"from":[11.5,8.5,2.5],"to":[11.5,19.5,8],"rotation":{"angle":22.5,"axis":"y","origin":[11.5,16.5,8]},"faces":{"north":{"uv":[0,0,0,8],"texture":"#2"},"east":{"uv":[5.5,0.5,0,11.5],"texture":"#2"},"south":{"uv":[0,0,0,8],"texture":"#2"},"west":{"uv":[0,0.5,5.5,11.5],"texture":"#2"},"up":{"uv":[0,10,0,0],"texture":"#2"},"down":{"uv":[0,0,0,10],"texture":"#2"}}},{"from":[11.5,8.5,8],"to":[11.5,19.5,13.5],"rotation":{"angle":-22.5,"axis":"y","origin":[11.5,16.5,8]},"faces":{"north":{"uv":[0,0,0,8],"texture":"#missing"},"east":{"uv":[11,0.5,5.5,11.5],"texture":"#2"},"south":{"uv":[0,0,0,8],"texture":"#missing"},"west":{"uv":[5.5,0.5,11,11.5],"texture":"#2"},"up":{"uv":[0,10,0,0],"texture":"#missing"},"down":{"uv":[0,0,0,10],"texture":"#missing"}}},{"from":[4.5,8.5,2.5],"to":[4.5,19.5,8],"rotation":{"angle":-22.5,"axis":"y","origin":[4.5,16.5,8]},"faces":{"north":{"uv":[0,0,0,8],"texture":"#2"},"east":{"uv":[5.5,0.5,0,11.5],"texture":"#2"},"south":{"uv":[0,0,0,8],"texture":"#2"},"west":{"uv":[0,0.5,5.5,11.5],"texture":"#2"},"up":{"uv":[0,10,0,0],"texture":"#2"},"down":{"uv":[0,0,0,10],"texture":"#2"}}},{"from":[4.5,8.5,8],"to":[4.5,19.5,13.5],"rotation":{"angle":22.5,"axis":"y","origin":[4.5,16.5,8]},"faces":{"north":{"uv":[0,0,0,8],"texture":"#missing"},"east":{"uv":[11,0.5,5.5,11.5],"texture":"#2"},"south":{"uv":[0,0,0,8],"texture":"#missing"},"west":{"uv":[5.5,0.5,11,11.5],"texture":"#2"},"up":{"uv":[0,10,0,0],"texture":"#missing"},"down":{"uv":[0,0,0,10],"texture":"#missing"}}},{"from":[2.75,-12.75,2.75],"to":[13.25,-12.75,13.25],"rotation":{"angle":0,"axis":"y","origin":[8,-12.75,8]},"faces":{"north":{"uv":[0,0,0,5],"rotation":90,"texture":"#missing"},"east":{"uv":[0,5,0,0],"rotation":270,"texture":"#missing"},"south":{"uv":[0,5,0,0],"rotation":90,"texture":"#missing"},"west":{"uv":[0,5,0,0],"rotation":90,"texture":"#missing"},"up":{"uv":[5.25,0,0,5.25],"texture":"#3"},"down":{"uv":[5.25,0,0,5.25],"texture":"#3"}}},{"from":[2.75,-12.75,2.75],"to":[13.25,-12.75,13.25],"rotation":{"angle":22.5,"axis":"y","origin":[8,-12.75,8]},"faces":{"north":{"uv":[0,0,0,5],"rotation":90,"texture":"#missing"},"east":{"uv":[0,5,0,0],"rotation":270,"texture":"#missing"},"south":{"uv":[0,5,0,0],"rotation":90,"texture":"#missing"},"west":{"uv":[0,5,0,0],"rotation":90,"texture":"#missing"},"up":{"uv":[10.5,0,5.25,5.25],"texture":"#3"},"down":{"uv":[10.5,0,5.25,5.25],"texture":"#3"}}},{"from":[2.75,-12.75,2.75],"to":[13.25,-12.75,13.25],"rotation":{"angle":45,"axis":"y","origin":[8,-12.75,8]},"faces":{"north":{"uv":[0,0,0,5],"rotation":90,"texture":"#missing"},"east":{"uv":[0,5,0,0],"rotation":270,"texture":"#missing"},"south":{"uv":[0,5,0,0],"rotation":90,"texture":"#missing"},"west":{"uv":[0,5,0,0],"rotation":90,"texture":"#missing"},"up":{"uv":[15.75,0,10.5,5.25],"texture":"#3"},"down":{"uv":[15.75,0,10.5,5.25],"texture":"#3"}}},{"from":[2.75,-12.75,2.75],"to":[13.25,-12.75,13.25],"rotation":{"angle":-22.5,"axis":"y","origin":[8,-12.75,8]},"faces":{"north":{"uv":[0,5,0,0],"rotation":270,"texture":"#missing"},"east":{"uv":[0,5,0,0],"rotation":90,"texture":"#missing"},"south":{"uv":[0,5,0,0],"rotation":90,"texture":"#missing"},"west":{"uv":[0,0,0,5],"rotation":90,"texture":"#missing"},"up":{"uv":[0,5.25,5.25,10.5],"rotation":90,"texture":"#3"},"down":{"uv":[5.25,5.25,0,10.5],"rotation":90,"texture":"#3"}}},{"from":[2.75,-12.75,2.75],"to":[13.25,-12.75,13.25],"rotation":{"angle":0,"axis":"y","origin":[8,-12.75,8]},"faces":{"north":{"uv":[0,5,0,0],"rotation":270,"texture":"#missing"},"east":{"uv":[0,5,0,0],"rotation":90,"texture":"#missing"},"south":{"uv":[0,5,0,0],"rotation":90,"texture":"#missing"},"west":{"uv":[0,0,0,5],"rotation":90,"texture":"#missing"},"up":{"uv":[5.25,5.25,10.5,10.5],"rotation":90,"texture":"#3"},"down":{"uv":[10.5,5.25,5.25,10.5],"rotation":90,"texture":"#3"}}},{"from":[2.75,-12.75,2.75],"to":[13.25,-12.75,13.25],"rotation":{"angle":45,"axis":"y","origin":[8,-12.75,8]},"faces":{"north":{"uv":[0,5,0,0],"rotation":270,"texture":"#missing"},"east":{"uv":[0,5,0,0],"rotation":90,"texture":"#missing"},"south":{"uv":[0,5,0,0],"rotation":90,"texture":"#missing"},"west":{"uv":[0,0,0,5],"rotation":90,"texture":"#missing"},"up":{"uv":[0,10.75,5.25,16],"rotation":90,"texture":"#3"},"down":{"uv":[5.25,10.75,0,16],"rotation":90,"texture":"#3"}}},{"from":[2.75,-12.75,2.75],"to":[13.25,-12.75,13.25],"rotation":{"angle":-22.5,"axis":"y","origin":[8,-12.75,8]},"faces":{"north":{"uv":[0,5,0,0],"rotation":90,"texture":"#missing"},"east":{"uv":[0,5,0,0],"rotation":90,"texture":"#missing"},"south":{"uv":[0,0,0,5],"rotation":90,"texture":"#missing"},"west":{"uv":[0,5,0,0],"rotation":270,"texture":"#missing"},"up":{"uv":[10.5,10.75,5.25,16],"rotation":180,"texture":"#3"},"down":{"uv":[10.5,10.75,5.25,16],"rotation":180,"texture":"#3"}}},{"from":[2.75,-12.75,2.75],"to":[13.25,-12.75,13.25],"rotation":{"angle":22.5,"axis":"y","origin":[8,-12.75,8]},"faces":{"north":{"uv":[0,5,0,0],"rotation":270,"texture":"#missing"},"east":{"uv":[0,5,0,0],"rotation":90,"texture":"#missing"},"south":{"uv":[0,5,0,0],"rotation":90,"texture":"#missing"},"west":{"uv":[0,0,0,5],"rotation":90,"texture":"#missing"},"up":{"uv":[10.5,5.25,15.75,10.5],"rotation":90,"texture":"#3"},"down":{"uv":[15.75,5.25,10.5,10.5],"rotation":90,"texture":"#3"}}},{"from":[8,11.5,13.5],"to":[8,31.5,21.5],"rotation":{"angle":0,"axis":"y","origin":[6,16.5,17.5]},"faces":{"north":{"uv":[0,0,0,8.5],"texture":"#missing"},"east":{"uv":[0,0,4,10],"texture":"#4"},"south":{"uv":[0,0,0,8.5],"texture":"#missing"},"west":{"uv":[4,0,0,10],"texture":"#4"},"up":{"uv":[0,0,0,3],"texture":"#missing"},"down":{"uv":[0,3,0,0],"texture":"#missing"}}},{"from":[7,3,2],"to":[9,5,4],"rotation":{"angle":0,"axis":"y","origin":[8,2.375,2.5]},"faces":{"north":{"uv":[3.625,3.125,3.375,3.375],"texture":"#0"},"east":{"uv":[3.375,3.125,3.125,3.375],"texture":"#0"},"south":{"uv":[3.625,3.125,3.875,3.375],"texture":"#0"},"west":{"uv":[3.125,3.125,3.375,3.375],"texture":"#0"},"up":{"uv":[3.75,2.875,4,3.125],"texture":"#0"},"down":{"uv":[3.75,3.125,4,2.875],"texture":"#0"}}},{"from":[8,0,1.5],"to":[8,7,4.5],"rotation":{"angle":0,"axis":"y","origin":[6,4,1.5]},"faces":{"north":{"uv":[0,0,0,0.875],"texture":"#missing"},"east":{"uv":[5.25,0,4.875,0.875],"texture":"#0"},"south":{"uv":[0,0,0,0.875],"texture":"#missing"},"west":{"uv":[4.875,0,5.25,0.875],"texture":"#0"},"up":{"uv":[0,0,0,0.375],"texture":"#missing"},"down":{"uv":[0,0,0,0.375],"texture":"#missing"}}},{"from":[6.75,-1.56765,0.90992],"to":[9.25,0.93235,3.40992],"rotation":{"angle":22.5,"axis":"x","origin":[8,1.375,2]},"faces":{"north":{"uv":[3.4375,2.8125,3.75,3.125],"texture":"#0"},"east":{"uv":[3.4375,2.8125,3.125,3.125],"texture":"#0"},"south":{"uv":[4,2.25,4.3125,2.5625],"texture":"#0"},"west":{"uv":[3.125,2.8125,3.4375,3.125],"texture":"#0"},"up":{"uv":[4.0625,2.5625,4.375,2.875],"texture":"#0"},"down":{"uv":[3.75,2.5625,4.0625,2.875],"texture":"#0"}}},{"from":[6.5,7.5,3.5],"to":[9.5,11,12.5],"rotation":{"angle":0,"axis":"y","origin":[8,0.5,7]},"faces":{"north":{"uv":[1.125,2.9375,1.5,2.5],"texture":"#0"},"east":{"uv":[0,2.9375,1.125,2.5],"texture":"#0"},"south":{"uv":[1.125,2.9375,1.5,2.5],"texture":"#0"},"west":{"uv":[0,2.9375,1.125,2.5],"texture":"#0"},"up":{"uv":[3.125,1.125,3.5,0],"texture":"#0"},"down":{"uv":[3.5,1.125,3.875,0],"texture":"#0"}}},{"from":[6.95,7.51,11.45],"to":[9.05,10.99,13.55],"rotation":{"angle":-45,"axis":"y","origin":[8,9.5,12.5]},"faces":{"north":{"uv":[2,2.9375,1.75,2.5],"texture":"#0"},"east":{"uv":[1.75,2.9375,2,2.5],"texture":"#0"},"south":{"uv":[2,2.9375,1.75,2.5],"texture":"#0"},"west":{"uv":[2,2.9375,1.75,2.5],"texture":"#0"},"up":{"uv":[2.8125,0.75,3.0625,1],"texture":"#0"},"down":{"uv":[2.8125,1,3.0625,1.25],"texture":"#0"}}},{"from":[6.95,7.51,2.45],"to":[9.05,10.99,4.55],"rotation":{"angle":45,"axis":"y","origin":[8,9.5,3.5]},"faces":{"north":{"uv":[1.75,2.9375,2,2.5],"texture":"#0"},"east":{"uv":[2,2.9375,1.75,2.5],"texture":"#0"},"south":{"uv":[1.75,2.9375,2,2.5],"texture":"#0"},"west":{"uv":[1.75,2.9375,2,2.5],"texture":"#0"},"up":{"uv":[2.8125,1,3.0625,0.75],"texture":"#0"},"down":{"uv":[2.8125,1.25,3.0625,1],"texture":"#0"}}},{"from":[5.25,8.01149,6.77773],"to":[10.75,10.51149,9.27773],"rotation":{"angle":45,"axis":"x","origin":[8,9.28921,8]},"faces":{"north":{"uv":[4.125,0.6875,4.4375,0],"rotation":90,"texture":"#0"},"east":{"uv":[3.6875,2.25,4,2.5625],"rotation":90,"texture":"#0"},"south":{"uv":[4.4375,1.375,4.125,0.6875],"rotation":90,"texture":"#0"},"west":{"uv":[3.6875,2.5625,4,2.25],"rotation":90,"texture":"#0"},"up":{"uv":[4.125,0.6875,4.4375,0],"rotation":90,"texture":"#0"},"down":{"uv":[4.125,1.375,4.4375,0.6875],"rotation":90,"texture":"#0"}}},{"from":[5.75,7.31694,6.02773],"to":[10.25,11.31694,10.02773],"rotation":{"angle":-45,"axis":"x","origin":[8,9.28921,8]},"faces":{"north":{"uv":[3.1875,2.125,3.6875,1.5625],"rotation":90,"texture":"#0"},"east":{"uv":[2.6875,2.0625,3.1875,1.5625],"rotation":90,"texture":"#0"},"south":{"uv":[2.6875,2.625,3.1875,2.0625],"rotation":90,"texture":"#0"},"west":{"uv":[2.6875,2.0625,3.1875,1.5625],"rotation":90,"texture":"#0"},"up":{"uv":[3.1875,2.625,2.6875,2.0625],"rotation":90,"texture":"#0"},"down":{"uv":[3.1875,2.125,3.6875,1.5625],"rotation":90,"texture":"#0"}}},{"from":[5.85,12.70711,5],"to":[4.85,9.70711,2],"rotation":{"angle":-45,"axis":"x","origin":[18.3,15.70711,8]},"faces":{"north":{"uv":[16,0,15.875,0.375],"texture":"#0"},"east":{"uv":[16,0,15.625,0.375],"texture":"#0"},"south":{"uv":[16,0,15.875,0.375],"texture":"#0"},"west":{"uv":[16,0,15.625,0.375],"texture":"#0"},"up":{"uv":[16,0,15.875,0.375],"texture":"#0"},"down":{"uv":[16,0,15.875,0.375],"texture":"#0"}}},{"from":[6.75,11,5.5],"to":[9.25,12.5,10.5],"rotation":{"angle":0,"axis":"y","origin":[8,13.12843,8]},"faces":{"north":{"uv":[3.5,1.5625,3.6875,1.25],"rotation":90,"texture":"#0"},"east":{"uv":[2.25,1.5625,2.4375,2.1875],"rotation":90,"texture":"#0"},"south":{"uv":[3.5,1.5625,3.6875,1.25],"rotation":90,"texture":"#0"},"west":{"uv":[2.25,2.1875,2.4375,1.5625],"rotation":90,"texture":"#0"},"up":{"uv":[2.875,1.5625,3.5,1.25],"rotation":90,"texture":"#0"},"down":{"uv":[2.875,1.5625,3.5,1.25],"rotation":90,"texture":"#0"}}},{"from":[7.1,10.99,4.6],"to":[8.9,12.49,6.4],"rotation":{"angle":45,"axis":"y","origin":[8,11.5,5.5]},"faces":{"north":{"uv":[1.8125,2.3125,2.0625,2.5],"texture":"#0"},"east":{"uv":[1.8125,2.3125,2.0625,2.5],"texture":"#0"},"south":{"uv":[1.8125,2.3125,2.0625,2.5],"texture":"#0"},"west":{"uv":[1.8125,2.3125,2.0625,2.5],"texture":"#0"},"up":{"uv":[1.8125,2.0625,2.0625,2.3125],"texture":"#0"},"down":{"uv":[1.8125,2.0625,2.0625,2.3125],"texture":"#0"}}},{"from":[7.1,10.99,9.6],"to":[8.9,12.49,11.4],"rotation":{"angle":-45,"axis":"y","origin":[8,11.5,10.5]},"faces":{"north":{"uv":[2.3125,2.3125,2.0625,2.5],"texture":"#0"},"east":{"uv":[2.3125,2.3125,2.0625,2.5],"texture":"#0"},"south":{"uv":[2.3125,2.3125,2.0625,2.5],"texture":"#0"},"west":{"uv":[2.3125,2.3125,2.0625,2.5],"texture":"#0"},"up":{"uv":[2.4375,1.8125,2.6875,1.5625],"texture":"#0"},"down":{"uv":[1.8125,2.3125,2.0625,2.0625],"texture":"#0"}}},{"from":[7,14.5,5.5],"to":[9,19.5,10.5],"rotation":{"angle":0,"axis":"y","origin":[7,14.5,6.5]},"faces":{"north":{"uv":[4.4375,5.6875,4.6875,6.3125],"texture":"#0"},"east":{"uv":[3.8125,5.6875,4.4375,6.3125],"texture":"#0"},"south":{"uv":[4.4375,5.6875,4.6875,6.3125],"texture":"#0"},"west":{"uv":[3.8125,5.6875,4.4375,6.3125],"texture":"#0"},"up":{"uv":[3.5625,4.8125,3.8125,5.4375],"texture":"#0"},"down":{"uv":[5.0625,3.1875,5.3125,3.8125],"texture":"#0"}}},{"from":[7,14,4],"to":[9,18.5,5.5],"rotation":{"angle":0,"axis":"y","origin":[7,15,7]},"faces":{"north":{"uv":[3.125,4.875,3.375,5.4375],"texture":"#0"},"east":{"uv":[3.5625,4.875,3.375,5.4375],"texture":"#0"},"south":{"uv":[3.125,4.875,3.375,5.4375],"texture":"#0"},"west":{"uv":[3.375,4.875,3.5625,5.4375],"texture":"#0"},"up":{"uv":[2.0625,5.4375,2.3125,5.625],"texture":"#0"},"down":{"uv":[3.375,3.375,3.625,3.5625],"texture":"#0"}}},{"from":[7,14,10.5],"to":[9,18.5,12],"rotation":{"angle":0,"axis":"y","origin":[7,15,9]},"faces":{"north":{"uv":[3.375,4.875,3.125,5.4375],"texture":"#0"},"east":{"uv":[3.375,4.875,3.5625,5.4375],"texture":"#0"},"south":{"uv":[3.375,4.875,3.125,5.4375],"texture":"#0"},"west":{"uv":[3.5625,4.875,3.375,5.4375],"texture":"#0"},"up":{"uv":[2.0625,5.625,2.3125,5.4375],"texture":"#0"},"down":{"uv":[3.375,3.5625,3.625,3.375],"texture":"#0"}}},{"from":[7,19,2.4],"to":[9,21.5,4.4],"rotation":{"angle":0,"axis":"y","origin":[7,16,4.4]},"faces":{"north":{"uv":[3.125,3.375,3.375,3.6875],"texture":"#0"},"east":{"uv":[2,5.3125,1.75,5.625],"texture":"#0"},"south":{"uv":[1.75,5,2,5.3125],"texture":"#0"},"west":{"uv":[1.75,5.3125,2,5.625],"texture":"#0"},"up":{"uv":[2.0625,5.1875,2.3125,5.4375],"texture":"#0"},"down":{"uv":[2.0625,5.1875,2.3125,5.4375],"texture":"#0"}}},{"from":[7,19,11.6],"to":[9,21.5,13.6],"rotation":{"angle":0,"axis":"y","origin":[7,16,11.6]},"faces":{"north":{"uv":[2,5,1.75,5.3125],"texture":"#0"},"east":{"uv":[2,5.3125,1.75,5.625],"texture":"#0"},"south":{"uv":[3.375,3.375,3.125,3.6875],"texture":"#0"},"west":{"uv":[2,5.3125,1.75,5.625],"texture":"#0"},"up":{"uv":[2.0625,5.4375,2.3125,5.1875],"texture":"#0"},"down":{"uv":[2.0625,5.4375,2.3125,5.1875],"texture":"#0"}}},{"from":[7,20.5,5],"to":[9,23.5,7.5],"rotation":{"angle":0,"axis":"y","origin":[7,17.5,7]},"faces":{"north":{"uv":[2.5625,5.0625,2.8125,5.4375],"texture":"#0"},"east":{"uv":[2.8125,5.0625,3.125,5.4375],"texture":"#0"},"south":{"uv":[2.5625,5.0625,2.8125,5.4375],"texture":"#0"},"west":{"uv":[2.8125,5.0625,3.125,5.4375],"texture":"#0"},"up":{"uv":[2.3125,5.125,2.5625,5.4375],"texture":"#0"},"down":{"uv":[2.3125,5.125,2.5625,5.4375],"texture":"#0"}}},{"from":[9.5,20,12.5],"to":[6.5,13.5,3.5],"rotation":{"angle":0,"axis":"y","origin":[10.7,18,32]},"faces":{"north":{"uv":[15.6875,0,16,0.8125],"texture":"#0"},"east":{"uv":[15.6875,0,14.875,1.125],"rotation":270,"texture":"#0"},"south":{"uv":[15.6875,0,16,0.8125],"texture":"#0"},"west":{"uv":[14.875,0,15.6875,1.125],"rotation":90,"texture":"#0"},"up":{"uv":[16,0,15.6875,1.125],"rotation":180,"texture":"#0"},"down":{"uv":[16,0,15.6875,1.125],"rotation":180,"texture":"#0"}}},{"from":[9.5,24,11.5],"to":[6.5,20,4.5],"rotation":{"angle":0,"axis":"y","origin":[10.6,28.5,40]},"faces":{"north":{"uv":[15.6875,0,16,0.8125],"texture":"#0"},"east":{"uv":[15.6875,0,14.875,1.125],"rotation":270,"texture":"#0"},"south":{"uv":[15.6875,0,16,0.8125],"texture":"#0"},"west":{"uv":[14.875,0,15.6875,1.125],"rotation":90,"texture":"#0"},"down":{"uv":[16,0,15.6875,1.125],"rotation":180,"texture":"#0"}}},{"from":[9.51,22.51,4.5],"to":[6.51,18.51,1.5],"rotation":{"angle":0,"axis":"y","origin":[10.61,27,40]},"faces":{"east":{"uv":[15.6875,0,14.875,1.125],"rotation":270,"texture":"#0"},"south":{"uv":[15.6875,0,16,0.8125],"texture":"#0"},"west":{"uv":[14.875,0,15.6875,1.125],"rotation":90,"texture":"#0"},"up":{"uv":[16,0,15.6875,1.125],"rotation":180,"texture":"#0"},"down":{"uv":[16,0,15.6875,1.125],"rotation":180,"texture":"#0"}}},{"from":[9.51,22.51,14.5],"to":[6.51,18.51,11.5],"rotation":{"angle":0,"axis":"y","origin":[10.61,27,-24]},"faces":{"north":{"uv":[16,0,15.6875,0.8125],"texture":"#0"},"east":{"uv":[15.6875,1.125,14.875,0],"rotation":270,"texture":"#0"},"west":{"uv":[14.875,1.125,15.6875,0],"rotation":90,"texture":"#0"},"up":{"uv":[16,1.125,15.6875,0],"rotation":180,"texture":"#0"},"down":{"uv":[16,1.125,15.6875,0],"rotation":180,"texture":"#0"}}},{"from":[7,20.5,8.5],"to":[9,23.5,11],"rotation":{"angle":0,"axis":"y","origin":[7,17.5,9]},"faces":{"north":{"uv":[2.8125,5.0625,2.5625,5.4375],"texture":"#0"},"east":{"uv":[3.125,5.0625,2.8125,5.4375],"texture":"#0"},"south":{"uv":[2.8125,5.0625,2.5625,5.4375],"texture":"#0"},"west":{"uv":[3.125,5.0625,2.8125,5.4375],"texture":"#0"},"up":{"uv":[2.3125,5.4375,2.5625,5.125],"texture":"#0"},"down":{"uv":[2.3125,5.4375,2.5625,5.125],"texture":"#0"}}},{"from":[6.75,6,6.75],"to":[9.25,8,9.25],"rotation":{"angle":45,"axis":"y","origin":[8,3,8]},"faces":{"north":{"uv":[2.3125,2.75,2,2.5],"texture":"#0"},"east":{"uv":[2,2.75,2.3125,2.5],"texture":"#0"},"south":{"uv":[2.3125,2.75,2,2.5],"texture":"#0"},"west":{"uv":[2,2.75,2.3125,2.5],"texture":"#0"},"up":{"uv":[2.6875,2.625,2.375,2.3125],"texture":"#0"},"down":{"uv":[2.6875,2.625,2.375,2.3125],"texture":"#0"}}},{"from":[3.5,2.5,12],"to":[3.5,21.5,28],"rotation":{"angle":-22.5,"axis":"y","origin":[3.5,11.5,20]},"faces":{"north":{"uv":[0,0,0,2.375],"texture":"#missing"},"east":{"uv":[16,13.625,14,16],"texture":"#0"},"south":{"uv":[0,0,0,2.375],"texture":"#missing"},"west":{"uv":[14,13.625,16,16],"texture":"#0"},"up":{"uv":[2,0,0,0],"rotation":90,"texture":"#missing"},"down":{"uv":[2,0,0,0],"rotation":270,"texture":"#missing"}}},{"from":[12.5,2.5,12],"to":[12.5,21.5,28],"rotation":{"angle":22.5,"axis":"y","origin":[12.5,11.5,20]},"faces":{"north":{"uv":[0,0,0,2.375],"texture":"#missing"},"east":{"uv":[16,13.625,14,16],"texture":"#0"},"south":{"uv":[0,0,0,2.375],"texture":"#missing"},"west":{"uv":[14,13.625,16,16],"texture":"#0"},"up":{"uv":[2,0,0,0],"rotation":90,"texture":"#missing"},"down":{"uv":[2,0,0,0],"rotation":270,"texture":"#missing"}}}],"gui_light":"front","display":{"thirdperson_righthand":{"translation":[0,7,1.5],"scale":[0.6,0.6,0.6]},"thirdperson_lefthand":{"translation":[0,7,1.5],"scale":[0.6,0.6,0.6]},"firstperson_righthand":{"rotation":[-10,7,2],"translation":[5,6.25,-4.25],"scale":[0.49258,0.49258,0.49258]},"firstperson_lefthand":{"rotation":[-10,7,2],"translation":[5,6.25,-4.25],"scale":[0.49258,0.49258,0.49258]},"ground":{"rotation":[0,0,90],"translation":[-3,6,0],"scale":[0.55,0.55,0.55]},"gui":{"rotation":[-90,45,90],"translation":[-1.25,1.25,0],"scale":[0.44922,0.44922,0.44922]},"head":{"scale":[0,0,0]},"fixed":{"rotation":[-90,-90,-90],"translation":[0,12,-4.25],"scale":[1.4,1.4,1.4]}},"groups":[0,1,2,3,4,5,6,7,8,9,10,11,12,13,14,15,16,{"name":"group","origin":[3,21.75,8],"color":0,"children":[17,18,19,20,21,22,23,24]},25,26,27,28,29,30,31,32,33,34,35,36,37,38,39,40,41,42,43,44,45,46,47,48,49,50,51],"mcmodels":"92e97e2faa2310f7974495521fa5af9c"}