{"credit":"Made with Blockbench","texture_size":[128,128],"textures":{"0":"elitecreatures:cat_sage_animated_weapon_set/cat_sage_texture","4":"elitecreatures:cat_sage_animated_weapon_set/cat_sage_animation03","particle":"elitecreatures:cat_sage_animated_weapon_set/cat_sage_texture"},"elements":[{"from":[7,4.82322,3.69454],"to":[9,9.82322,5.69454],"rotation":{"angle":-22.5,"axis":"x","origin":[8,3.82322,6.44454]},"faces":{"north":{"uv":[9.125,9.1875,8.5,8.9375],"rotation":90,"texture":"#0"},"east":{"uv":[8.5,8.6875,9.125,8.9375],"rotation":90,"texture":"#0"},"south":{"uv":[9.25,11.375,8.625,11.125],"rotation":90,"texture":"#0"},"west":{"uv":[9.125,8.9375,8.5,8.6875],"rotation":90,"texture":"#0"},"up":{"uv":[9.125,8.1875,8.875,7.9375],"rotation":90,"texture":"#0"},"down":{"uv":[9.125,8.1875,8.875,7.9375],"rotation":90,"texture":"#0"}}},{"from":[7,2.82322,3.69454],"to":[9,4.82322,7.69454],"rotation":{"angle":-22.5,"axis":"x","origin":[8,3.82322,6.44454]},"faces":{"north":{"uv":[9,9.4375,8.75,9.1875],"rotation":90,"texture":"#0"},"east":{"uv":[8.75,9.1875,8.5,9.6875],"rotation":90,"texture":"#0"},"south":{"uv":[9,10.1875,8.75,9.9375],"rotation":90,"texture":"#0"},"west":{"uv":[8.75,9.6875,8.5,9.1875],"rotation":90,"texture":"#0"},"up":{"uv":[9,9.9375,8.5,9.6875],"rotation":90,"texture":"#0"},"down":{"uv":[8.875,11.75,8.375,11.5],"rotation":90,"texture":"#0"}}},{"from":[6.75,-1.17678,5.69454],"to":[9.25,0.82322,11.19454],"rotation":{"angle":-22.5,"axis":"x","origin":[7.7,3.82322,6.44454]},"faces":{"north":{"uv":[9.125,8.5,8.875,8.1875],"rotation":90,"texture":"#0"},"east":{"uv":[9.375,7.9375,9.125,8.625],"rotation":90,"texture":"#0"},"south":{"uv":[9.375,8.9375,9.125,8.625],"rotation":90,"texture":"#0"},"west":{"uv":[9.375,8.625,9.125,7.9375],"rotation":90,"texture":"#0"},"up":{"uv":[9.1875,10.5,8.5,10.1875],"rotation":90,"texture":"#0"},"down":{"uv":[9.1875,10.5,8.5,10.1875],"rotation":90,"texture":"#0"}}},{"from":[6.75,0.82322,8.19454],"to":[9.25,3.82322,11.19454],"rotation":{"angle":-22.5,"axis":"x","origin":[8.2,3.82322,6.44454]},"faces":{"north":{"uv":[8.75,12.0625,8.375,11.75],"rotation":90,"texture":"#0"},"east":{"uv":[8.625,11.125,8.25,11.5],"rotation":90,"texture":"#0"},"south":{"uv":[9.1875,10.8125,8.8125,10.5],"rotation":90,"texture":"#0"},"west":{"uv":[8.625,11.5,8.25,11.125],"rotation":90,"texture":"#0"},"up":{"uv":[8.875,11.125,8.5,10.8125],"rotation":90,"texture":"#0"},"down":{"uv":[8.875,11.125,8.5,10.8125],"rotation":90,"texture":"#0"}}},{"from":[6.25,1.82322,9.69454],"to":[8.25,2.82322,11.69454],"rotation":{"angle":-22.5,"axis":"x","origin":[8.2,3.82322,6.44454]},"faces":{"north":{"uv":[9.125,9.6875,9,9.4375],"rotation":90,"texture":"#0"},"east":{"uv":[9.125,9.4375,9,9.1875],"rotation":90,"texture":"#0"},"south":{"uv":[9.125,9.6875,9,9.4375],"rotation":90,"texture":"#0"},"west":{"uv":[9.125,9.4375,9,9.1875],"rotation":90,"texture":"#0"},"up":{"uv":[8.5,11.125,8.25,10.875],"rotation":90,"texture":"#0"},"down":{"uv":[8.5,10.875,8.25,11.125],"rotation":90,"texture":"#0"}}},{"from":[6.25,2.17799,10.2],"to":[8.25,3.17799,12.2],"rotation":{"angle":0,"axis":"y","origin":[7.25,2.67799,11.21908]},"faces":{"north":{"uv":[9.125,9.6875,9,9.4375],"rotation":90,"texture":"#0"},"east":{"uv":[9.125,9.4375,9,9.1875],"rotation":90,"texture":"#0"},"south":{"uv":[9.125,9.6875,9,9.4375],"rotation":90,"texture":"#0"},"west":{"uv":[9.125,9.4375,9,9.1875],"rotation":90,"texture":"#0"},"up":{"uv":[8.5,11.125,8.25,10.875],"rotation":90,"texture":"#0"},"down":{"uv":[8.5,10.875,8.25,11.125],"rotation":90,"texture":"#0"}}},{"from":[7,0.82322,5.69454],"to":[9,2.82322,7.69454],"rotation":{"angle":-22.5,"axis":"x","origin":[8,3.82322,6.44454]},"faces":{"north":{"uv":[8.75,10.1875,8.5,9.9375],"rotation":90,"texture":"#0"},"east":{"uv":[9,9.4375,8.75,9.6875],"rotation":90,"texture":"#0"},"south":{"uv":[9.125,11.125,8.875,10.875],"rotation":90,"texture":"#0"},"west":{"uv":[9,9.6875,8.75,9.4375],"rotation":90,"texture":"#0"},"up":{"uv":[5.25,7.8125,4.8125,7.25],"rotation":180,"texture":"#0"},"down":{"uv":[5.25,7.8125,4.8125,7.25],"texture":"#0"}}},{"from":[8,4,10],"to":[8,24,18],"rotation":{"angle":0,"axis":"y","origin":[6,9,14]},"faces":{"north":{"uv":[0,0,0,8.5],"texture":"#missing"},"east":{"uv":[0,0,4,10],"texture":"#4"},"south":{"uv":[0,0,0,8.5],"texture":"#missing"},"west":{"uv":[4,0,0,10],"texture":"#4"},"up":{"uv":[0,0,0,3],"texture":"#missing"},"down":{"uv":[0,3,0,0],"texture":"#missing"}}},{"from":[-9.5,6.5,7],"to":[6.5,25.5,7],"rotation":{"angle":22.5,"axis":"y","origin":[-1.5,15.5,7]},"faces":{"north":{"uv":[14,13.625,16,16],"texture":"#0"},"east":{"uv":[0,0,0,2.375],"texture":"#missing"},"south":{"uv":[16,13.625,14,16],"texture":"#0"},"west":{"uv":[0,0,0,2.375],"texture":"#missing"},"up":{"uv":[0,0,2,0],"texture":"#missing"},"down":{"uv":[0,0,2,0],"texture":"#missing"}}},{"from":[9.5,6.5,7],"to":[25.5,25.5,7],"rotation":{"angle":-22.5,"axis":"y","origin":[17.5,15.5,7]},"faces":{"north":{"uv":[16,13.625,14,16],"texture":"#0"},"east":{"uv":[0,0,0,2.375],"texture":"#missing"},"south":{"uv":[14,13.625,16,16],"texture":"#0"},"west":{"uv":[0,0,0,2.375],"texture":"#missing"},"up":{"uv":[2,0,0,0],"texture":"#missing"},"down":{"uv":[2,0,0,0],"texture":"#missing"}}}],"gui_light":"front","display":{"thirdperson_righthand":{"rotation":[75,45,0],"translation":[0,1.25,0.25],"scale":[0.31641,0.31641,0.31641]},"thirdperson_lefthand":{"rotation":[68,0,0],"translation":[-6,-11.5,5.75],"scale":[1.2,1.2,1.2]},"firstperson_righthand":{"translation":[3.75,3.75,0],"scale":[0.42031,0.42031,0.42031]},"firstperson_lefthand":{"scale":[0,0,0]},"ground":{"translation":[0,11,0],"scale":[0.6,0.6,0.6]},"gui":{"rotation":[14,166,0],"translation":[0,-2,-1.5],"scale":[0.48438,0.48438,0.48438]},"head":{"translation":[0,-59.25,12],"scale":[1.9,1.9,1.9]},"fixed":{"rotation":[0,180,0],"translation":[0,-6,-12.75],"scale":[2.8,2.8,2.8]}},"groups":[{"name":"group","origin":[3,21.75,8],"color":0,"children":[]},0,1,2,3,4,5,6,7,8,9],"mcmodels":"92e97e2faa2310f7974495521fa5af9c"}