{"model":{"type":"range_dispatch","property":"custom_model_data","index":0,"fallback":{"on_true":{"fallback":{"model":"item/bow_pulling_0","type":"model"},"property":"use_duration","scale":0.05,"entries":[{"model":{"type":"model","model":"item/bow_pulling_1"},"threshold":0.65},{"model":{"type":"model","model":"item/bow_pulling_2"},"threshold":0.9}],"type":"range_dispatch"},"type":"condition","on_false":{"type":"model","model":"item/bow"},"property":"using_item"},"entries":[{"threshold":100013,"model":{"on_true":{"fallback":{"model":"mimix_stray:items/bow/bow_0","type":"model"},"property":"use_duration","scale":0.05,"entries":[{"threshold":0.65,"model":{"type":"model","model":"mimix_stray:items/bow/bow_1"}},{"threshold":0.9,"model":{"type":"model","model":"mimix_stray:items/bow/bow_2"}}],"type":"range_dispatch"},"type":"condition","on_false":{"type":"model","model":"mimix_stray:items/bow/bow"},"property":"using_item"}},{"threshold":100014,"model":{"on_true":{"fallback":{"model":"elitecreatures:arctic_knight_animated_weapon_set/bow_0","type":"model"},"property":"use_duration","scale":0.05,"entries":[{"threshold":0.65,"model":{"type":"model","model":"elitecreatures:arctic_knight_animated_weapon_set/bow_1"}},{"threshold":0.9,"model":{"type":"model","model":"elitecreatures:arctic_knight_animated_weapon_set/bow_2"}}],"type":"range_dispatch"},"type":"condition","on_false":{"type":"model","model":"elitecreatures:arctic_knight_animated_weapon_set/bow"},"property":"using_item"}},{"threshold":100016,"model":{"on_true":{"fallback":{"model":"elitecreatures:cat_sage_animated_weapon_set/bow_0","type":"model"},"property":"use_duration","scale":0.05,"entries":[{"threshold":0.65,"model":{"type":"model","model":"elitecreatures:cat_sage_animated_weapon_set/bow_1"}},{"threshold":0.9,"model":{"type":"model","model":"elitecreatures:cat_sage_animated_weapon_set/bow_2"}}],"type":"range_dispatch"},"type":"condition","on_false":{"type":"model","model":"elitecreatures:cat_sage_animated_weapon_set/bow"},"property":"using_item"}},{"threshold":100017,"model":{"on_true":{"fallback":{"model":"item/bow","type":"model"},"property":"use_duration","scale":0.05,"entries":[],"type":"range_dispatch"},"type":"condition","on_false":{"type":"model","model":"item/bow"},"property":"using_item"}}]}}