{"model":{"type":"range_dispatch","property":"custom_model_data","index":0,"fallback":{"type":"model","model":"item/brick"},"entries":[{"threshold":130000,"model":{"type":"model","model":"spectra_mcmmo:ia_auto_gen/skill_empty_slot"}},{"threshold":130001,"model":{"type":"model","model":"spectra_mcmmo:ia_auto_gen/mcmmo_icon_ability"}},{"threshold":130002,"model":{"type":"model","model":"spectra_mcmmo:ia_auto_gen/mcmmo_unarmed"}},{"threshold":130003,"model":{"type":"model","model":"spectra_mcmmo:ia_auto_gen/mcmmo_archery"}},{"threshold":130004,"model":{"type":"model","model":"spectra_mcmmo:ia_auto_gen/mcmmo_axes"}},{"threshold":130005,"model":{"type":"model","model":"spectra_mcmmo:ia_auto_gen/mcmmo_taming"}},{"threshold":130006,"model":{"type":"model","model":"spectra_mcmmo:ia_auto_gen/mcmmo_trident"}},{"threshold":130007,"model":{"type":"model","model":"spectra_mcmmo:ia_auto_gen/mcmmo_woodcutting"}},{"threshold":130008,"model":{"type":"model","model":"spectra_mcmmo:ia_auto_gen/mcmmo_herbalism"}},{"threshold":130009,"model":{"type":"model","model":"spectra_mcmmo:ia_auto_gen/mcmmo_fishing"}},{"threshold":130010,"model":{"type":"model","model":"spectra_mcmmo:ia_auto_gen/mcmmo_mining"}},{"threshold":130011,"model":{"type":"model","model":"spectra_mcmmo:ia_auto_gen/mcmmo_alchemy"}},{"threshold":130012,"model":{"type":"model","model":"spectra_mcmmo:ia_auto_gen/mcmmo_repair"}},{"threshold":130013,"model":{"type":"model","model":"spectra_mcmmo:ia_auto_gen/mcmmo_excavation"}},{"threshold":130014,"model":{"type":"model","model":"spectra_mcmmo:ia_auto_gen/mcmmo_swords"}},{"threshold":130015,"model":{"type":"model","model":"spectra_mcmmo:ia_auto_gen/mcmmo_acrobatics"}},{"threshold":130016,"model":{"type":"model","model":"spectra_mcmmo:ia_auto_gen/mcmmo_crossbow"}},{"threshold":130017,"model":{"type":"model","model":"spectra_mcmmo:ia_auto_gen/mcmmo_boost"}},{"threshold":140000,"model":{"type":"model","model":"lipophone:ia_auto_gen/apple_iphone_12"}},{"threshold":140001,"model":{"type":"model","model":"lipophone:ia_auto_gen/huawei_mate_40_pro"}},{"threshold":140002,"model":{"type":"model","model":"lipophone:ia_auto_gen/lg_v60_thinq_5g"}},{"threshold":140003,"model":{"type":"model","model":"lipophone:ia_auto_gen/nokia_3310"}},{"threshold":140004,"model":{"type":"model","model":"lipophone:ia_auto_gen/oneplus_8"}},{"threshold":140005,"model":{"type":"model","model":"lipophone:ia_auto_gen/poco_f2_pro"}},{"threshold":140006,"model":{"type":"model","model":"lipophone:ia_auto_gen/realme_x50_pro"}},{"threshold":140007,"model":{"type":"model","model":"lipophone:ia_auto_gen/samsung_galaxy_s20"}},{"threshold":140008,"model":{"type":"model","model":"lipophone:ia_auto_gen/xiaomi_mi_10"}},{"threshold":896000,"model":{"type":"model","model":"spectra_crate_lite_vol_1:ia_auto_gen/crate_empty_slot"}},{"threshold":896001,"model":{"type":"model","model":"item/brick"}}]}}