{"model":{"type":"range_dispatch","property":"custom_model_data","index":0,"fallback":{"on_false":{"property":"charge_type","type":"select","cases":[{"model":{"type":"model","model":"item/crossbow_arrow"},"when":"arrow"},{"model":{"type":"model","model":"item/crossbow_firework"},"when":"rocket"}],"fallback":{"type":"model","model":"item/crossbow"}},"on_true":{"type":"range_dispatch","property":"crossbow/pull","fallback":{"model":"item/crossbow_pulling_0","type":"model"},"entries":[{"model":{"type":"model","model":"item/crossbow_pulling_1"},"threshold":0.58},{"model":{"type":"model","model":"item/crossbow_pulling_2"},"threshold":1}]},"property":"using_item","type":"condition"},"entries":[{"threshold":100014,"model":{"on_false":{"property":"charge_type","type":"select","cases":[{"model":{"type":"model","model":"mimix_stray:items/crossbow/crossbow_charged"},"when":"arrow"},{"model":{"type":"model","model":"mimix_stray:items/crossbow/crossbow_firework"},"when":"rocket"}],"fallback":{"type":"model","model":"mimix_stray:items/crossbow/crossbow"},"model":"mimix_stray:items/crossbow/crossbow"},"on_true":{"type":"range_dispatch","property":"crossbow/pull","fallback":{"model":"mimix_stray:items/crossbow/crossbow","type":"model"},"entries":[{"threshold":0.58,"model":{"type":"model","model":"mimix_stray:items/crossbow/crossbow_1"}},{"threshold":1.0,"model":{"type":"model","model":"mimix_stray:items/crossbow/crossbow_2"}}]},"property":"using_item","type":"condition"}},{"threshold":100015,"model":{"on_false":{"property":"charge_type","type":"select","cases":[{"model":{"type":"model","model":"elitecreatures:arctic_knight_animated_weapon_set/crossbow_charged"},"when":"arrow"},{"model":{"type":"model","model":"elitecreatures:arctic_knight_animated_weapon_set/crossbow_firework"},"when":"rocket"}],"fallback":{"type":"model","model":"elitecreatures:arctic_knight_animated_weapon_set/crossbow"},"model":"elitecreatures:arctic_knight_animated_weapon_set/crossbow"},"on_true":{"type":"range_dispatch","property":"crossbow/pull","fallback":{"model":"elitecreatures:arctic_knight_animated_weapon_set/crossbow","type":"model"},"entries":[{"threshold":0.58,"model":{"type":"model","model":"elitecreatures:arctic_knight_animated_weapon_set/crossbow_1"}},{"threshold":1.0,"model":{"type":"model","model":"elitecreatures:arctic_knight_animated_weapon_set/crossbow_2"}}]},"property":"using_item","type":"condition"}},{"threshold":100017,"model":{"on_false":{"property":"charge_type","type":"select","cases":[{"model":{"type":"model","model":"elitecreatures:cat_sage_animated_weapon_set/crossbow_charged"},"when":"arrow"},{"model":{"type":"model","model":"elitecreatures:cat_sage_animated_weapon_set/crossbow_firework"},"when":"rocket"}],"fallback":{"type":"model","model":"elitecreatures:cat_sage_animated_weapon_set/crossbow"},"model":"elitecreatures:cat_sage_animated_weapon_set/crossbow"},"on_true":{"type":"range_dispatch","property":"crossbow/pull","fallback":{"model":"elitecreatures:cat_sage_animated_weapon_set/crossbow","type":"model"},"entries":[{"threshold":0.58,"model":{"type":"model","model":"elitecreatures:cat_sage_animated_weapon_set/crossbow_1"}},{"threshold":1.0,"model":{"type":"model","model":"elitecreatures:cat_sage_animated_weapon_set/crossbow_2"}}]},"property":"using_item","type":"condition"}},{"threshold":100018,"model":{"on_false":{"property":"charge_type","type":"select","cases":[{"model":{"type":"model","model":"item/crossbow_arrow"},"when":"arrow"},{"model":{"type":"model","model":"item/crossbow_firework"},"when":"rocket"}],"fallback":{"type":"model","model":"item/crossbow"},"model":"item/crossbow"},"on_true":{"type":"range_dispatch","property":"crossbow/pull","fallback":{"model":"item/crossbow","type":"model"},"entries":[]},"property":"using_item","type":"condition"}}]}}