{"model":{"type":"range_dispatch","property":"custom_model_data","index":0,"fallback":{"on_true":{"model":"item/fishing_rod_cast","type":"model"},"type":"condition","property":"fishing_rod/cast","on_false":{"model":"item/fishing_rod","type":"model"}},"entries":[{"threshold":100012,"model":{"on_true":{"model":"mimix_stray:tools/fishing_rod_cast","type":"model"},"type":"minecraft:condition","property":"fishing_rod/cast","on_false":{"model":"mimix_stray:tools/fishing_rod","type":"model"},"model":"mimix_stray:tools/fishing_rod"}},{"threshold":100013,"model":{"on_true":{"model":"elitecreatures:arctic_knight_animated_weapon_set/fishing_rod_cast","type":"model"},"type":"minecraft:condition","property":"fishing_rod/cast","on_false":{"model":"elitecreatures:arctic_knight_animated_weapon_set/fishing_rod","type":"model"},"model":"elitecreatures:arctic_knight_animated_weapon_set/fishing_rod"}},{"threshold":100015,"model":{"on_true":{"model":"elitecreatures:cat_sage_animated_weapon_set/fishing_rod_cast","type":"model"},"type":"minecraft:condition","property":"fishing_rod/cast","on_false":{"model":"elitecreatures:cat_sage_animated_weapon_set/fishing_rod","type":"model"},"model":"elitecreatures:cat_sage_animated_weapon_set/fishing_rod"}},{"threshold":100016,"model":{"on_true":{"model":"item/fishing_rod_cast","type":"model"},"type":"model","property":"fishing_rod/cast","on_false":{"model":"item/fishing_rod","type":"model"},"model":"item/fishing_rod"}}]}}