{"model":{"type":"range_dispatch","property":"custom_model_data","index":0,"fallback":{"type":"model","model":"item/netherite_pickaxe"},"entries":[{"threshold":100009,"model":{"type":"model","model":"mimix_stray:tools/stray_pickaxe"}},{"threshold":150012,"model":{"type":"model","model":"elitecreatures:arctic_knight_animated_weapon_set/hammer"}},{"threshold":150017,"model":{"type":"model","model":"elitecreatures:arctic_knight_animated_weapon_set/pickaxe"}},{"threshold":170017,"model":{"type":"model","model":"elitecreatures:cat_sage_animated_weapon_set/pickaxe"}},{"threshold":170018,"model":{"type":"model","model":"item/netherite_pickaxe"}}]}}