{"model":{"type":"range_dispatch","property":"custom_model_data","index":0,"fallback":{"type":"model","model":"item/netherite_sword"},"entries":[{"threshold":100004,"model":{"type":"model","model":"mimix_stray:items/stray_sword"}},{"threshold":100005,"model":{"type":"model","model":"mimix_stray:items/stray_wand"}},{"threshold":100006,"model":{"type":"model","model":"mimix_stray:items/stray_spear"}},{"threshold":100007,"model":{"type":"model","model":"mimix_stray:items/stray_scythe"}},{"threshold":150009,"model":{"type":"model","model":"elitecreatures:arctic_knight_animated_weapon_set/dagger"}},{"threshold":150011,"model":{"type":"model","model":"elitecreatures:arctic_knight_animated_weapon_set/greatsword"}},{"threshold":150020,"model":{"type":"model","model":"elitecreatures:arctic_knight_animated_weapon_set/spear"}},{"threshold":150021,"model":{"type":"model","model":"elitecreatures:arctic_knight_animated_weapon_set/staff"}},{"threshold":150022,"model":{"type":"model","model":"elitecreatures:arctic_knight_animated_weapon_set/sword"}},{"threshold":170009,"model":{"type":"model","model":"elitecreatures:cat_sage_animated_weapon_set/dagger"}},{"threshold":170011,"model":{"type":"model","model":"elitecreatures:cat_sage_animated_weapon_set/greatsword"}},{"threshold":170020,"model":{"type":"model","model":"elitecreatures:cat_sage_animated_weapon_set/spear"}},{"threshold":170021,"model":{"type":"model","model":"elitecreatures:cat_sage_animated_weapon_set/staff"}},{"threshold":170022,"model":{"type":"model","model":"elitecreatures:cat_sage_animated_weapon_set/sword"}},{"threshold":170023,"model":{"type":"model","model":"item/netherite_sword"}}]}}