{"model":{"type":"range_dispatch","property":"custom_model_data","index":0,"fallback":{"type":"model","model":"item/netherite_shovel"},"entries":[{"threshold":100010,"model":{"type":"model","model":"mimix_stray:tools/stray_shovel"}},{"threshold":150019,"model":{"type":"model","model":"elitecreatures:arctic_knight_animated_weapon_set/shovel"}},{"threshold":170019,"model":{"type":"model","model":"elitecreatures:cat_sage_animated_weapon_set/shovel"}},{"threshold":170020,"model":{"type":"model","model":"item/netherite_shovel"}}]}}