{"model":{"type":"range_dispatch","property":"custom_model_data","index":0,"fallback":{"type":"model","model":"item/netherite_axe"},"entries":[{"threshold":100008,"model":{"type":"model","model":"mimix_stray:tools/stray_axe"}},{"threshold":150004,"model":{"type":"model","model":"elitecreatures:arctic_knight_animated_weapon_set/axe"}},{"threshold":150016,"model":{"type":"model","model":"elitecreatures:arctic_knight_animated_weapon_set/mace"}},{"threshold":170004,"model":{"type":"model","model":"elitecreatures:cat_sage_animated_weapon_set/axe"}},{"threshold":170012,"model":{"type":"model","model":"elitecreatures:cat_sage_animated_weapon_set/hammer"}},{"threshold":170016,"model":{"type":"model","model":"elitecreatures:cat_sage_animated_weapon_set/mace"}},{"threshold":170017,"model":{"type":"model","model":"item/netherite_axe"}}]}}