{"model":{"type":"range_dispatch","property":"custom_model_data","index":0,"fallback":{"type":"model","model":"item/paper"},"entries":[{"threshold":4301,"model":{"type":"model","model":"mimix_stray:cosmetics/stray_hat"}},{"threshold":4303,"model":{"type":"model","model":"mimix_stray:cosmetics/stray_wings_self"}},{"threshold":4304,"model":{"type":"model","model":"mimix_stray:cosmetics/stray_wings_wardrobe"}},{"threshold":60000,"model":{"type":"model","model":"_iainternal:ia_auto_gen/icon_left_blue"}},{"threshold":60001,"model":{"type":"model","model":"_iainternal:ia_auto_gen/icon_right_blue"}},{"threshold":60002,"model":{"type":"model","model":"_iainternal:ia_auto_gen/icon_search"}},{"threshold":60003,"model":{"type":"model","model":"_iainternal:ia_auto_gen/icon_cancel"}},{"threshold":60004,"model":{"type":"model","model":"_iainternal:ia_auto_gen/icon_arrow_chest"}},{"threshold":60005,"model":{"type":"model","model":"_iainternal:ia_auto_gen/icon_back_orange"}},{"threshold":60006,"model":{"type":"model","model":"_iainternal:ia_auto_gen/icon_next_orange"}},{"threshold":60007,"model":{"type":"model","model":"elitecreatures:arctic_knight_animated_weapon_set/backpack"}},{"threshold":60008,"model":{"type":"model","model":"elitecreatures:arctic_knight_animated_weapon_set/chest"}},{"threshold":60009,"model":{"type":"model","model":"elitecreatures:arctic_knight_animated_weapon_set/hat"}},{"threshold":60010,"model":{"type":"model","model":"elitecreatures:arctic_knight_animated_weapon_set/key"}},{"threshold":60011,"model":{"type":"model","model":"elitecreatures:arctic_knight_animated_weapon_set/wing"}},{"threshold":60017,"model":{"type":"model","model":"elitecreatures:cat_sage_animated_weapon_set/backpack"}},{"threshold":60018,"model":{"type":"model","model":"elitecreatures:cat_sage_animated_weapon_set/chest"}},{"threshold":60019,"model":{"type":"model","model":"elitecreatures:cat_sage_animated_weapon_set/hat"}},{"threshold":60020,"model":{"type":"model","model":"elitecreatures:cat_sage_animated_weapon_set/key"}},{"threshold":60021,"model":{"type":"model","model":"elitecreatures:cat_sage_animated_weapon_set/wing"}},{"threshold":100016,"model":{"type":"model","model":"mimix_stray:cosmetics/stray_hat"}},{"threshold":100017,"model":{"type":"model","model":"mimix_stray:cosmetics/stray_wings"}},{"threshold":110000,"model":{"type":"model","model":"elitecreatures:elite_crates/icechest"}},{"threshold":110001,"model":{"type":"model","model":"elitecreatures:elite_crates/icekey"}},{"threshold":110002,"model":{"type":"model","model":"elitecreatures:elite_crates/naturechest"}},{"threshold":110003,"model":{"type":"model","model":"elitecreatures:elite_crates/lovechest"}},{"threshold":110004,"model":{"type":"model","model":"elitecreatures:elite_crates/windchest"}},{"threshold":110005,"model":{"type":"model","model":"elitecreatures:elite_crates/lavachest"}},{"threshold":110006,"model":{"type":"model","model":"elitecreatures:elite_crates/lavakey"}},{"threshold":110007,"model":{"type":"model","model":"elitecreatures:elite_crates/naturekey"}},{"threshold":110008,"model":{"type":"model","model":"elitecreatures:elite_crates/valentinekey"}},{"threshold":110009,"model":{"type":"model","model":"elitecreatures:elite_crates/windkey"}},{"threshold":110010,"model":{"type":"model","model":"item/paper"}}]}}