{"model":{"type":"range_dispatch","property":"custom_model_data","index":0,"fallback":{"base":"item/template_skull","model":{"type":"head","kind":"player"},"type":"special"},"entries":[{"threshold":130018,"model":{"type":"special","base":"spectra_mcmmo:skills_head","model":{"type":"head","kind":"player"}}},{"threshold":130019,"model":{"type":"special","base":"spectra_mcmmo:skills_head_2","model":{"type":"head","kind":"player"}}},{"threshold":130020,"model":{"type":"special","base":"spectra_mcmmo:skills_head_small","model":{"type":"head","kind":"player"}}},{"threshold":130021,"model":{"type":"special","base":"_iainternal:entity/player/phead_0","model":{"type":"head","kind":"player"}}},{"threshold":130022,"model":{"type":"special","base":"_iainternal:entity/player/parm_left_3","model":{"type":"head","kind":"player"}}},{"threshold":130023,"model":{"type":"special","base":"_iainternal:entity/player/pbody_2","model":{"type":"head","kind":"player"}}},{"threshold":130024,"model":{"type":"special","base":"_iainternal:entity/player/pleg_left_1","model":{"type":"head","kind":"player"}}},{"threshold":130025,"model":{"type":"special","base":"_iainternal:entity/player/pleg_right_5","model":{"type":"head","kind":"player"}}},{"threshold":130026,"model":{"type":"special","base":"_iainternal:entity/player/parm_right_4","model":{"type":"head","kind":"player"}}},{"threshold":130027,"model":{"type":"special","base":"item/player_head","model":{"type":"head","kind":"player"}}}]}}