{"model":{"type":"range_dispatch","property":"custom_model_data","index":0,"fallback":{"property":"using_item","on_true":{"base":"item/shield_blocking","type":"special","model":{"type":"shield"}},"type":"condition","on_false":{"model":{"type":"shield"},"base":"item/shield","type":"special"}},"entries":[{"threshold":100015,"model":{"property":"using_item","on_true":{"base":"item/shield_blocking","type":"model","model":"mimix_stray:items/shield_blocking"},"type":"condition","on_false":{"model":"mimix_stray:items/shield","base":"item/shield","type":"model"}}},{"threshold":100016,"model":{"property":"using_item","on_true":{"base":"item/shield_blocking","type":"model","model":"elitecreatures:arctic_knight_animated_weapon_set/shield_blocking"},"type":"condition","on_false":{"model":"elitecreatures:arctic_knight_animated_weapon_set/shield","base":"item/shield","type":"model"}}},{"threshold":100018,"model":{"property":"using_item","on_true":{"base":"item/shield_blocking","type":"model","model":"elitecreatures:cat_sage_animated_weapon_set/shield_blocking"},"type":"condition","on_false":{"model":"elitecreatures:cat_sage_animated_weapon_set/shield","base":"item/shield","type":"model"}}},{"threshold":100019,"model":{"property":"using_item","on_true":{"base":"item/shield_blocking","type":"special","model":{"type":"shield"}},"type":"condition","on_false":{"model":"item/shield","base":"item/shield","type":"model"}}}]}}