{"parent":"minecraft:item/generated","textures":{"layer0":"minecraft:item/brick"},"overrides":[{"predicate":{"custom_model_data":130000},"model":"spectra_mcmmo:ia_auto_gen/skill_empty_slot"},{"predicate":{"custom_model_data":130001},"model":"spectra_mcmmo:ia_auto_gen/mcmmo_icon_ability"},{"predicate":{"custom_model_data":130002},"model":"spectra_mcmmo:ia_auto_gen/mcmmo_unarmed"},{"predicate":{"custom_model_data":130003},"model":"spectra_mcmmo:ia_auto_gen/mcmmo_archery"},{"predicate":{"custom_model_data":130004},"model":"spectra_mcmmo:ia_auto_gen/mcmmo_axes"},{"predicate":{"custom_model_data":130005},"model":"spectra_mcmmo:ia_auto_gen/mcmmo_taming"},{"predicate":{"custom_model_data":130006},"model":"spectra_mcmmo:ia_auto_gen/mcmmo_trident"},{"predicate":{"custom_model_data":130007},"model":"spectra_mcmmo:ia_auto_gen/mcmmo_woodcutting"},{"predicate":{"custom_model_data":130008},"model":"spectra_mcmmo:ia_auto_gen/mcmmo_herbalism"},{"predicate":{"custom_model_data":130009},"model":"spectra_mcmmo:ia_auto_gen/mcmmo_fishing"},{"predicate":{"custom_model_data":130010},"model":"spectra_mcmmo:ia_auto_gen/mcmmo_mining"},{"predicate":{"custom_model_data":130011},"model":"spectra_mcmmo:ia_auto_gen/mcmmo_alchemy"},{"predicate":{"custom_model_data":130012},"model":"spectra_mcmmo:ia_auto_gen/mcmmo_repair"},{"predicate":{"custom_model_data":130013},"model":"spectra_mcmmo:ia_auto_gen/mcmmo_excavation"},{"predicate":{"custom_model_data":130014},"model":"spectra_mcmmo:ia_auto_gen/mcmmo_swords"},{"predicate":{"custom_model_data":130015},"model":"spectra_mcmmo:ia_auto_gen/mcmmo_acrobatics"},{"predicate":{"custom_model_data":130016},"model":"spectra_mcmmo:ia_auto_gen/mcmmo_crossbow"},{"predicate":{"custom_model_data":130017},"model":"spectra_mcmmo:ia_auto_gen/mcmmo_boost"},{"predicate":{"custom_model_data":140000},"model":"lipophone:ia_auto_gen/apple_iphone_12"},{"predicate":{"custom_model_data":140001},"model":"lipophone:ia_auto_gen/huawei_mate_40_pro"},{"predicate":{"custom_model_data":140002},"model":"lipophone:ia_auto_gen/lg_v60_thinq_5g"},{"predicate":{"custom_model_data":140003},"model":"lipophone:ia_auto_gen/nokia_3310"},{"predicate":{"custom_model_data":140004},"model":"lipophone:ia_auto_gen/oneplus_8"},{"predicate":{"custom_model_data":140005},"model":"lipophone:ia_auto_gen/poco_f2_pro"},{"predicate":{"custom_model_data":140006},"model":"lipophone:ia_auto_gen/realme_x50_pro"},{"predicate":{"custom_model_data":140007},"model":"lipophone:ia_auto_gen/samsung_galaxy_s20"},{"predicate":{"custom_model_data":140008},"model":"lipophone:ia_auto_gen/xiaomi_mi_10"},{"predicate":{"custom_model_data":896000},"model":"spectra_crate_lite_vol_1:ia_auto_gen/crate_empty_slot"},{"predicate":{"custom_model_data":896001},"model":"item/brick"}]}