{"parent":"item/handheld_rod","textures":{"layer0":"item/fishing_rod"},"overrides":[{"predicate":{"cast":1},"model":"item/fishing_rod_cast"},{"predicate":{"custom_model_data":100012},"model":"mimix_stray:tools/fishing_rod"},{"predicate":{"cast":1,"custom_model_data":100012},"model":"mimix_stray:tools/fishing_rod_cast"},{"predicate":{"custom_model_data":100013},"model":"elitecreatures:arctic_knight_animated_weapon_set/fishing_rod"},{"predicate":{"cast":1,"custom_model_data":100013},"model":"elitecreatures:arctic_knight_animated_weapon_set/fishing_rod_cast"},{"predicate":{"custom_model_data":100015},"model":"elitecreatures:cat_sage_animated_weapon_set/fishing_rod"},{"predicate":{"cast":1,"custom_model_data":100015},"model":"elitecreatures:cat_sage_animated_weapon_set/fishing_rod_cast"},{"predicate":{"custom_model_data":100016},"model":"item/fishing_rod"}]}