{"parent":"minecraft:item/handheld","textures":{"layer0":"minecraft:item/netherite_axe"},"overrides":[{"predicate":{"custom_model_data":100008},"model":"mimix_stray:tools/stray_axe"},{"predicate":{"custom_model_data":150004},"model":"elitecreatures:arctic_knight_animated_weapon_set/axe"},{"predicate":{"custom_model_data":150016},"model":"elitecreatures:arctic_knight_animated_weapon_set/mace"},{"predicate":{"custom_model_data":170004},"model":"elitecreatures:cat_sage_animated_weapon_set/axe"},{"predicate":{"custom_model_data":170012},"model":"elitecreatures:cat_sage_animated_weapon_set/hammer"},{"predicate":{"custom_model_data":170016},"model":"elitecreatures:cat_sage_animated_weapon_set/mace"},{"predicate":{"custom_model_data":170017},"model":"item/netherite_axe"}]}