{"parent":"minecraft:item/handheld","textures":{"layer0":"minecraft:item/netherite_sword"},"overrides":[{"predicate":{"custom_model_data":100004},"model":"mimix_stray:items/stray_sword"},{"predicate":{"custom_model_data":100005},"model":"mimix_stray:items/stray_wand"},{"predicate":{"custom_model_data":100006},"model":"mimix_stray:items/stray_spear"},{"predicate":{"custom_model_data":100007},"model":"mimix_stray:items/stray_scythe"},{"predicate":{"custom_model_data":150009},"model":"elitecreatures:arctic_knight_animated_weapon_set/dagger"},{"predicate":{"custom_model_data":150011},"model":"elitecreatures:arctic_knight_animated_weapon_set/greatsword"},{"predicate":{"custom_model_data":150020},"model":"elitecreatures:arctic_knight_animated_weapon_set/spear"},{"predicate":{"custom_model_data":150021},"model":"elitecreatures:arctic_knight_animated_weapon_set/staff"},{"predicate":{"custom_model_data":150022},"model":"elitecreatures:arctic_knight_animated_weapon_set/sword"},{"predicate":{"custom_model_data":170009},"model":"elitecreatures:cat_sage_animated_weapon_set/dagger"},{"predicate":{"custom_model_data":170011},"model":"elitecreatures:cat_sage_animated_weapon_set/greatsword"},{"predicate":{"custom_model_data":170020},"model":"elitecreatures:cat_sage_animated_weapon_set/spear"},{"predicate":{"custom_model_data":170021},"model":"elitecreatures:cat_sage_animated_weapon_set/staff"},{"predicate":{"custom_model_data":170022},"model":"elitecreatures:cat_sage_animated_weapon_set/sword"},{"predicate":{"custom_model_data":170023},"model":"item/netherite_sword"}]}