{"parent":"minecraft:item/handheld","textures":{"layer0":"minecraft:item/netherite_pickaxe"},"overrides":[{"predicate":{"custom_model_data":100009},"model":"mimix_stray:tools/stray_pickaxe"},{"predicate":{"custom_model_data":150012},"model":"elitecreatures:arctic_knight_animated_weapon_set/hammer"},{"predicate":{"custom_model_data":150017},"model":"elitecreatures:arctic_knight_animated_weapon_set/pickaxe"},{"predicate":{"custom_model_data":170017},"model":"elitecreatures:cat_sage_animated_weapon_set/pickaxe"},{"predicate":{"custom_model_data":170018},"model":"item/netherite_pickaxe"}]}