{"parent":"item/generated","textures":{"layer0":"item/paper"},"overrides":[{"predicate":{"custom_model_data":4301},"model":"mimix_stray:cosmetics/stray_hat"},{"predicate":{"custom_model_data":4303},"model":"mimix_stray:cosmetics/stray_wings_self"},{"predicate":{"custom_model_data":4304},"model":"mimix_stray:cosmetics/stray_wings_wardrobe"},{"predicate":{"custom_model_data":60000},"model":"_iainternal:ia_auto_gen/icon_left_blue"},{"predicate":{"custom_model_data":60001},"model":"_iainternal:ia_auto_gen/icon_right_blue"},{"predicate":{"custom_model_data":60002},"model":"_iainternal:ia_auto_gen/icon_search"},{"predicate":{"custom_model_data":60003},"model":"_iainternal:ia_auto_gen/icon_cancel"},{"predicate":{"custom_model_data":60004},"model":"_iainternal:ia_auto_gen/icon_arrow_chest"},{"predicate":{"custom_model_data":60005},"model":"_iainternal:ia_auto_gen/icon_back_orange"},{"predicate":{"custom_model_data":60006},"model":"_iainternal:ia_auto_gen/icon_next_orange"},{"predicate":{"custom_model_data":60007},"model":"elitecreatures:arctic_knight_animated_weapon_set/backpack"},{"predicate":{"custom_model_data":60008},"model":"elitecreatures:arctic_knight_animated_weapon_set/chest"},{"predicate":{"custom_model_data":60009},"model":"elitecreatures:arctic_knight_animated_weapon_set/hat"},{"predicate":{"custom_model_data":60010},"model":"elitecreatures:arctic_knight_animated_weapon_set/key"},{"predicate":{"custom_model_data":60011},"model":"elitecreatures:arctic_knight_animated_weapon_set/wing"},{"predicate":{"custom_model_data":60017},"model":"elitecreatures:cat_sage_animated_weapon_set/backpack"},{"predicate":{"custom_model_data":60018},"model":"elitecreatures:cat_sage_animated_weapon_set/chest"},{"predicate":{"custom_model_data":60019},"model":"elitecreatures:cat_sage_animated_weapon_set/hat"},{"predicate":{"custom_model_data":60020},"model":"elitecreatures:cat_sage_animated_weapon_set/key"},{"predicate":{"custom_model_data":60021},"model":"elitecreatures:cat_sage_animated_weapon_set/wing"},{"predicate":{"custom_model_data":100016},"model":"mimix_stray:cosmetics/stray_hat"},{"predicate":{"custom_model_data":100017},"model":"mimix_stray:cosmetics/stray_wings"},{"predicate":{"custom_model_data":110000},"model":"elitecreatures:elite_crates/icechest"},{"predicate":{"custom_model_data":110001},"model":"elitecreatures:elite_crates/icekey"},{"predicate":{"custom_model_data":110002},"model":"elitecreatures:elite_crates/naturechest"},{"predicate":{"custom_model_data":110003},"model":"elitecreatures:elite_crates/lovechest"},{"predicate":{"custom_model_data":110004},"model":"elitecreatures:elite_crates/windchest"},{"predicate":{"custom_model_data":110005},"model":"elitecreatures:elite_crates/lavachest"},{"predicate":{"custom_model_data":110006},"model":"elitecreatures:elite_crates/lavakey"},{"predicate":{"custom_model_data":110007},"model":"elitecreatures:elite_crates/naturekey"},{"predicate":{"custom_model_data":110008},"model":"elitecreatures:elite_crates/valentinekey"},{"predicate":{"custom_model_data":110009},"model":"elitecreatures:elite_crates/windkey"},{"predicate":{"custom_model_data":110010},"model":"item/paper"}]}