{"parent":"minecraft:item/template_skull","overrides":[{"predicate":{"custom_model_data":130018},"model":"spectra_mcmmo:skills_head"},{"predicate":{"custom_model_data":130019},"model":"spectra_mcmmo:skills_head_2"},{"predicate":{"custom_model_data":130020},"model":"spectra_mcmmo:skills_head_small"},{"predicate":{"custom_model_data":130021},"model":"_iainternal:entity/player/phead_0"},{"predicate":{"custom_model_data":130022},"model":"_iainternal:entity/player/parm_left_3"},{"predicate":{"custom_model_data":130023},"model":"_iainternal:entity/player/pbody_2"},{"predicate":{"custom_model_data":130024},"model":"_iainternal:entity/player/pleg_left_1"},{"predicate":{"custom_model_data":130025},"model":"_iainternal:entity/player/pleg_right_5"},{"predicate":{"custom_model_data":130026},"model":"_iainternal:entity/player/parm_right_4"},{"predicate":{"custom_model_data":130027},"model":"item/player_head"}]}