{
	"credit": "Made with Blockbench",
	"textures": {
		"0": "mimix_stray:items/stray_crossbow/crossbow_charge/crossbow_1",
		"1": "mimix_stray:items/stray_crossbow/crossbow_charge/crossbow_2",
		"particle": "mimix_stray:items/stray_crossbow/crossbow_charge/crossbow_1"
	},
	"elements": [
		{
			"from": [7.5, 0.75, 11.25],
			"to": [8.5, 2.75, 12.25],
			"rotation": {"angle": -22.5, "axis": "x", "origin": [8, 1.5, 12.5]},
			"faces": {
				"north": {"uv": [6, 8.5, 7, 10.5], "texture": "#0"},
				"east": {"uv": [5.5, 8.5, 4.5, 10.5], "texture": "#0"},
				"south": {"uv": [4.5, 6, 5.5, 8], "texture": "#0"},
				"west": {"uv": [4.5, 8.5, 5.5, 10.5], "texture": "#0"},
				"up": {"uv": [3, 9.5, 2, 8.5], "texture": "#0"},
				"down": {"uv": [4, 8.5, 3, 9.5], "texture": "#0"}
			}
		},
		{
			"from": [7.525, 1.75, 5.75],
			"to": [8.475, 3.25, 11.75],
			"rotation": {"angle": 0, "axis": "y", "origin": [0, 0, -1]},
			"faces": {
				"north": {"uv": [8, 6, 9, 7.5], "texture": "#0"},
				"east": {"uv": [10, 0, 4, 1.5], "texture": "#0"},
				"south": {"uv": [8, 8, 9, 9.5], "texture": "#0"},
				"west": {"uv": [4, 0, 10, 1.5], "texture": "#0"},
				"up": {"uv": [16, 12, 15, 6], "texture": "#0"},
				"down": {"uv": [16, 0, 15, 6], "texture": "#0"}
			}
		},
		{
			"from": [7.225, 2.65, 5],
			"to": [8.725, 4.15, 6.5],
			"rotation": {"angle": -45, "axis": "z", "origin": [8, 3.4, 5.625]},
			"faces": {
				"north": {"uv": [0, 7, 1.5, 8.5], "texture": "#0"},
				"east": {"uv": [7.5, 6, 6, 7.5], "texture": "#0"},
				"south": {"uv": [1.5, 7, 0, 8.5], "texture": "#0"},
				"west": {"uv": [9, 5, 10.5, 6.5], "texture": "#0"},
				"up": {"uv": [10.5, 5, 9, 6.5], "rotation": 270, "texture": "#0"},
				"down": {"uv": [7.5, 6, 6, 7.5], "texture": "#0"}
			}
		},
		{
			"from": [7.25, 2, 5.5],
			"to": [8.75, 3, 12],
			"rotation": {"angle": 0, "axis": "y", "origin": [0, 0, -1]},
			"faces": {
				"north": {"uv": [7.5, 9.5, 9, 10.5], "texture": "#0"},
				"east": {"uv": [11, 4, 4.5, 5], "texture": "#0"},
				"south": {"uv": [9, 9.5, 7.5, 10.5], "texture": "#0"},
				"west": {"uv": [4.5, 4, 11, 5], "texture": "#0"},
				"up": {"uv": [1.5, 6.5, 0, 0], "texture": "#0"},
				"down": {"uv": [3.5, 0, 2, 6.5], "texture": "#0"}
			}
		},
		{
			"from": [7.75, 1.25, 10.5],
			"to": [8.25, 2.25, 11],
			"rotation": {"angle": 45, "axis": "x", "origin": [8, 1.5, 10.5]},
			"faces": {
				"north": {"uv": [13, 0, 13.5, 1], "texture": "#0"},
				"east": {"uv": [2, 10, 2.5, 11], "texture": "#0"},
				"south": {"uv": [13, 0, 13.5, 1], "texture": "#0"},
				"west": {"uv": [2, 10, 2.5, 11], "texture": "#0"},
				"up": {"uv": [3, 10, 2.5, 10.5], "texture": "#0"},
				"down": {"uv": [3, 10, 2.5, 10.5], "texture": "#0"}
			}
		},
		{
			"from": [7.5, 2.35, 11],
			"to": [8.5, 3.35, 13],
			"rotation": {"angle": -22.5, "axis": "x", "origin": [8, 3, 12]},
			"faces": {
				"north": {"uv": [11, 3.5, 12, 4.5], "texture": "#0"},
				"east": {"uv": [4, 7, 2, 8], "texture": "#0"},
				"south": {"uv": [11, 3.5, 12, 4.5], "texture": "#0"},
				"west": {"uv": [2, 7, 4, 8], "texture": "#0"},
				"up": {"uv": [12, 2, 11, 0], "texture": "#0"},
				"down": {"uv": [1, 9, 0, 11], "texture": "#0"}
			}
		},
		{
			"from": [7.75, 2.97265, 12.28306],
			"to": [8.25, 3.97265, 13.28306],
			"rotation": {"angle": 22.5, "axis": "x", "origin": [8, 3.59765, 13.15806]},
			"faces": {
				"north": {"uv": [8.5, 2.5, 9, 3.5], "texture": "#0"},
				"east": {"uv": [11.5, 2.5, 10.5, 3.5], "texture": "#0"},
				"south": {"uv": [12, 2.5, 12.5, 3.5], "texture": "#0"},
				"west": {"uv": [10.5, 2.5, 11.5, 3.5], "texture": "#0"},
				"up": {"uv": [13.5, 3.5, 13, 2.5], "texture": "#0"},
				"down": {"uv": [10, 2.5, 9.5, 3.5], "texture": "#0"}
			}
		},
		{
			"from": [8.28758, 2.9, 5.22879],
			"to": [10.28758, 3.9, 6.22879],
			"rotation": {"angle": 0, "axis": "y", "origin": [10.4178, 3.4, 6.29522]},
			"faces": {
				"north": {"uv": [11, 5, 13, 6], "texture": "#0"},
				"east": {"uv": [9.5, 7, 10.5, 8], "texture": "#0"},
				"south": {"uv": [13, 5, 11, 6], "texture": "#0"},
				"west": {"uv": [13, 9, 14, 10], "texture": "#0"},
				"up": {"uv": [13, 7.5, 11, 6.5], "texture": "#0"},
				"down": {"uv": [13, 8, 11, 9], "texture": "#0"}
			}
		},
		{
			"from": [9.73198, 2.925, 5.47095],
			"to": [11.73198, 3.875, 6.47095],
			"rotation": {"angle": -22.5, "axis": "y", "origin": [10.4178, 3.4, 6.29522]},
			"faces": {
				"north": {"uv": [11, 5, 13, 6], "texture": "#0"},
				"east": {"uv": [9.5, 7, 10.5, 8], "texture": "#0"},
				"south": {"uv": [13, 5, 11, 6], "texture": "#0"},
				"west": {"uv": [9.5, 7, 10.5, 8], "texture": "#0"},
				"up": {"uv": [13, 7.5, 11, 6.5], "texture": "#0"},
				"down": {"uv": [13, 8, 11, 9], "texture": "#0"}
			}
		},
		{
			"from": [10.49324, 3.15, 6.92172],
			"to": [11.49324, 3.65, 8.42172],
			"rotation": {"angle": 45, "axis": "y", "origin": [10.4178, 3.4, 6.29522]},
			"faces": {
				"north": {"uv": [11, 10.5, 12, 11], "texture": "#0"},
				"east": {"uv": [11, 9.5, 12.5, 10], "texture": "#0"},
				"south": {"uv": [13, 6, 14, 6.5], "texture": "#0"},
				"west": {"uv": [12.5, 9.5, 11, 10], "texture": "#0"},
				"up": {"uv": [13, 1.5, 12, 0], "texture": "#0"},
				"down": {"uv": [12, 0, 13, 1.5], "texture": "#0"}
			}
		},
		{
			"from": [4.50676, 3.15, 6.92172],
			"to": [5.50676, 3.65, 8.42172],
			"rotation": {"angle": -45, "axis": "y", "origin": [5.5822, 3.4, 6.29522]},
			"faces": {
				"north": {"uv": [12, 10.5, 11, 11], "texture": "#0"},
				"east": {"uv": [11, 9.5, 12.5, 10], "texture": "#0"},
				"south": {"uv": [14, 6, 13, 6.5], "texture": "#0"},
				"west": {"uv": [12.5, 9.5, 11, 10], "texture": "#0"},
				"up": {"uv": [12, 1.5, 13, 0], "texture": "#0"},
				"down": {"uv": [13, 0, 12, 1.5], "texture": "#0"}
			}
		},
		{
			"from": [4.26802, 2.925, 5.47095],
			"to": [6.26802, 3.875, 6.47095],
			"rotation": {"angle": 22.5, "axis": "y", "origin": [5.5822, 3.4, 6.29522]},
			"faces": {
				"north": {"uv": [13, 5, 11, 6], "texture": "#0"},
				"east": {"uv": [10.5, 7, 9.5, 8], "texture": "#0"},
				"south": {"uv": [11, 5, 13, 6], "texture": "#0"},
				"west": {"uv": [10.5, 7, 9.5, 8], "texture": "#0"},
				"up": {"uv": [11, 7.5, 13, 6.5], "texture": "#0"},
				"down": {"uv": [11, 8, 13, 9], "texture": "#0"}
			}
		},
		{
			"from": [5.71242, 2.9, 5.22879],
			"to": [7.71242, 3.9, 6.22879],
			"rotation": {"angle": 0, "axis": "y", "origin": [5.5822, 3.4, 6.29522]},
			"faces": {
				"north": {"uv": [13, 5, 11, 6], "texture": "#0"},
				"east": {"uv": [10.5, 8.5, 9.5, 9.5], "texture": "#0"},
				"south": {"uv": [11, 5, 13, 6], "texture": "#0"},
				"west": {"uv": [10.5, 7, 9.5, 8], "texture": "#0"},
				"up": {"uv": [11, 7.5, 13, 6.5], "texture": "#0"},
				"down": {"uv": [11, 8, 13, 9], "texture": "#0"}
			}
		},
		{
			"from": [4, 3.4, 7.25],
			"to": [9.75, 3.4, 9.25],
			"rotation": {"angle": -45, "axis": "y", "origin": [4, 5.4, 7.5]},
			"faces": {
				"north": {"uv": [4, 0, 0, 0], "texture": "#0"},
				"east": {"uv": [2, 0, 0, 0], "texture": "#0"},
				"south": {"uv": [4, 0, 0, 0], "texture": "#0"},
				"west": {"uv": [2, 0, 0, 0], "texture": "#0"},
				"up": {"uv": [4, 3.5, 8, 1.5], "texture": "#0"},
				"down": {"uv": [8, 1.5, 4, 3.5], "texture": "#0"}
			}
		},
		{
			"from": [6.25, 3.4, 7.25],
			"to": [12, 3.4, 9.25],
			"rotation": {"angle": 45, "axis": "y", "origin": [12, 5.4, 7.5]},
			"faces": {
				"north": {"uv": [0, 0, 4, 0], "texture": "#0"},
				"east": {"uv": [0, 0, 2, 0], "texture": "#0"},
				"south": {"uv": [0, 0, 4, 0], "texture": "#0"},
				"west": {"uv": [0, 0, 2, 0], "texture": "#0"},
				"up": {"uv": [8, 3.5, 4, 1.5], "texture": "#0"},
				"down": {"uv": [4, 1.5, 8, 3.5], "texture": "#0"}
			}
		},
		{
			"from": [7, 1.6, 5.25],
			"to": [7, 3.1, 12.25],
			"rotation": {"angle": 0, "axis": "y", "origin": [-0.25, 0.1, -1]},
			"faces": {
				"north": {"uv": [7, 9.5, 7, 11], "texture": "#0"},
				"east": {"uv": [7, 14.5, 0, 16], "texture": "#0"},
				"south": {"uv": [7, 9.5, 7, 11], "texture": "#0"},
				"west": {"uv": [0, 14.5, 7, 16], "texture": "#0"},
				"up": {"uv": [0, 7, 0, 0], "texture": "#0"},
				"down": {"uv": [2, 0, 2, 7], "texture": "#0"}
			}
		},
		{
			"from": [7, 1.6, 5.25],
			"to": [9, 3.1, 5.25],
			"rotation": {"angle": 0, "axis": "y", "origin": [8, 2.35, 5.25]},
			"faces": {
				"north": {"uv": [0, 12.5, 2, 14], "texture": "#0"},
				"east": {"uv": [7.5, 9.5, 7.5, 11], "texture": "#0"},
				"south": {"uv": [2, 12.5, 0, 14], "texture": "#0"},
				"west": {"uv": [7.5, 9.5, 7.5, 11], "texture": "#0"},
				"up": {"uv": [0, 2, 0, 0], "rotation": 90, "texture": "#0"},
				"down": {"uv": [2, 0, 2, 2], "rotation": 270, "texture": "#0"}
			}
		},
		{
			"from": [9, 1.6, 5.25],
			"to": [9, 3.1, 12.25],
			"rotation": {"angle": 0, "axis": "y", "origin": [1.75, 0.1, -1]},
			"faces": {
				"north": {"uv": [7, 9.5, 7, 11], "texture": "#0"},
				"east": {"uv": [7, 14.5, 0, 16], "texture": "#0"},
				"south": {"uv": [7, 9.5, 7, 11], "texture": "#0"},
				"west": {"uv": [0, 14.5, 7, 16], "texture": "#0"},
				"up": {"uv": [0, 7, 0, 0], "texture": "#0"},
				"down": {"uv": [2, 0, 2, 7], "texture": "#0"}
			}
		},
		{
			"from": [7, 3.1, 5.25],
			"to": [9, 3.1, 12.25],
			"rotation": {"angle": 0, "axis": "y", "origin": [8, 3.1, 8.75]},
			"faces": {
				"north": {"uv": [7, 9.5, 7, 11.5], "rotation": 270, "texture": "#0"},
				"east": {"uv": [0, 7, 0, 0], "rotation": 90, "texture": "#0"},
				"south": {"uv": [7, 9.5, 7, 11.5], "rotation": 90, "texture": "#0"},
				"west": {"uv": [2, 0, 2, 7], "rotation": 90, "texture": "#0"},
				"up": {"uv": [9, 14, 16, 16], "rotation": 90, "texture": "#0"},
				"down": {"uv": [16, 14, 9, 16], "rotation": 90, "texture": "#0"}
			}
		},
		{
			"name": "Animation1",
			"from": [7.725, 3, 3.5],
			"to": [8.725, 4, 12],
			"rotation": {"angle": -45, "axis": "z", "origin": [8, 3.75, 7.125]},
			"faces": {
				"north": {"uv": [14, 11.5, 15, 12.5], "texture": "#0"},
				"east": {"uv": [0, 0, 8.5, 1], "texture": "#1"},
				"south": {"uv": [15, 11.5, 14, 12.5], "texture": "#0"},
				"west": {"uv": [8.5, 0, 0, 1], "texture": "#1"},
				"up": {"uv": [0, 1, 8.5, 0], "rotation": 270, "texture": "#1"},
				"down": {"uv": [8.5, 1, 0, 0], "rotation": 270, "texture": "#1"}
			}
		},
		{
			"name": "Animation2",
			"from": [7.725, 3, 2.75],
			"to": [8.725, 4, 11.25],
			"rotation": {"angle": -45, "axis": "z", "origin": [8, 3.75, 6.375]},
			"faces": {
				"north": {"uv": [14, 11.5, 15, 12.5], "texture": "#0"},
				"east": {"uv": [0, 0, 8.5, 1], "texture": "#1"},
				"south": {"uv": [15, 11.5, 14, 12.5], "texture": "#0"},
				"west": {"uv": [8.5, 0, 0, 1], "texture": "#1"},
				"up": {"uv": [0, 1, 8.5, 0], "rotation": 270, "texture": "#1"},
				"down": {"uv": [8.5, 1, 0, 0], "rotation": 270, "texture": "#1"}
			}
		},
		{
			"from": [7.75, 3.4, 4.55],
			"to": [8.25, 3.4, 11.05],
			"rotation": {"angle": 0, "axis": "y", "origin": [7, 3.4, 7.55]},
			"faces": {
				"north": {"uv": [0, 0, 0.5, 0], "texture": "#0"},
				"east": {"uv": [0, 0, 5, 0], "texture": "#0"},
				"south": {"uv": [0, 0, 0.5, 0], "texture": "#0"},
				"west": {"uv": [0, 0, 5, 0], "texture": "#0"},
				"up": {"uv": [11, 13, 16, 13.5], "rotation": 270, "texture": "#0"},
				"down": {"uv": [11, 13, 16, 13.5], "rotation": 270, "texture": "#0"}
			}
		},
		{
			"from": [7.25, 3.4, 2.05],
			"to": [8.75, 3.4, 4.55],
			"rotation": {"angle": 0, "axis": "y", "origin": [7, 3.4, 2.55]},
			"faces": {
				"north": {"uv": [0.5, 0, 2, 0], "texture": "#0"},
				"east": {"uv": [0.5, 0, 3, 0], "texture": "#0"},
				"south": {"uv": [0.5, 0, 2, 0], "texture": "#0"},
				"west": {"uv": [0.5, 0, 3, 0], "texture": "#0"},
				"up": {"uv": [6.5, 11, 8, 13.5], "texture": "#0"},
				"down": {"uv": [8, 13.5, 6.5, 11], "texture": "#0"}
			}
		}
	],
	"display": {
		"thirdperson_righthand": {
			"translation": [0, 8, -3.75],
			"scale": [1.35, 1.35, 1.35]
		},
		"thirdperson_lefthand": {
			"translation": [0, 8, -3.75],
			"scale": [1.35, 1.35, 1.35]
		},
		"firstperson_righthand": {
			"translation": [-1, 10, 2.25],
			"scale": [1.25, 1.25, 1.25]
		},
		"firstperson_lefthand": {
			"translation": [-1, 10, 2.25],
			"scale": [1.25, 1.25, 1.25]
		},
		"ground": {
			"rotation": [22.5, 0, 0],
			"translation": [0, 1.25, 0],
			"scale": [0.55, 0.55, 0.55]
		},
		"gui": {
			"rotation": [90, 45, -180],
			"translation": [0.75, -0.5, -6.5],
			"scale": [1.25, 1.25, 1.25]
		},
		"head": {
			"scale": [0, 0, 0]
		},
		"fixed": {
			"rotation": [90, -45, -180],
			"translation": [0.5, 1, -6.5],
			"scale": [1.25, 1.25, 1.25]
		}
	},
	"groups": [
		0,
		1,
		2,
		3,
		4,
		5,
		6,
		7,
		8,
		9,
		10,
		11,
		12,
		13,
		14,
		{
			"name": "Layer",
			"origin": [8, 3.1, 8.75],
			"color": 0,
			"children": [15, 16, 17, 18, 19, 20]
		},
		{
			"name": "Arrow",
			"origin": [7, 3.4, 0.25],
			"color": 0,
			"children": [21, 22]
		}
	]
}