{"credit":"Made with Blockbench","texture_size":[32,32],"textures":{"0":"mimix_stray:cosmetics/stray_wings/stray_wings","1":"mimix_stray:cosmetics/stray_wings/stray_wings1","particle":"mimix_stray:cosmetics/stray_wings/stray_wings"},"elements":[{"from":[13.5,0,4],"to":[16,2,7],"rotation":{"angle":0,"axis":"y","origin":[14.5,0,1]},"faces":{"north":{"uv":[10.5,3,11.75,4],"texture":"#0"},"east":{"uv":[6,10,7.5,11],"texture":"#0"},"south":{"uv":[10.5,4,11.75,5],"texture":"#0"},"west":{"uv":[7.5,10,6,11],"texture":"#0"},"up":{"uv":[1.25,11.5,0,10],"texture":"#0"},"down":{"uv":[11.25,0,10,1.5],"texture":"#0"}}},{"from":[14.75,2.1,9.5],"to":[14.75,12.1,26.5],"rotation":{"angle":0,"axis":"y","origin":[14.5,0,1]},"faces":{"north":{"uv":[0,0,0,5],"texture":"#0"},"east":{"uv":[0,0,8.5,5],"texture":"#1"},"south":{"uv":[0,0,0,5],"texture":"#0"},"west":{"uv":[8.5,0,0,5],"texture":"#1"},"up":{"uv":[0,8.5,0,0],"texture":"#0"},"down":{"uv":[0,0,0,8.5],"texture":"#0"}}},{"from":[14,4.92732,7.00236],"to":[15.5,13.42732,8.00236],"rotation":{"angle":22.5,"axis":"x","origin":[14.5,0,1]},"faces":{"north":{"uv":[13.5,7,14.25,11.25],"texture":"#0"},"east":{"uv":[9,7,9.5,11.25],"texture":"#0"},"south":{"uv":[12.25,7,13,11.25],"texture":"#0"},"west":{"uv":[9.5,7,9,11.25],"texture":"#0"},"up":{"uv":[11.25,5.5,10.5,5],"texture":"#0"},"down":{"uv":[11.75,6.5,11,7],"texture":"#0"}}},{"from":[14.025,4.14148,14.8372],"to":[15.475,5.14148,21.8372],"rotation":{"angle":-22.5,"axis":"x","origin":[14.5,0,1]},"faces":{"north":{"uv":[11,7,11.75,7.5],"texture":"#0"},"east":{"uv":[1.5,10,5,10.5],"texture":"#0"},"south":{"uv":[11,7.5,11.75,8],"texture":"#0"},"west":{"uv":[5,10,1.5,10.5],"texture":"#0"},"up":{"uv":[9.75,3.5,9,0],"texture":"#0"},"down":{"uv":[9.75,3.5,9,7],"texture":"#0"}}},{"from":[14.25,11.66893,18.23455],"to":[15.25,12.66893,25.23455],"rotation":{"angle":0,"axis":"y","origin":[14.5,0,1]},"faces":{"north":{"uv":[10,6.5,10.5,7],"texture":"#0"},"east":{"uv":[10,5.5,13.5,6],"texture":"#0"},"south":{"uv":[7,11,7.5,11.5],"texture":"#0"},"west":{"uv":[13.5,5.5,10,6],"texture":"#0"},"up":{"uv":[5.5,13.5,5,10],"texture":"#0"},"down":{"uv":[6,10,5.5,13.5],"texture":"#0"}}},{"from":[14.5,10.61893,25.13455],"to":[15,11.61893,27.13455],"rotation":{"angle":22.5,"axis":"x","origin":[14.75,12.16893,27.73455]},"faces":{"north":{"uv":[8.25,11,8.5,11.5],"texture":"#0"},"east":{"uv":[7.75,10,8.75,10.5],"texture":"#0"},"south":{"uv":[8.25,10.5,8.5,11],"texture":"#0"},"west":{"uv":[8.75,10,7.75,10.5],"texture":"#0"},"up":{"uv":[8,11.5,7.75,10.5],"texture":"#0"},"down":{"uv":[8.25,10.5,8,11.5],"texture":"#0"}}},{"from":[14.25,-2.44195,14.72931],"to":[15.25,4.55805,15.22931],"rotation":{"angle":-22.5,"axis":"x","origin":[14.5,0,1]},"faces":{"north":{"uv":[10,2,10.5,5.5],"texture":"#0"},"east":{"uv":[7.5,10,7.75,13.5],"texture":"#0"},"south":{"uv":[10,2,10.5,5.5],"texture":"#0"},"west":{"uv":[7.5,10,7.75,13.5],"texture":"#0"},"up":{"uv":[11.5,8.25,11,8],"texture":"#0"},"down":{"uv":[11.5,8.5,11,8.75],"texture":"#0"}}},{"from":[13.75,-1.60162,6.07924],"to":[15.75,-0.10162,10.07924],"rotation":{"angle":-22.5,"axis":"x","origin":[14.5,0,1]},"faces":{"north":{"uv":[10.5,10,11.5,10.75],"texture":"#0"},"east":{"uv":[10.5,2,12.5,2.75],"texture":"#0"},"south":{"uv":[6,11,7,11.75],"texture":"#0"},"west":{"uv":[12.5,2,10.5,2.75],"texture":"#0"},"up":{"uv":[10.5,9,9.5,7],"texture":"#0"},"down":{"uv":[10.5,9,9.5,11],"texture":"#0"}}},{"from":[9,0,0],"to":[12,2,2.5],"rotation":{"angle":0,"axis":"y","origin":[15,0,1]},"faces":{"north":{"uv":[7.5,10,6,11],"texture":"#0"},"east":{"uv":[10.5,3,11.75,4],"texture":"#0"},"south":{"uv":[6,10,7.5,11],"texture":"#0"},"west":{"uv":[10.5,4,11.75,5],"texture":"#0"},"up":{"uv":[1.25,11.5,0,10],"rotation":90,"texture":"#0"},"down":{"uv":[11.25,0,10,1.5],"rotation":270,"texture":"#0"}}},{"from":[5.92076,-1.60162,0.25],"to":[9.92076,-0.10162,2.25],"rotation":{"angle":-22.5,"axis":"z","origin":[15,0,1]},"faces":{"north":{"uv":[12.5,2,10.5,2.75],"texture":"#0"},"east":{"uv":[10.5,10,11.5,10.75],"texture":"#0"},"south":{"uv":[10.5,2,12.5,2.75],"texture":"#0"},"west":{"uv":[6,11,7,11.75],"texture":"#0"},"up":{"uv":[10.5,9,9.5,7],"rotation":90,"texture":"#0"},"down":{"uv":[10.5,9,9.5,11],"rotation":270,"texture":"#0"}}},{"from":[7.99764,4.92732,0.5],"to":[8.99764,13.42732,2],"rotation":{"angle":22.5,"axis":"z","origin":[15,0,1]},"faces":{"north":{"uv":[9.5,7,9,11.25],"texture":"#0"},"east":{"uv":[13.5,7,14.25,11.25],"texture":"#0"},"south":{"uv":[9,7,9.5,11.25],"texture":"#0"},"west":{"uv":[12.25,7,13,11.25],"texture":"#0"},"up":{"uv":[11.25,5.5,10.5,5],"rotation":90,"texture":"#0"},"down":{"uv":[11.75,6.5,11,7],"rotation":270,"texture":"#0"}}},{"from":[-5.8372,4.14148,0.525],"to":[1.1628,5.14148,1.975],"rotation":{"angle":-22.5,"axis":"z","origin":[15,0,1]},"faces":{"north":{"uv":[5,10,1.5,10.5],"texture":"#0"},"east":{"uv":[11,7,11.75,7.5],"texture":"#0"},"south":{"uv":[1.5,10,5,10.5],"texture":"#0"},"west":{"uv":[11,7.5,11.75,8],"texture":"#0"},"up":{"uv":[9.75,3.5,9,0],"rotation":90,"texture":"#0"},"down":{"uv":[9.75,3.5,9,7],"rotation":270,"texture":"#0"}}},{"from":[0.77069,-2.44195,0.75],"to":[1.27069,4.55805,1.75],"rotation":{"angle":-22.5,"axis":"z","origin":[15,0,1]},"faces":{"north":{"uv":[7.5,10,7.75,13.5],"texture":"#0"},"east":{"uv":[10,2,10.5,5.5],"texture":"#0"},"south":{"uv":[7.5,10,7.75,13.5],"texture":"#0"},"west":{"uv":[10,2,10.5,5.5],"texture":"#0"},"up":{"uv":[11.5,8.25,11,8],"rotation":90,"texture":"#0"},"down":{"uv":[11.5,8.5,11,8.75],"rotation":270,"texture":"#0"}}},{"from":[-9.23455,11.66893,0.75],"to":[-2.23455,12.66893,1.75],"rotation":{"angle":0,"axis":"y","origin":[15,0,1]},"faces":{"north":{"uv":[13.5,5.5,10,6],"texture":"#0"},"east":{"uv":[10,6.5,10.5,7],"texture":"#0"},"south":{"uv":[10,5.5,13.5,6],"texture":"#0"},"west":{"uv":[7,11,7.5,11.5],"texture":"#0"},"up":{"uv":[5.5,13.5,5,10],"rotation":90,"texture":"#0"},"down":{"uv":[6,10,5.5,13.5],"rotation":270,"texture":"#0"}}},{"from":[-10.5,2.1,1.25],"to":[6.5,12.1,1.25],"rotation":{"angle":0,"axis":"y","origin":[15,0,1]},"faces":{"north":{"uv":[8.5,0,0,5],"texture":"#1"},"east":{"uv":[0,0,0,5],"texture":"#0"},"south":{"uv":[0,0,8.5,5],"texture":"#1"},"west":{"uv":[0,0,0,5],"texture":"#0"},"up":{"uv":[0,8.5,0,0],"rotation":90,"texture":"#0"},"down":{"uv":[0,0,0,8.5],"rotation":270,"texture":"#0"}}},{"from":[-11.13455,10.61893,1],"to":[-9.13455,11.61893,1.5],"rotation":{"angle":22.5,"axis":"z","origin":[-11.73455,12.16893,1.25]},"faces":{"north":{"uv":[8.75,10,7.75,10.5],"texture":"#0"},"east":{"uv":[8.25,11,8.5,11.5],"texture":"#0"},"south":{"uv":[7.75,10,8.75,10.5],"texture":"#0"},"west":{"uv":[8.25,10.5,8.5,11],"texture":"#0"},"up":{"uv":[8,11.5,7.75,10.5],"rotation":90,"texture":"#0"},"down":{"uv":[8.25,10.5,8,11.5],"rotation":270,"texture":"#0"}}}],"display":{"thirdperson_righthand":{"rotation":[70,45,0],"translation":[-5.5,-10.25,18.75],"scale":[1.25,1.25,1.25]},"thirdperson_lefthand":{"rotation":[70,-45,0],"translation":[-5.5,-10.25,18.75],"scale":[1.25,1.25,1.25]},"firstperson_righthand":{"scale":[0,0,0]},"firstperson_lefthand":{"scale":[0,0,0]},"ground":{"translation":[0,0.75,0],"scale":[0.35,0.35,0.35]},"gui":{"rotation":[-180,-22.5,-180],"translation":[-1.25,0.75,0],"scale":[0.45,0.45,0.45]},"head":{"rotation":[0,45,0],"translation":[0,-34.5,15.75],"scale":[1.75,1.75,1.75]},"fixed":{"rotation":[180,-44.5,180],"translation":[0,1.5,-3.75],"scale":[0.65,0.65,0.65]}}}