{
	"credit": "Made with Blockbench",
	"texture_size": [32, 32],
	"textures": {
		"0": "mimix_stray:cosmetics/stray_hat/stray_hat",
		"1": "mimix_stray:cosmetics/stray_hat/stray_hat1",
		"particle": "mimix_stray:cosmetics/stray_hat/stray_hat"
	},
	"elements": [
		{
			"from": [7, 4.5, 3],
			"to": [9, 12.5, 5],
			"rotation": {"angle": 0, "axis": "y", "origin": [8, 7.65, 4]},
			"faces": {
				"north": {"uv": [0, 0, 1, 4], "texture": "#0"},
				"east": {"uv": [1, 0, 2, 4], "texture": "#0"},
				"south": {"uv": [1, 0, 0, 4], "texture": "#0"},
				"west": {"uv": [2, 0, 1, 4], "texture": "#0"},
				"up": {"uv": [2.5, 6, 1.5, 5], "texture": "#0"},
				"down": {"uv": [3.5, 5, 2.5, 6], "texture": "#0"}
			}
		},
		{
			"from": [4.5, 6, 3.25],
			"to": [11.5, 8, 4.75],
			"rotation": {"angle": 0, "axis": "y", "origin": [8, 7.65, 4]},
			"faces": {
				"north": {"uv": [0, 4, 3.5, 5], "texture": "#0"},
				"east": {"uv": [3.25, 6, 2.5, 7], "texture": "#0"},
				"south": {"uv": [3.5, 4, 0, 5], "texture": "#0"},
				"west": {"uv": [2.5, 6, 3.25, 7], "texture": "#0"},
				"up": {"uv": [8.5, 3.75, 5, 3], "texture": "#0"},
				"down": {"uv": [8.5, 4, 5, 4.75], "texture": "#0"}
			}
		},
		{
			"from": [4.12893, 6.32129, 3.5],
			"to": [13.12893, 7.82129, 4.5],
			"rotation": {"angle": 45, "axis": "z", "origin": [8, 7.65, 4]},
			"faces": {
				"north": {"uv": [4, 1, 8.5, 1.75], "texture": "#0"},
				"east": {"uv": [5, 6, 5.5, 6.75], "texture": "#0"},
				"south": {"uv": [8.5, 1, 4, 1.75], "texture": "#0"},
				"west": {"uv": [5, 6, 5.5, 6.75], "texture": "#0"},
				"up": {"uv": [9.5, 5.5, 5, 5], "texture": "#0"},
				"down": {"uv": [9.5, 5.5, 5, 6], "texture": "#0"}
			}
		},
		{
			"from": [11.06984, 10.63476, 3.525],
			"to": [12.06984, 12.13476, 4.475],
			"rotation": {"angle": 0, "axis": "y", "origin": [8, 7.65, 4]},
			"faces": {
				"north": {"uv": [6, 6, 6.5, 6.75], "texture": "#0"},
				"east": {"uv": [6.5, 6, 7, 6.75], "texture": "#0"},
				"south": {"uv": [6.5, 6, 6, 6.75], "texture": "#0"},
				"west": {"uv": [2, 7, 2.5, 7.75], "texture": "#0"},
				"up": {"uv": [3, 9, 2.5, 8.5], "texture": "#0"},
				"down": {"uv": [9, 2.5, 8.5, 3], "texture": "#0"}
			}
		},
		{
			"from": [11.91941, 9.78519, 3.525],
			"to": [13.41941, 10.78519, 4.475],
			"rotation": {"angle": 0, "axis": "y", "origin": [8, 7.65, 4]},
			"faces": {
				"north": {"uv": [2.5, 7, 3.25, 7.5], "texture": "#0"},
				"east": {"uv": [3, 8.5, 3.5, 9], "texture": "#0"},
				"south": {"uv": [3.25, 7, 2.5, 7.5], "texture": "#0"},
				"west": {"uv": [8.5, 3, 9, 3.5], "texture": "#0"},
				"up": {"uv": [6.75, 7.5, 6, 7], "texture": "#0"},
				"down": {"uv": [7.75, 6, 7, 6.5], "texture": "#0"}
			}
		},
		{
			"from": [5.69946, 3.16524, 3.525],
			"to": [6.69946, 4.66524, 4.475],
			"rotation": {"angle": 0, "axis": "y", "origin": [8, 7.65, 4]},
			"faces": {
				"north": {"uv": [2.5, 7.5, 3, 8.25], "texture": "#0"},
				"east": {"uv": [3, 7.5, 3.5, 8.25], "texture": "#0"},
				"south": {"uv": [3, 7.5, 2.5, 8.25], "texture": "#0"},
				"west": {"uv": [4.5, 7.5, 5, 8.25], "texture": "#0"},
				"up": {"uv": [4.5, 9, 4, 8.5], "texture": "#0"},
				"down": {"uv": [9, 4, 8.5, 4.5], "texture": "#0"}
			}
		},
		{
			"from": [4.44989, 4.41481, 3.525],
			"to": [5.94989, 5.41481, 4.475],
			"rotation": {"angle": 0, "axis": "y", "origin": [8, 7.65, 4]},
			"faces": {
				"north": {"uv": [7, 6.5, 7.75, 7], "texture": "#0"},
				"east": {"uv": [3.5, 8.5, 4, 9], "texture": "#0"},
				"south": {"uv": [7.75, 6.5, 7, 7], "texture": "#0"},
				"west": {"uv": [8.5, 3.5, 9, 4], "texture": "#0"},
				"up": {"uv": [8.25, 0.5, 7.5, 0], "texture": "#0"},
				"down": {"uv": [8.25, 0.5, 7.5, 1], "texture": "#0"}
			}
		},
		{
			"from": [10.05011, 4.41481, 3.525],
			"to": [11.55011, 5.41481, 4.475],
			"rotation": {"angle": 0, "axis": "y", "origin": [8, 7.65, 4]},
			"faces": {
				"north": {"uv": [7.75, 6.5, 7, 7], "texture": "#0"},
				"east": {"uv": [9, 3.5, 8.5, 4], "texture": "#0"},
				"south": {"uv": [7, 6.5, 7.75, 7], "texture": "#0"},
				"west": {"uv": [4, 8.5, 3.5, 9], "texture": "#0"},
				"up": {"uv": [7.5, 0.5, 8.25, 0], "texture": "#0"},
				"down": {"uv": [7.5, 0.5, 8.25, 1], "texture": "#0"}
			}
		},
		{
			"from": [9.30054, 3.16524, 3.525],
			"to": [10.30054, 4.66524, 4.475],
			"rotation": {"angle": 0, "axis": "y", "origin": [8, 7.65, 4]},
			"faces": {
				"north": {"uv": [3, 7.5, 2.5, 8.25], "texture": "#0"},
				"east": {"uv": [5, 7.5, 4.5, 8.25], "texture": "#0"},
				"south": {"uv": [2.5, 7.5, 3, 8.25], "texture": "#0"},
				"west": {"uv": [3.5, 7.5, 3, 8.25], "texture": "#0"},
				"up": {"uv": [4, 9, 4.5, 8.5], "texture": "#0"},
				"down": {"uv": [8.5, 4, 9, 4.5], "texture": "#0"}
			}
		},
		{
			"from": [2.87107, 6.32129, 3.5],
			"to": [11.87107, 7.82129, 4.5],
			"rotation": {"angle": -45, "axis": "z", "origin": [8, 7.65, 4]},
			"faces": {
				"north": {"uv": [8.5, 1, 4, 1.75], "texture": "#0"},
				"east": {"uv": [5.5, 6, 5, 6.75], "texture": "#0"},
				"south": {"uv": [4, 1, 8.5, 1.75], "texture": "#0"},
				"west": {"uv": [5.5, 6, 5, 6.75], "texture": "#0"},
				"up": {"uv": [5, 5.5, 9.5, 5], "texture": "#0"},
				"down": {"uv": [5, 5.5, 9.5, 6], "texture": "#0"}
			}
		},
		{
			"from": [3.93016, 10.63476, 3.525],
			"to": [4.93016, 12.13476, 4.475],
			"rotation": {"angle": 0, "axis": "y", "origin": [8, 7.65, 4]},
			"faces": {
				"north": {"uv": [6.5, 6, 6, 6.75], "texture": "#0"},
				"east": {"uv": [2.5, 7, 2, 7.75], "texture": "#0"},
				"south": {"uv": [6, 6, 6.5, 6.75], "texture": "#0"},
				"west": {"uv": [7, 6, 6.5, 6.75], "texture": "#0"},
				"up": {"uv": [2.5, 9, 3, 8.5], "texture": "#0"},
				"down": {"uv": [8.5, 2.5, 9, 3], "texture": "#0"}
			}
		},
		{
			"from": [2.58059, 9.78519, 3.525],
			"to": [4.08059, 10.78519, 4.475],
			"rotation": {"angle": 0, "axis": "y", "origin": [8, 7.65, 4]},
			"faces": {
				"north": {"uv": [3.25, 7, 2.5, 7.5], "texture": "#0"},
				"east": {"uv": [9, 3, 8.5, 3.5], "texture": "#0"},
				"south": {"uv": [2.5, 7, 3.25, 7.5], "texture": "#0"},
				"west": {"uv": [3.5, 8.5, 3, 9], "texture": "#0"},
				"up": {"uv": [6, 7.5, 6.75, 7], "texture": "#0"},
				"down": {"uv": [7, 6, 7.75, 6.5], "texture": "#0"}
			}
		},
		{
			"from": [9.25, 9.75, 2.75],
			"to": [9.25, 12.75, 5.25],
			"rotation": {"angle": 0, "axis": "y", "origin": [8, 7.65, 4]},
			"faces": {
				"north": {"uv": [0, 0, 0, 1.5], "texture": "#0"},
				"east": {"uv": [6, 0, 11, 6], "texture": "#1"},
				"south": {"uv": [0, 0, 0, 1.5], "texture": "#0"},
				"west": {"uv": [6, 0, 11, 6], "texture": "#1"},
				"up": {"uv": [1.5, 6.25, 1.5, 5], "texture": "#0"},
				"down": {"uv": [2.5, 5, 2.5, 6.25], "texture": "#0"}
			}
		},
		{
			"from": [6.75, 9.75, 5.25],
			"to": [9.25, 12.75, 5.25],
			"rotation": {"angle": 0, "axis": "y", "origin": [6.75, 11.25, 4]},
			"faces": {
				"north": {"uv": [5, 0, 0, 6], "texture": "#1"},
				"east": {"uv": [0, 9.75, 0, 11.25], "texture": "#0"},
				"south": {"uv": [0, 0, 5, 6], "texture": "#1"},
				"west": {"uv": [0, 9.75, 0, 11.25], "texture": "#0"},
				"up": {"uv": [0, 11, 0, 10], "rotation": 90, "texture": "#0"},
				"down": {"uv": [0, 10, 0, 11], "rotation": 270, "texture": "#0"}
			}
		},
		{
			"from": [6.75, 12.75, 2.75],
			"to": [9.25, 12.75, 5.25],
			"rotation": {"angle": 0, "axis": "y", "origin": [8, 11.25, 5.25]},
			"faces": {
				"north": {"uv": [1.5, 6.25, 1.5, 5], "rotation": 270, "texture": "#0"},
				"east": {"uv": [0, 0, 0, 1.25], "rotation": 90, "texture": "#0"},
				"south": {"uv": [2.5, 5, 2.5, 6.25], "rotation": 270, "texture": "#0"},
				"west": {"uv": [0, 0, 0, 1.25], "rotation": 270, "texture": "#0"},
				"up": {"uv": [0, 7, 5, 12], "texture": "#1"},
				"down": {"uv": [0, 7, 5, 12], "texture": "#1"}
			}
		},
		{
			"from": [6.75, 9.75, 2.75],
			"to": [6.75, 12.75, 5.25],
			"rotation": {"angle": 0, "axis": "y", "origin": [8, 7.65, 4]},
			"faces": {
				"north": {"uv": [0, 0, 1, 4], "texture": "#0"},
				"east": {"uv": [6, 0, 11, 6], "texture": "#1"},
				"south": {"uv": [1, 0, 0, 4], "texture": "#0"},
				"west": {"uv": [6, 0, 11, 6], "texture": "#1"},
				"up": {"uv": [2.5, 6, 1.5, 5], "texture": "#0"},
				"down": {"uv": [3.5, 5, 2.5, 6], "texture": "#0"}
			}
		},
		{
			"from": [6.75, 9.75, 2.75],
			"to": [9.25, 12.75, 2.75],
			"rotation": {"angle": 0, "axis": "y", "origin": [6.75, 11.25, 4]},
			"faces": {
				"north": {"uv": [0, 0, 5, 6], "texture": "#1"},
				"east": {"uv": [0, 0, 1, 4], "texture": "#0"},
				"south": {"uv": [0, 0, 5, 6], "texture": "#1"},
				"west": {"uv": [1, 0, 0, 4], "texture": "#0"},
				"up": {"uv": [2.5, 6, 1.5, 5], "rotation": 90, "texture": "#0"},
				"down": {"uv": [3.5, 5, 2.5, 6], "rotation": 270, "texture": "#0"}
			}
		},
		{
			"from": [8.75, 8.1, 3.025],
			"to": [11.75, 8.1, 4.975],
			"rotation": {"angle": 0, "axis": "y", "origin": [10.5, 6.75, 3]},
			"faces": {
				"north": {"uv": [6.5, 3, 5, 3], "rotation": 180, "texture": "#0"},
				"east": {"uv": [2.5, 6, 2.5, 6.975], "rotation": 90, "texture": "#0"},
				"south": {"uv": [6.5, 4, 5, 4], "texture": "#0"},
				"west": {"uv": [2.5, 6, 2.5, 6.975], "rotation": 270, "texture": "#0"},
				"up": {"uv": [10, 12.025, 16, 16], "texture": "#1"},
				"down": {"uv": [10, 12.025, 16, 16], "texture": "#1"}
			}
		},
		{
			"from": [8.75, 5.6, 4.975],
			"to": [11.75, 8.1, 4.975],
			"rotation": {"angle": 0, "axis": "y", "origin": [8, 7.65, 4]},
			"faces": {
				"north": {"uv": [6, 7, 12, 12], "texture": "#1"},
				"east": {"uv": [2.5, 6, 2.5, 7.25], "texture": "#0"},
				"south": {"uv": [12, 7, 6, 12], "texture": "#1"},
				"west": {"uv": [2.5, 6, 2.5, 7.25], "texture": "#0"},
				"up": {"uv": [6.5, 3, 5, 3], "texture": "#0"},
				"down": {"uv": [6.5, 4, 5, 4], "texture": "#0"}
			}
		},
		{
			"from": [11.75, 5.6, 3.025],
			"to": [11.75, 8.1, 4.975],
			"rotation": {"angle": 0, "axis": "y", "origin": [10.5, 7, 3]},
			"faces": {
				"north": {"uv": [2.5, 6, 2.5, 7.25], "texture": "#0"},
				"east": {"uv": [16, 0, 12, 5], "texture": "#1"},
				"south": {"uv": [2.5, 6, 2.5, 7.25], "texture": "#0"},
				"west": {"uv": [12, 0, 16, 5], "texture": "#1"},
				"up": {"uv": [5.975, 3, 5, 3], "rotation": 270, "texture": "#0"},
				"down": {"uv": [5.975, 4, 5, 4], "rotation": 90, "texture": "#0"}
			}
		},
		{
			"from": [8.75, 5.6, 3.025],
			"to": [11.75, 8.1, 3.025],
			"rotation": {"angle": 0, "axis": "y", "origin": [8, 7.65, 4]},
			"faces": {
				"north": {"uv": [6, 7, 12, 12], "texture": "#1"},
				"east": {"uv": [3.25, 6, 2.5, 7], "texture": "#0"},
				"south": {"uv": [12, 7, 6, 12], "texture": "#1"},
				"west": {"uv": [2.5, 6, 3.25, 7], "texture": "#0"},
				"up": {"uv": [8.5, 3.75, 5, 3], "texture": "#0"},
				"down": {"uv": [8.5, 4, 5, 4.75], "texture": "#0"}
			}
		},
		{
			"from": [4.25, 5.6, 4.975],
			"to": [7.25, 8.1, 4.975],
			"rotation": {"angle": 0, "axis": "y", "origin": [8, 7.65, 4]},
			"faces": {
				"north": {"uv": [12, 7, 6, 12], "texture": "#1"},
				"east": {"uv": [2.5, 6, 2.5, 7.25], "texture": "#0"},
				"south": {"uv": [6, 7, 12, 12], "texture": "#1"},
				"west": {"uv": [2.5, 6, 2.5, 7.25], "texture": "#0"},
				"up": {"uv": [5, 3, 6.5, 3], "texture": "#0"},
				"down": {"uv": [5, 4, 6.5, 4], "texture": "#0"}
			}
		},
		{
			"from": [4.25, 5.6, 3.025],
			"to": [4.25, 8.1, 4.975],
			"rotation": {"angle": 0, "axis": "y", "origin": [5.5, 7, 3]},
			"faces": {
				"north": {"uv": [2.5, 6, 2.5, 7.25], "texture": "#0"},
				"east": {"uv": [16, 0, 12, 5], "texture": "#1"},
				"south": {"uv": [2.5, 6, 2.5, 7.25], "texture": "#0"},
				"west": {"uv": [12, 0, 16, 5], "texture": "#1"},
				"up": {"uv": [5.975, 3, 5, 3], "rotation": 270, "texture": "#0"},
				"down": {"uv": [5.975, 4, 5, 4], "rotation": 90, "texture": "#0"}
			}
		},
		{
			"from": [4.25, 8.1, 3.025],
			"to": [7.25, 8.1, 4.975],
			"rotation": {"angle": 0, "axis": "y", "origin": [5.5, 6.75, 3]},
			"faces": {
				"north": {"uv": [5, 3, 6.5, 3], "rotation": 180, "texture": "#0"},
				"east": {"uv": [2.5, 6.975, 2.5, 6], "rotation": 270, "texture": "#0"},
				"south": {"uv": [5, 4, 6.5, 4], "texture": "#0"},
				"west": {"uv": [2.5, 6.975, 2.5, 6], "rotation": 90, "texture": "#0"},
				"up": {"uv": [16, 12.025, 10, 16], "texture": "#1"},
				"down": {"uv": [16, 12.025, 10, 16], "texture": "#1"}
			}
		},
		{
			"from": [4.25, 5.6, 3.025],
			"to": [7.25, 8.1, 3.025],
			"rotation": {"angle": 0, "axis": "y", "origin": [8, 7.65, 4]},
			"faces": {
				"north": {"uv": [12, 7, 6, 12], "texture": "#1"},
				"east": {"uv": [3.25, 6, 2.5, 7], "texture": "#0"},
				"south": {"uv": [6, 7, 12, 12], "texture": "#1"},
				"west": {"uv": [2.5, 6, 3.25, 7], "texture": "#0"},
				"up": {"uv": [5, 3.75, 8.5, 3], "texture": "#0"},
				"down": {"uv": [5, 4, 8.5, 4.75], "texture": "#0"}
			}
		}
	],
	"display": {
		"thirdperson_righthand": {
			"translation": [0, 0.25, 1.75],
			"scale": [0.55, 0.55, 0.55]
		},
		"thirdperson_lefthand": {
			"translation": [0, 0.25, 1.75],
			"scale": [0.55, 0.55, 0.55]
		},
		"firstperson_righthand": {
			"translation": [1.75, 0.5, 1.75],
			"scale": [0.75, 0.75, 0.75]
		},
		"firstperson_lefthand": {
			"translation": [1.75, 0.5, 1.75],
			"scale": [0.75, 0.75, 0.75]
		},
		"ground": {
			"scale": [0.55, 0.55, 0.55]
		},
		"gui": {
			"rotation": [0, -21, 0],
			"translation": [-1.25, 0, 0],
			"scale": [0.85, 0.85, 0.85]
		},
		"head": {
			"translation": [0, 7, 0],
			"scale": [1.75, 1.75, 1.75]
		},
		"fixed": {
			"translation": [-0.25, 0, 4.25]
		}
	},
	"groups": [
		0,
		1,
		2,
		3,
		4,
		5,
		6,
		7,
		8,
		9,
		10,
		11,
		{
			"name": "Animation",
			"origin": [8, 8.15, 4],
			"color": 0,
			"children": [12, 13, 14, 15, 16, 17, 18, 19, 20, 21, 22, 23, 24]
		}
	]
}