{"credit":"Made with Blockbench","texture_size":[128,128],"textures":{"1":"elitecreatures:arctic_knight_animated_weapon_set/arctic_knight_texture","2":"elitecreatures:arctic_knight_animated_weapon_set/arctic_knight_animation01","particle":"elitecreatures:arctic_knight_animated_weapon_set/arctic_knight_animation01"},"elements":[{"from":[6.75,-15.8,5],"to":[9.25,-13.8,8],"rotation":{"angle":-22.5,"axis":"x","origin":[8.2,-14.8,6.5]},"faces":{"north":{"uv":[2.625,2.625,2.9375,2.875],"texture":"#1"},"east":{"uv":[2.625,2.625,2.25,2.875],"texture":"#1"},"south":{"uv":[2.625,2.625,2.9375,2.875],"texture":"#1"},"west":{"uv":[2.25,2.625,2.625,2.875],"texture":"#1"},"up":{"uv":[2.25,2.875,2.5625,3.25],"texture":"#1"},"down":{"uv":[1.9375,3.25,2.25,3.625],"texture":"#1"}}},{"from":[6.75,-15.8,8],"to":[9.25,-13.8,11],"rotation":{"angle":22.5,"axis":"x","origin":[8.2,-14.8,9.5]},"faces":{"north":{"uv":[2.9375,2.625,2.625,2.875],"texture":"#1"},"east":{"uv":[2.25,2.625,2.625,2.875],"texture":"#1"},"south":{"uv":[2.9375,2.625,2.625,2.875],"texture":"#1"},"west":{"uv":[2.625,2.625,2.25,2.875],"texture":"#1"},"up":{"uv":[2.25,3.25,2.5625,2.875],"texture":"#1"},"down":{"uv":[1.9375,3.625,2.25,3.25],"texture":"#1"}}},{"from":[7,-13,7],"to":[9,3.5,9],"rotation":{"angle":45,"axis":"y","origin":[8,-9.5,8]},"faces":{"north":{"uv":[5.9375,0,5.6875,2.0625],"texture":"#1"},"east":{"uv":[5.6875,0,5.9375,2.0625],"texture":"#1"},"south":{"uv":[5.9375,0,5.6875,2.0625],"texture":"#1"},"west":{"uv":[5.6875,0,5.9375,2.0625],"texture":"#1"},"up":{"uv":[5.9375,0,5.6875,0.25],"texture":"#1"},"down":{"uv":[5.9375,0,5.6875,0.25],"texture":"#1"}}},{"from":[6.75,8.03374,2.39534],"to":[9.25,12.03374,7.89534],"rotation":{"angle":22.5,"axis":"x","origin":[8,10.03374,5.39534]},"faces":{"north":{"uv":[4.875,1,4.375,0.6875],"rotation":90,"texture":"#1"},"east":{"uv":[4.875,0,4.375,0.6875],"rotation":90,"texture":"#1"},"south":{"uv":[4.875,1,4.375,0.6875],"rotation":90,"texture":"#1"},"west":{"uv":[4.875,0.6875,4.375,0],"rotation":90,"texture":"#1"},"up":{"uv":[3.8125,2.5625,3.125,2.25],"rotation":90,"texture":"#1"},"down":{"uv":[3.8125,2.5625,3.125,2.25],"rotation":90,"texture":"#1"}}},{"from":[6.75,8.13374,8.10466],"to":[9.25,12.13374,13.60466],"rotation":{"angle":-22.5,"axis":"x","origin":[8,10.13374,10.60466]},"faces":{"north":{"uv":[4.875,0.6875,4.375,1],"rotation":90,"texture":"#1"},"east":{"uv":[4.875,0.6875,4.375,0],"rotation":90,"texture":"#1"},"south":{"uv":[4.875,0.6875,4.375,1],"rotation":90,"texture":"#1"},"west":{"uv":[4.875,0,4.375,0.6875],"rotation":90,"texture":"#1"},"up":{"uv":[3.125,2.5625,3.8125,2.25],"rotation":90,"texture":"#1"},"down":{"uv":[3.125,2.5625,3.8125,2.25],"rotation":90,"texture":"#1"}}},{"from":[9.5,-6.08922,-10.80421],"to":[6.5,-9.58922,-14.30421],"rotation":{"angle":-45,"axis":"x","origin":[10.2,12.71499,8]},"faces":{"north":{"uv":[16,0,15.94531,0.05469],"texture":"#1"},"east":{"uv":[16,0,15.94531,0.05469],"texture":"#1"},"south":{"uv":[16,0,15.94531,0.05469],"texture":"#1"},"west":{"uv":[16,0,15.94531,0.05469],"texture":"#1"},"up":{"uv":[16,0,15.94531,0.05469],"texture":"#1"},"down":{"uv":[16,0,15.94531,0.05469],"texture":"#1"}}},{"from":[6,5.5,5],"to":[10,10.5,10],"rotation":{"angle":-45,"axis":"x","origin":[8.5,8.5,8]},"faces":{"north":{"uv":[3.3125,0.625,3.9375,1.125],"rotation":90,"texture":"#1"},"east":{"uv":[3.3125,0.625,3.9375,0],"rotation":90,"texture":"#1"},"south":{"uv":[3.3125,1.125,3.9375,1.625],"rotation":90,"texture":"#1"},"west":{"uv":[3.3125,0,3.9375,0.625],"rotation":90,"texture":"#1"},"up":{"uv":[3.9375,1.125,3.3125,1.625],"rotation":90,"texture":"#1"},"down":{"uv":[3.3125,0.625,3.9375,1.125],"rotation":90,"texture":"#1"}}},{"from":[6.5,10.4,6.5],"to":[9.5,13.6,9.7],"rotation":{"angle":-45,"axis":"x","origin":[8.9,11.9,8]},"faces":{"north":{"uv":[4.875,1.8125,5.25,2.1875],"rotation":90,"texture":"#1"},"east":{"uv":[3.3125,2,3.6875,1.625],"rotation":90,"texture":"#1"},"south":{"uv":[5.25,1.4375,4.875,1.8125],"rotation":90,"texture":"#1"},"west":{"uv":[3.3125,1.625,3.6875,2],"rotation":90,"texture":"#1"},"up":{"uv":[4.875,1.4375,5.25,1.8125],"rotation":90,"texture":"#1"},"down":{"uv":[4.875,1.8125,5.25,2.1875],"rotation":90,"texture":"#1"}}},{"from":[6.25,6.35825,-0.04824],"to":[9.75,9.35825,8.95176],"rotation":{"angle":22.5,"axis":"x","origin":[8,9,4.5]},"faces":{"north":{"uv":[1.125,3.375,1.5625,3],"texture":"#1"},"east":{"uv":[1.125,3.375,0,3],"texture":"#1"},"south":{"uv":[1.125,3.375,1.5625,3],"texture":"#1"},"west":{"uv":[0,3.375,1.125,3],"texture":"#1"},"up":{"uv":[4.375,0,3.9375,1.125],"texture":"#1"},"down":{"uv":[4.375,1.125,3.9375,2.25],"texture":"#1"}}},{"from":[6.25,6.35825,7.04824],"to":[9.75,9.35825,16.04824],"rotation":{"angle":-22.5,"axis":"x","origin":[8,9,11.5]},"faces":{"north":{"uv":[1.5625,3.375,1.125,3],"texture":"#1"},"east":{"uv":[0,3.375,1.125,3],"texture":"#1"},"south":{"uv":[1.5625,3.375,1.125,3],"texture":"#1"},"west":{"uv":[1.125,3.375,0,3],"texture":"#1"},"up":{"uv":[4.375,1.125,3.9375,0],"texture":"#1"},"down":{"uv":[4.375,2.25,3.9375,1.125],"texture":"#1"}}},{"from":[6.75,3.5,6.75],"to":[9.25,5.5,9.25],"rotation":{"angle":45,"axis":"y","origin":[8,0.5,8]},"faces":{"north":{"uv":[1.9375,2.875,1.625,2.625],"texture":"#1"},"east":{"uv":[1.625,2.875,1.9375,2.625],"texture":"#1"},"south":{"uv":[1.9375,2.875,1.625,2.625],"texture":"#1"},"west":{"uv":[1.625,2.875,1.9375,2.625],"texture":"#1"},"up":{"uv":[1.9375,3.1875,1.625,2.875],"texture":"#1"},"down":{"uv":[1.9375,3.1875,1.625,2.875],"texture":"#1"}}},{"from":[6.75,-15.5,6.75],"to":[9.25,-13,9.25],"rotation":{"angle":45,"axis":"y","origin":[8,-18.5,8]},"faces":{"north":{"uv":[2.25,2.9375,1.9375,2.625],"texture":"#1"},"east":{"uv":[1.9375,2.9375,2.25,2.625],"texture":"#1"},"south":{"uv":[2.25,2.9375,1.9375,2.625],"texture":"#1"},"west":{"uv":[1.9375,2.9375,2.25,2.625],"texture":"#1"},"up":{"uv":[1.9375,3.25,2.25,2.9375],"texture":"#1"},"down":{"uv":[1.9375,3.25,2.25,2.9375],"texture":"#1"}}},{"from":[6.45,8,5.75],"to":[9.55,12,10.25],"rotation":{"angle":0,"axis":"y","origin":[-0.1,4,3.7]},"faces":{"north":{"uv":[1.375,3.625,1.75,4.125],"texture":"#1"},"east":{"uv":[0.5625,3.625,0,4.125],"texture":"#1"},"south":{"uv":[0.5625,3.625,0.9375,4.125],"texture":"#1"},"west":{"uv":[0,3.625,0.5625,4.125],"texture":"#1"},"up":{"uv":[0.9375,3.625,1.325,4.1875],"texture":"#1"},"down":{"uv":[0.9375,3.625,1.325,4.1875],"texture":"#1"}}},{"from":[7.6,-3.08134,-2.49524],"to":[8.4,1.91866,4.20476],"rotation":{"angle":-45,"axis":"x","origin":[8,1.91866,-2.49524]},"faces":{"north":{"uv":[0.8125,5.5625,0.9375,6.1875],"texture":"#1"},"east":{"uv":[0.8125,5.5625,0,6.1875],"texture":"#1"},"south":{"uv":[1.0625,5.5625,1.1875,6.1875],"texture":"#1"},"west":{"uv":[0,5.5625,0.8125,6.1875],"texture":"#1"},"up":{"uv":[1.1875,5.0625,1.3125,5.875],"texture":"#1"},"down":{"uv":[1.1875,5.0625,1.3125,5.875],"texture":"#1"}}},{"from":[7.55,1.5,-4.6],"to":[8.45,7,2.6],"rotation":{"angle":-22.5,"axis":"x","origin":[7.9,7,-4.6]},"faces":{"north":{"uv":[1.0625,4.1875,1.1875,4.875],"texture":"#1"},"east":{"uv":[0.875,4.875,0,5.5625],"texture":"#1"},"south":{"uv":[1.0625,4.875,1.1875,5.5625],"texture":"#1"},"west":{"uv":[0,4.875,0.875,5.5625],"texture":"#1"},"up":{"uv":[1.1875,4.1875,1.3125,5.0625],"texture":"#1"},"down":{"uv":[1.1875,4.1875,1.3125,5.0625],"texture":"#1"}}},{"from":[7.5,7,-4.6],"to":[8.5,12.5,2.9],"rotation":{"angle":0,"axis":"y","origin":[-0.3,-4.5,-1]},"faces":{"north":{"uv":[0.9375,4.1875,1.0625,4.875],"texture":"#1"},"east":{"uv":[0.9375,4.1875,0,4.875],"texture":"#1"},"south":{"uv":[0.9375,4.1875,1.0625,4.875],"texture":"#1"},"west":{"uv":[0,4.1875,0.9375,4.875],"texture":"#1"},"up":{"uv":[0.9375,4.875,1.0625,5.8125],"texture":"#1"},"down":{"uv":[0.9375,4.875,1.0625,5.8125],"texture":"#1"}}},{"from":[7.55,12.5,-4.6],"to":[8.45,16,3.4],"rotation":{"angle":22.5,"axis":"x","origin":[8,12.5,-4.6]},"faces":{"north":{"uv":[1.75,3.75,1.875,4.1875],"texture":"#1"},"east":{"uv":[2.3125,4.1875,1.3125,4.625],"texture":"#1"},"south":{"uv":[1.75,3.75,1.875,4.1875],"texture":"#1"},"west":{"uv":[1.3125,4.1875,2.3125,4.625],"texture":"#1"},"up":{"uv":[1.3125,4.625,1.4375,5.625],"texture":"#1"},"down":{"uv":[1.3125,4.625,1.4375,5.625],"texture":"#1"}}},{"from":[7.6,7.7,-5],"to":[8.4,12.2,-0.5],"rotation":{"angle":45,"axis":"x","origin":[7.8,11.7,-0.5]},"faces":{"north":{"uv":[1.1875,1,1.3125,1.5625],"texture":"#1"},"east":{"uv":[2.1875,1.125,1.625,1.6875],"texture":"#1"},"south":{"uv":[2.1875,1.125,2.3125,1.6875],"texture":"#1"},"west":{"uv":[1.625,1.125,2.1875,1.6875],"texture":"#1"},"up":{"uv":[0.875,0.75,1,1.3125],"texture":"#1"},"down":{"uv":[1.1875,1.5625,1.3125,2.125],"texture":"#1"}}},{"from":[7.6,6.40711,-5.53553],"to":[8.4,9.40711,-2.53553],"rotation":{"angle":45,"axis":"x","origin":[8,7.90711,-4.03553]},"faces":{"north":{"uv":[1.1875,2.125,1.375,2.5],"texture":"#1"},"east":{"uv":[2,1.6875,1.625,2.0625],"texture":"#1"},"south":{"uv":[1.1875,2.125,1.375,2.5],"texture":"#1"},"west":{"uv":[1.625,1.6875,2,2.0625],"texture":"#1"},"up":{"uv":[1.1875,2.5,1.375,2.875],"texture":"#1"},"down":{"uv":[1.1875,2.5,1.375,2.875],"texture":"#1"}}},{"from":[7.65,1.40711,-3.83553],"to":[8.35,4.40711,-0.83553],"rotation":{"angle":22.5,"axis":"x","origin":[7.9,2.90711,-2.33553]},"faces":{"north":{"uv":[1.1875,2.125,1.375,2.5],"texture":"#1"},"east":{"uv":[2,1.6875,1.625,2.0625],"texture":"#1"},"south":{"uv":[1.1875,2.125,1.375,2.5],"texture":"#1"},"west":{"uv":[1.625,1.6875,2,2.0625],"texture":"#1"},"up":{"uv":[1.1875,2.5,1.375,2.875],"texture":"#1"},"down":{"uv":[1.1875,2.5,1.375,2.875],"texture":"#1"}}},{"from":[7.65,1.40711,16.83553],"to":[8.35,4.40711,19.83553],"rotation":{"angle":-22.5,"axis":"x","origin":[7.9,2.90711,18.33553]},"faces":{"north":{"uv":[1.375,2.125,1.1875,2.5],"texture":"#1"},"east":{"uv":[1.625,1.6875,2,2.0625],"texture":"#1"},"south":{"uv":[1.375,2.125,1.1875,2.5],"texture":"#1"},"west":{"uv":[2,1.6875,1.625,2.0625],"texture":"#1"},"up":{"uv":[1.1875,2.875,1.375,2.5],"texture":"#1"},"down":{"uv":[1.1875,2.875,1.375,2.5],"texture":"#1"}}},{"from":[7.55,12.5,12.6],"to":[8.45,16,20.6],"rotation":{"angle":-22.5,"axis":"x","origin":[8,12.5,20.6]},"faces":{"north":{"uv":[1.875,3.75,1.75,4.1875],"texture":"#1"},"east":{"uv":[1.3125,4.1875,2.3125,4.625],"texture":"#1"},"south":{"uv":[1.875,3.75,1.75,4.1875],"texture":"#1"},"west":{"uv":[2.3125,4.1875,1.3125,4.625],"texture":"#1"},"up":{"uv":[1.3125,5.625,1.4375,4.625],"texture":"#1"},"down":{"uv":[1.3125,5.625,1.4375,4.625],"texture":"#1"}}},{"from":[7.6,7.7,16.5],"to":[8.4,12.2,21],"rotation":{"angle":-45,"axis":"x","origin":[7.8,11.7,16.5]},"faces":{"north":{"uv":[2.3125,1.125,2.1875,1.6875],"texture":"#1"},"east":{"uv":[1.625,1.125,2.1875,1.6875],"texture":"#1"},"south":{"uv":[1.3125,1,1.1875,1.5625],"texture":"#1"},"west":{"uv":[2.1875,1.125,1.625,1.6875],"texture":"#1"},"up":{"uv":[0.875,1.3125,1,0.75],"texture":"#1"},"down":{"uv":[1.1875,2.125,1.3125,1.5625],"texture":"#1"}}},{"from":[7.5,7,13.1],"to":[8.5,12.5,20.6],"rotation":{"angle":0,"axis":"y","origin":[-0.3,-4.5,17]},"faces":{"north":{"uv":[1.0625,4.1875,0.9375,4.875],"texture":"#1"},"east":{"uv":[0,4.1875,0.9375,4.875],"texture":"#1"},"south":{"uv":[1.0625,4.1875,0.9375,4.875],"texture":"#1"},"west":{"uv":[0.9375,4.1875,0,4.875],"texture":"#1"},"up":{"uv":[0.9375,5.8125,1.0625,4.875],"texture":"#1"},"down":{"uv":[0.9375,5.8125,1.0625,4.875],"texture":"#1"}}},{"from":[7.6,6.40711,18.53553],"to":[8.4,9.40711,21.53553],"rotation":{"angle":-45,"axis":"x","origin":[8,7.90711,20.03553]},"faces":{"north":{"uv":[1.375,2.125,1.1875,2.5],"texture":"#1"},"east":{"uv":[1.625,1.6875,2,2.0625],"texture":"#1"},"south":{"uv":[1.375,2.125,1.1875,2.5],"texture":"#1"},"west":{"uv":[2,1.6875,1.625,2.0625],"texture":"#1"},"up":{"uv":[1.1875,2.875,1.375,2.5],"texture":"#1"},"down":{"uv":[1.1875,2.875,1.375,2.5],"texture":"#1"}}},{"from":[7.55,1.5,13.4],"to":[8.45,7,20.6],"rotation":{"angle":22.5,"axis":"x","origin":[7.9,7,20.6]},"faces":{"north":{"uv":[1.1875,4.875,1.0625,5.5625],"texture":"#1"},"east":{"uv":[0,4.875,0.875,5.5625],"texture":"#1"},"south":{"uv":[1.1875,4.1875,1.0625,4.875],"texture":"#1"},"west":{"uv":[0.875,4.875,0,5.5625],"texture":"#1"},"up":{"uv":[1.1875,5.0625,1.3125,4.1875],"texture":"#1"},"down":{"uv":[1.1875,5.0625,1.3125,4.1875],"texture":"#1"}}},{"from":[7.6,-3.08134,11.79524],"to":[8.4,1.91866,18.49524],"rotation":{"angle":45,"axis":"x","origin":[8,1.91866,18.49524]},"faces":{"north":{"uv":[1.1875,5.5625,1.0625,6.1875],"texture":"#1"},"east":{"uv":[0,5.5625,0.8125,6.1875],"texture":"#1"},"south":{"uv":[0.9375,5.5625,0.8125,6.1875],"texture":"#1"},"west":{"uv":[0.8125,5.5625,0,6.1875],"texture":"#1"},"up":{"uv":[1.1875,5.875,1.3125,5.0625],"texture":"#1"},"down":{"uv":[1.1875,5.875,1.3125,5.0625],"texture":"#1"}}},{"from":[7,-12.08922,-6.80421],"to":[9,-9.08922,-3.80421],"rotation":{"angle":-45,"axis":"x","origin":[8.2,2.71499,8]},"faces":{"north":{"uv":[2.8125,3.125,2.5625,3.5],"texture":"#1"},"east":{"uv":[1.5625,3.1875,1.9375,3.5625],"texture":"#1"},"south":{"uv":[2.8125,3.125,2.5625,3.5],"texture":"#1"},"west":{"uv":[1.9375,3.1875,1.5625,3.5625],"texture":"#1"},"up":{"uv":[2.8125,3.125,2.5625,3.5],"texture":"#1"},"down":{"uv":[2.8125,3.125,2.5625,3.5],"texture":"#1"}}},{"from":[7,7.88922,-6.80421],"to":[9,10.88922,-3.80421],"rotation":{"angle":45,"axis":"x","origin":[8.2,-3.91499,8]},"faces":{"north":{"uv":[2.8125,3.5,2.5625,3.125],"texture":"#1"},"east":{"uv":[1.5625,3.5625,1.9375,3.1875],"texture":"#1"},"south":{"uv":[2.8125,3.5,2.5625,3.125],"texture":"#1"},"west":{"uv":[1.9375,3.5625,1.5625,3.1875],"texture":"#1"},"up":{"uv":[2.8125,3.5,2.5625,3.125],"texture":"#1"},"down":{"uv":[2.8125,3.5,2.5625,3.125],"texture":"#1"}}},{"from":[6.75,12.6,5],"to":[9.25,14.6,8],"rotation":{"angle":22.5,"axis":"x","origin":[8.2,13.6,6.5]},"faces":{"north":{"uv":[2.625,2.875,2.9375,2.625],"texture":"#1"},"east":{"uv":[2.625,2.875,2.25,2.625],"texture":"#1"},"south":{"uv":[2.625,2.875,2.9375,2.625],"texture":"#1"},"west":{"uv":[2.25,2.875,2.625,2.625],"texture":"#1"},"up":{"uv":[1.9375,3.625,2.25,3.25],"texture":"#1"},"down":{"uv":[2.25,3.25,2.5625,2.875],"texture":"#1"}}},{"from":[6.75,12.6,8],"to":[9.25,14.6,11],"rotation":{"angle":-22.5,"axis":"x","origin":[8.2,13.6,9.5]},"faces":{"north":{"uv":[2.9375,2.875,2.625,2.625],"texture":"#1"},"east":{"uv":[2.25,2.875,2.625,2.625],"texture":"#1"},"south":{"uv":[2.9375,2.875,2.625,2.625],"texture":"#1"},"west":{"uv":[2.625,2.875,2.25,2.625],"texture":"#1"},"up":{"uv":[1.9375,3.25,2.25,3.625],"texture":"#1"},"down":{"uv":[2.25,2.875,2.5625,3.25],"texture":"#1"}}},{"from":[9.5,8.38922,-10.80421],"to":[6.5,4.88922,-14.30421],"rotation":{"angle":45,"axis":"x","origin":[10.2,-13.91499,8]},"faces":{"north":{"uv":[16,0.05469,15.94531,0],"texture":"#1"},"east":{"uv":[16,0.05469,15.94531,0],"texture":"#1"},"south":{"uv":[16,0.05469,15.94531,0],"texture":"#1"},"west":{"uv":[16,0.05469,15.94531,0],"texture":"#1"},"up":{"uv":[16,0.05469,15.94531,0],"texture":"#1"},"down":{"uv":[16,0.05469,15.94531,0],"texture":"#1"}}},{"from":[5.45,9.82886,8.38744],"to":[10.55,11.92886,10.48744],"rotation":{"angle":-45,"axis":"x","origin":[9,9.44142,8]},"faces":{"north":{"uv":[4.875,2.4375,5.5,2.6875],"texture":"#1"},"east":{"uv":[4.875,1.625,4.625,1.375],"texture":"#1"},"south":{"uv":[4.875,2.4375,5.5,2.6875],"texture":"#1"},"west":{"uv":[4.625,1.625,4.875,1.375],"texture":"#1"},"up":{"uv":[4.875,2.1875,5.5,2.4375],"texture":"#1"},"down":{"uv":[4.875,2.1875,5.5,2.4375],"texture":"#1"}}},{"from":[5.5,8,6.5],"to":[10.5,11.5,9.5],"rotation":{"angle":0,"axis":"y","origin":[9,9.74142,7.8]},"faces":{"north":{"uv":[4.125,2.5625,3.5,3],"texture":"#1"},"east":{"uv":[3.125,2.5625,3.5,3],"texture":"#1"},"south":{"uv":[4.75,2.625,4.125,3.0625],"texture":"#1"},"west":{"uv":[3.5,2.5625,3.125,3],"texture":"#1"},"up":{"uv":[4.75,2.25,4.125,2.625],"texture":"#1"},"down":{"uv":[4.75,2.25,4.125,2.625],"texture":"#1"}}},{"from":[11.25,11.5,9.75],"to":[4.75,8,6.25],"rotation":{"angle":0,"axis":"y","origin":[15.7,13.24142,11]},"faces":{"north":{"uv":[16,0,15.1875,0.4375],"texture":"#1"},"east":{"uv":[15.625,0,15.1875,0.4375],"texture":"#1"},"south":{"uv":[16,0,15.1875,0.4375],"texture":"#1"},"west":{"uv":[15.625,0,15.1875,0.4375],"texture":"#1"}}},{"from":[11.3,9.7,10.5],"to":[4.8,7.2,8],"rotation":{"angle":45,"axis":"x","origin":[8,11.45,12.25]},"faces":{"east":{"uv":[15.5,0,15.1875,0.3125],"texture":"#1"},"south":{"uv":[16,0,15.1875,0.3125],"texture":"#1"},"west":{"uv":[15.5,0,15.1875,0.3125],"texture":"#1"},"down":{"uv":[16,0,15.1875,0.3125],"texture":"#1"}}},{"from":[11.3,12.3,10.5],"to":[4.8,9.8,8],"rotation":{"angle":-45,"axis":"x","origin":[8,8.05,12.25]},"faces":{"east":{"uv":[15.5,0.3125,15.1875,0],"texture":"#1"},"south":{"uv":[16,0.3125,15.1875,0],"texture":"#1"},"west":{"uv":[15.5,0.3125,15.1875,0],"texture":"#1"},"up":{"uv":[16,0.3125,15.1875,0],"texture":"#1"}}},{"from":[5.45,6.52886,7.98744],"to":[10.55,8.62886,10.08744],"rotation":{"angle":-45,"axis":"x","origin":[9,6.54142,8]},"faces":{"north":{"uv":[3.0625,3,3.6875,3.25],"texture":"#1"},"east":{"uv":[4.625,1.625,4.875,1.875],"texture":"#1"},"south":{"uv":[0,3.375,0.625,3.625],"texture":"#1"},"west":{"uv":[4.875,1.625,4.625,1.875],"texture":"#1"},"up":{"uv":[0.625,3.375,1.25,3.625],"texture":"#1"},"down":{"uv":[4.875,2.9375,5.5,3.1875],"texture":"#1"}}},{"from":[8,10.5,10],"to":[8,19.5,17],"rotation":{"angle":22.5,"axis":"x","origin":[6,11.5,14]},"faces":{"north":{"uv":[0,0,0,9],"texture":"#2"},"east":{"uv":[0,0,7,9],"texture":"#2"},"south":{"uv":[0,0,0,9],"texture":"#2"},"west":{"uv":[7,0,0,9],"texture":"#2"},"up":{"uv":[0,0,0,4],"texture":"#2"},"down":{"uv":[0,4,0,0],"texture":"#2"}}},{"from":[8,10.5,-1],"to":[8,19.5,6],"rotation":{"angle":-22.5,"axis":"x","origin":[6,11.5,2]},"faces":{"north":{"uv":[0,0,0,9],"texture":"#2"},"east":{"uv":[7,0,0,9],"texture":"#2"},"south":{"uv":[0,0,0,9],"texture":"#2"},"west":{"uv":[0,0,7,9],"texture":"#2"},"up":{"uv":[0,4,0,0],"texture":"#2"},"down":{"uv":[0,0,0,4],"texture":"#2"}}}],"gui_light":"front","display":{"thirdperson_righthand":{"translation":[0,8.5,1.75],"scale":[0.65,0.65,0.65]},"thirdperson_lefthand":{"translation":[0,8.5,1.75],"scale":[0.65,0.65,0.65]},"firstperson_righthand":{"rotation":[-10,7,2],"translation":[5,8,-4.25],"scale":[0.55508,0.55508,0.55508]},"firstperson_lefthand":{"rotation":[-10,7,2],"translation":[5,8,-4.25],"scale":[0.55508,0.55508,0.55508]},"ground":{"rotation":[0,0,90],"translation":[-5,9,0],"scale":[0.55,0.55,0.55]},"gui":{"rotation":[-90,-135,-90],"translation":[-1.25,1.25,-1.5],"scale":[0.46289,0.46289,0.46289]},"head":{"scale":[0,0,0]},"fixed":{"rotation":[-90,-90,-90],"translation":[0,15.75,-2.5],"scale":[1.4,1.4,1.4]}},"mcmodels":"effdf8b2824154e815c2ad12db4aea7c"}