{"credit":"Made with Blockbench","texture_size":[128,128],"textures":{"1":"elitecreatures:arctic_knight_animated_weapon_set/arctic_knight_texture","2":"elitecreatures:arctic_knight_animated_weapon_set/arctic_knight_animation01","particle":"elitecreatures:arctic_knight_animated_weapon_set/arctic_knight_animation01"},"elements":[{"from":[7,4.5,7],"to":[9,13,9],"rotation":{"angle":45,"axis":"y","origin":[8,8,8]},"faces":{"north":{"uv":[4.625,1,4.375,2.0625],"texture":"#1"},"east":{"uv":[4.375,1,4.625,2.0625],"texture":"#1"},"south":{"uv":[4.625,1,4.375,2.0625],"texture":"#1"},"west":{"uv":[4.375,1,4.625,2.0625],"texture":"#1"},"up":{"uv":[4.625,1.8125,4.375,2.0625],"texture":"#1"},"down":{"uv":[4.625,1.8125,4.375,2.0625],"texture":"#1"}}},{"from":[7.75,8,15.5],"to":[8.25,23,16],"rotation":{"angle":0,"axis":"y","origin":[8,23,15.75]},"faces":{"north":{"uv":[7.5625,10.8125,7.625,12.6875],"texture":"#1"},"east":{"uv":[7.5625,10.8125,7.625,12.6875],"texture":"#1"},"south":{"uv":[7.5625,10.8125,7.625,12.6875],"texture":"#1"},"west":{"uv":[7.5625,10.8125,7.625,12.6875],"texture":"#1"},"up":{"uv":[7.5625,10.8125,7.625,10.875],"texture":"#1"},"down":{"uv":[7.5625,10.8125,7.625,10.875],"texture":"#1"}}},{"from":[7.75,-7,15.5],"to":[8.25,8,16],"rotation":{"angle":0,"axis":"y","origin":[8,-7,15.75]},"faces":{"north":{"uv":[7.5625,12.6875,7.625,10.8125],"texture":"#1"},"east":{"uv":[7.5625,12.6875,7.625,10.8125],"texture":"#1"},"south":{"uv":[7.5625,12.6875,7.625,10.8125],"texture":"#1"},"west":{"uv":[7.5625,12.6875,7.625,10.8125],"texture":"#1"},"up":{"uv":[7.5625,10.875,7.625,10.8125],"texture":"#1"},"down":{"uv":[7.5625,10.875,7.625,10.8125],"texture":"#1"}}},{"from":[6.75,11,6.75],"to":[9.25,13,9.25],"rotation":{"angle":45,"axis":"y","origin":[8,8,8]},"faces":{"north":{"uv":[1.9375,2.875,1.625,2.625],"texture":"#1"},"east":{"uv":[1.625,2.875,1.9375,2.625],"texture":"#1"},"south":{"uv":[1.9375,2.875,1.625,2.625],"texture":"#1"},"west":{"uv":[1.625,2.875,1.9375,2.625],"texture":"#1"},"up":{"uv":[1.9375,3.1875,1.625,2.875],"texture":"#1"},"down":{"uv":[1.9375,3.1875,1.625,2.875],"texture":"#1"}}},{"from":[6.75,3,6.75],"to":[9.25,5,9.25],"rotation":{"angle":45,"axis":"y","origin":[8,8,8]},"faces":{"north":{"uv":[1.9375,2.625,1.625,2.875],"texture":"#1"},"east":{"uv":[1.625,2.625,1.9375,2.875],"texture":"#1"},"south":{"uv":[1.9375,2.625,1.625,2.875],"texture":"#1"},"west":{"uv":[1.625,2.625,1.9375,2.875],"texture":"#1"},"up":{"uv":[1.9375,2.875,1.625,3.1875],"texture":"#1"},"down":{"uv":[1.9375,2.875,1.625,3.1875],"texture":"#1"}}},{"from":[4.85,18.20468,4.77868],"to":[2.85,16.20468,3.27868],"rotation":{"angle":45,"axis":"z","origin":[8.025,21.35,8.00368]},"faces":{"north":{"uv":[15.375,0,15.1875,0.1875],"texture":"#1"},"south":{"uv":[15.375,0,15.1875,0.1875],"texture":"#1"},"west":{"uv":[15.375,0,15.1875,0.1875],"texture":"#1"},"down":{"uv":[15.375,0,15.1875,0.1875],"texture":"#1"}}},{"from":[4.85,12.29532,4.77868],"to":[2.85,10.29532,3.27868],"rotation":{"angle":-45,"axis":"z","origin":[8.025,7.15,8.00368]},"faces":{"north":{"uv":[15.375,0.1875,15.1875,0],"texture":"#1"},"south":{"uv":[15.375,0.1875,15.1875,0],"texture":"#1"},"west":{"uv":[15.375,0.1875,15.1875,0],"texture":"#1"},"up":{"uv":[15.375,0.1875,15.1875,0],"texture":"#1"}}},{"from":[9.27868,15.5,4.72868],"to":[6.77868,13,3.22868],"rotation":{"angle":0,"axis":"y","origin":[11.025,19.25,10.00368]},"faces":{"north":{"uv":[15.625,0,15.1875,0.4375],"texture":"#1"},"east":{"uv":[16,0,15.1875,0.4375],"texture":"#1"},"south":{"uv":[15.625,0,15.1875,0.4375],"texture":"#1"},"west":{"uv":[16,0,15.1875,0.4375],"texture":"#1"}}},{"from":[4.85,-0.20468,4.77868],"to":[2.85,-2.20468,3.27868],"rotation":{"angle":-45,"axis":"z","origin":[8.025,-5.35,8.00368]},"faces":{"north":{"uv":[15.375,0.1875,15.1875,0],"texture":"#1"},"south":{"uv":[15.375,0.1875,15.1875,0],"texture":"#1"},"west":{"uv":[15.375,0.1875,15.1875,0],"texture":"#1"},"up":{"uv":[15.375,0.1875,15.1875,0],"texture":"#1"}}},{"from":[9.27868,3,4.72868],"to":[6.77868,0.5,3.22868],"rotation":{"angle":0,"axis":"y","origin":[11.025,-3.25,10.00368]},"faces":{"north":{"uv":[15.625,0.4375,15.1875,0],"texture":"#1"},"east":{"uv":[16,0.4375,15.1875,0],"texture":"#1"},"south":{"uv":[15.625,0.4375,15.1875,0],"texture":"#1"},"west":{"uv":[16,0.4375,15.1875,0],"texture":"#1"}}},{"from":[4.85,5.70468,4.77868],"to":[2.85,3.70468,3.27868],"rotation":{"angle":45,"axis":"z","origin":[8.025,8.85,8.00368]},"faces":{"north":{"uv":[15.375,0,15.1875,0.1875],"texture":"#1"},"south":{"uv":[15.375,0,15.1875,0.1875],"texture":"#1"},"west":{"uv":[15.375,0,15.1875,0.1875],"texture":"#1"},"down":{"uv":[15.375,0,15.1875,0.1875],"texture":"#1"}}},{"from":[6.55,23.6,14.62165],"to":[9.45,28.6,17.12165],"rotation":{"angle":0,"axis":"y","origin":[7.9,26.6,15.08359]},"faces":{"north":{"uv":[5.8,8.125,5.4375,7.5],"texture":"#1"},"east":{"uv":[5.125,8.125,5.4375,7.5],"texture":"#1"},"south":{"uv":[6.175,8.125,5.8125,7.5],"texture":"#1"},"west":{"uv":[5.4375,8.125,5.125,7.5],"texture":"#1"},"up":{"uv":[5.2375,7.0625,4.875,6.75],"texture":"#1"},"down":{"uv":[5.2375,7.0625,4.875,6.75],"texture":"#1"}}},{"from":[6.5,23.1,13],"to":[9.5,26.1,16],"rotation":{"angle":-22.5,"axis":"x","origin":[8,26.44619,15.48359]},"faces":{"north":{"uv":[5.625,7.0625,5.25,6.6875],"texture":"#1"},"east":{"uv":[4.125,7.0625,4.5,6.6875],"texture":"#1"},"south":{"uv":[4.875,7.0625,4.5,6.6875],"texture":"#1"},"west":{"uv":[4.5,7.0625,4.125,6.6875],"texture":"#1"},"up":{"uv":[5.625,6.6875,5.25,6.3125],"texture":"#1"},"down":{"uv":[5.25,6.75,4.875,6.375],"texture":"#1"}}},{"from":[6.75,21.94445,9.6505],"to":[9.25,23.94445,15.1505],"rotation":{"angle":-45,"axis":"x","origin":[8.2,22.28685,13.59982]},"faces":{"north":{"uv":[4.375,8.875,4.625,8.5625],"rotation":90,"texture":"#1"},"east":{"uv":[4.375,8.5625,4.625,9.25],"rotation":90,"texture":"#1"},"south":{"uv":[4.375,8.875,4.625,8.5625],"rotation":90,"texture":"#1"},"west":{"uv":[4.375,9.25,4.625,8.5625],"rotation":90,"texture":"#1"},"up":{"uv":[4.125,6.6875,4.8125,6.375],"rotation":90,"texture":"#1"},"down":{"uv":[5.125,7.5,5.8125,7.1875],"rotation":90,"texture":"#1"}}},{"from":[6.25,12.85323,9.9488],"to":[9.75,19.35323,13.4488],"rotation":{"angle":22.5,"axis":"x","origin":[8.5,23.38685,13.79982]},"faces":{"north":{"uv":[5.125,8.125,4.3125,7.6875],"rotation":90,"texture":"#1"},"east":{"uv":[4.3125,7.3125,3.5,7.75],"rotation":90,"texture":"#1"},"south":{"uv":[5.125,7.6875,4.3125,7.25],"rotation":90,"texture":"#1"},"west":{"uv":[4.3125,7.75,3.5,7.3125],"rotation":90,"texture":"#1"},"up":{"uv":[4.8125,8.5625,4.375,8.125],"rotation":90,"texture":"#1"},"down":{"uv":[4.8125,8.5625,4.375,8.125],"rotation":90,"texture":"#1"}}},{"from":[6.25,-3.35323,9.9488],"to":[9.75,3.14677,13.4488],"rotation":{"angle":-22.5,"axis":"x","origin":[8.5,-7.38685,13.79982]},"faces":{"north":{"uv":[4.3125,8.125,5.125,7.6875],"rotation":90,"texture":"#1"},"east":{"uv":[3.5,7.75,4.3125,7.3125],"rotation":90,"texture":"#1"},"south":{"uv":[4.3125,7.6875,5.125,7.25],"rotation":90,"texture":"#1"},"west":{"uv":[3.5,7.75,4.3125,7.3125],"rotation":90,"texture":"#1"},"up":{"uv":[4.375,8.5625,4.8125,8.125],"rotation":90,"texture":"#1"},"down":{"uv":[4.375,8.5625,4.8125,8.125],"rotation":90,"texture":"#1"}}},{"from":[6.75,-7.94445,9.6505],"to":[9.25,-5.94445,15.1505],"rotation":{"angle":45,"axis":"x","origin":[8.2,-6.28685,13.59982]},"faces":{"north":{"uv":[4.625,8.875,4.375,8.5625],"rotation":90,"texture":"#1"},"east":{"uv":[4.625,9.25,4.375,8.5625],"rotation":90,"texture":"#1"},"south":{"uv":[4.625,8.875,4.375,8.5625],"rotation":90,"texture":"#1"},"west":{"uv":[4.625,9.25,4.375,8.5625],"rotation":90,"texture":"#1"},"up":{"uv":[4.8125,6.6875,4.125,6.375],"rotation":90,"texture":"#1"},"down":{"uv":[4.8125,6.6875,4.125,6.375],"rotation":90,"texture":"#1"}}},{"from":[6.5,-10.1,13],"to":[9.5,-7.1,16],"rotation":{"angle":22.5,"axis":"x","origin":[8,-10.44619,15.48359]},"faces":{"north":{"uv":[4.875,6.6875,4.5,7.0625],"texture":"#1"},"east":{"uv":[4.5,6.6875,4.125,7.0625],"texture":"#1"},"south":{"uv":[4.875,6.6875,4.5,7.0625],"texture":"#1"},"west":{"uv":[4.5,6.6875,4.125,7.0625],"texture":"#1"},"up":{"uv":[5.25,6.375,4.875,6.75],"texture":"#1"},"down":{"uv":[5.25,6.375,4.875,6.75],"texture":"#1"}}},{"from":[6.55,-12.6,14.62165],"to":[9.45,-7.6,17.12165],"rotation":{"angle":0,"axis":"y","origin":[7.9,-10.6,15.08359]},"faces":{"north":{"uv":[5.8,7.5,5.4375,8.125],"texture":"#1"},"east":{"uv":[5.4375,7.5,5.125,8.125],"texture":"#1"},"south":{"uv":[6.175,7.5,5.8125,8.125],"texture":"#1"},"west":{"uv":[5.4375,7.5,5.125,8.125],"texture":"#1"},"up":{"uv":[5.2375,6.75,4.875,7.0625],"texture":"#1"},"down":{"uv":[5.2375,6.75,4.875,7.0625],"texture":"#1"}}},{"from":[5.75,13,4.5],"to":[10.25,15.5,10.5],"rotation":{"angle":0,"axis":"y","origin":[8.7,13,7.5]},"faces":{"north":{"uv":[3.1875,8.3125,3.5,7.75],"rotation":90,"texture":"#1"},"east":{"uv":[2.5625,7.9375,2.875,8.6875],"rotation":90,"texture":"#1"},"south":{"uv":[2.875,8.3125,3.1875,7.75],"rotation":90,"texture":"#1"},"west":{"uv":[2.5625,8.6875,2.875,7.9375],"rotation":90,"texture":"#1"},"up":{"uv":[3.5,8.3125,4.25,7.75],"rotation":90,"texture":"#1"},"down":{"uv":[4.25,8.3125,3.5,7.75],"rotation":90,"texture":"#1"}}},{"from":[6.25,14.1,4.55],"to":[9.25,17.1,7.05],"rotation":{"angle":45,"axis":"z","origin":[8,15.85,4.5]},"faces":{"north":{"uv":[3.1875,7.375,2.8125,7.75],"rotation":90,"texture":"#1"},"east":{"uv":[2.875,6.9375,2.5,7.25],"rotation":90,"texture":"#1"},"south":{"uv":[2.8125,7.375,3.1875,7.75],"rotation":90,"texture":"#1"},"west":{"uv":[2.875,6.9375,2.5,7.25],"rotation":90,"texture":"#1"},"up":{"uv":[3.1875,6.9375,2.875,7.3125],"rotation":90,"texture":"#1"},"down":{"uv":[3.1875,6.9375,2.875,7.3125],"rotation":90,"texture":"#1"}}},{"from":[6.25,11.4,4.55],"to":[9.25,14.4,7.05],"rotation":{"angle":-45,"axis":"z","origin":[8,12.65,4.5]},"faces":{"north":{"uv":[3.1875,6.9375,3.5625,7.3125],"rotation":90,"texture":"#1"},"east":{"uv":[3.6875,6.75,4.0625,7.0625],"rotation":90,"texture":"#1"},"south":{"uv":[3.1875,7.3125,3.5625,6.9375],"rotation":90,"texture":"#1"},"west":{"uv":[3.6875,6.75,4.0625,7.0625],"rotation":90,"texture":"#1"},"up":{"uv":[3.1875,7.3125,3.5,7.6875],"rotation":90,"texture":"#1"},"down":{"uv":[3.1875,7.3125,3.5,7.6875],"rotation":90,"texture":"#1"}}},{"from":[6.25,-1.1,4.55],"to":[9.25,1.9,7.05],"rotation":{"angle":-45,"axis":"z","origin":[8,0.15,4.5]},"faces":{"north":{"uv":[2.8125,7.375,3.1875,7.75],"rotation":90,"texture":"#1"},"east":{"uv":[2.5,6.9375,2.875,7.25],"rotation":90,"texture":"#1"},"south":{"uv":[3.1875,7.375,2.8125,7.75],"rotation":90,"texture":"#1"},"west":{"uv":[2.5,6.9375,2.875,7.25],"rotation":90,"texture":"#1"},"up":{"uv":[2.875,6.9375,3.1875,7.3125],"rotation":90,"texture":"#1"},"down":{"uv":[2.875,6.9375,3.1875,7.3125],"rotation":90,"texture":"#1"}}},{"from":[5.75,0.5,4.5],"to":[10.25,3,10.5],"rotation":{"angle":0,"axis":"y","origin":[8.7,3,7.5]},"faces":{"north":{"uv":[3.5,8.3125,3.1875,7.75],"rotation":90,"texture":"#1"},"east":{"uv":[2.875,7.9375,2.5625,8.6875],"rotation":90,"texture":"#1"},"south":{"uv":[3.1875,8.3125,2.875,7.75],"rotation":90,"texture":"#1"},"west":{"uv":[2.875,8.6875,2.5625,7.9375],"rotation":90,"texture":"#1"},"up":{"uv":[3.5,8.3125,4.25,7.75],"rotation":90,"texture":"#1"},"down":{"uv":[4.25,8.3125,3.5,7.75],"rotation":90,"texture":"#1"}}},{"from":[6.25,1.6,4.55],"to":[9.25,4.6,7.05],"rotation":{"angle":45,"axis":"z","origin":[8,3.35,4.5]},"faces":{"north":{"uv":[3.5625,6.9375,3.1875,7.3125],"rotation":90,"texture":"#1"},"east":{"uv":[4.0625,6.75,3.6875,7.0625],"rotation":90,"texture":"#1"},"south":{"uv":[3.5625,7.3125,3.1875,6.9375],"rotation":90,"texture":"#1"},"west":{"uv":[4.0625,6.75,3.6875,7.0625],"rotation":90,"texture":"#1"},"up":{"uv":[3.5,7.3125,3.1875,7.6875],"rotation":90,"texture":"#1"},"down":{"uv":[3.5,7.3125,3.1875,7.6875],"rotation":90,"texture":"#1"}}},{"from":[8,21,8],"to":[8,30,15],"rotation":{"angle":-22.5,"axis":"x","origin":[6,22,11]},"faces":{"north":{"uv":[0,0,0,9],"texture":"#2"},"east":{"uv":[7,0,0,9],"texture":"#2"},"south":{"uv":[0,0,0,9],"texture":"#2"},"west":{"uv":[0,0,7,9],"texture":"#2"},"up":{"uv":[0,4,0,0],"texture":"#2"},"down":{"uv":[0,0,0,4],"texture":"#2"}}},{"from":[8,-14,8],"to":[8,-5,15],"rotation":{"angle":22.5,"axis":"x","origin":[6,-6,11]},"faces":{"north":{"uv":[0,9,0,0],"texture":"#2"},"east":{"uv":[7,9,0,0],"texture":"#2"},"south":{"uv":[0,9,0,0],"texture":"#2"},"west":{"uv":[0,9,7,0],"texture":"#2"},"up":{"uv":[0,4,0,0],"texture":"#2"},"down":{"uv":[0,0,0,4],"texture":"#2"}}}],"gui_light":"front","display":{"thirdperson_righthand":{"rotation":[0,-3,0],"translation":[0,-2,1],"scale":[0.6,0.6,0.6]},"thirdperson_lefthand":{"rotation":[0,-3,0],"translation":[0,-2,1],"scale":[0.6,0.6,0.6]},"firstperson_righthand":{"rotation":[16,-9.23,-9],"translation":[9,4,-5.75],"scale":[0.5,0.5,0.5]},"firstperson_lefthand":{"rotation":[16,-9.23,-9],"translation":[9,4,-5.75],"scale":[0.5,0.5,0.5]},"ground":{"rotation":[0,0,90],"translation":[-0.25,9,-3.25],"scale":[0.6,0.6,0.6]},"gui":{"rotation":[-57,135,71],"translation":[-2,2,-1.5],"scale":[0.45313,0.45313,0.45313]},"head":{"scale":[0,0,0]},"fixed":{"rotation":[-90,-90,-90],"translation":[4.25,-0.75,-3.25],"scale":[1.4,1.4,1.4]}},"mcmodels":"effdf8b2824154e815c2ad12db4aea7c"}