{"credit":"Made with Blockbench","texture_size":[128,128],"textures":{"1":"elitecreatures:arctic_knight_animated_weapon_set/arctic_knight_texture","2":"elitecreatures:arctic_knight_animated_weapon_set/arctic_knight_animation01","particle":"elitecreatures:arctic_knight_animated_weapon_set/arctic_knight_animation01"},"elements":[{"from":[-2.5,7,0],"to":[18.5,10.5,16],"rotation":{"angle":0,"axis":"y","origin":[6.5,10,7]},"faces":{"north":{"uv":[8.4375,13.125,5.8125,13.5625],"texture":"#1"},"east":{"uv":[7.8125,12.6875,5.8125,13.125],"texture":"#1"},"south":{"uv":[8.4375,13.5625,5.8125,14],"texture":"#1"},"west":{"uv":[7.8125,12.6875,5.8125,13.125],"texture":"#1"},"up":{"uv":[8.4375,14,5.8125,16],"texture":"#1"},"down":{"uv":[8.4375,14,5.8125,16],"texture":"#1"}}},{"from":[7.1,9.6,-0.45],"to":[9.9,12.4,2.55],"rotation":{"angle":-45,"axis":"z","origin":[8,11.5,2.1]},"faces":{"north":{"uv":[1.8125,7.875,1.4375,8.25],"texture":"#1"},"east":{"uv":[2.1875,7.875,2.5625,8.25],"texture":"#1"},"south":{"uv":[1.8125,7.875,1.4375,8.25],"texture":"#1"},"west":{"uv":[2.5625,7.875,2.1875,8.25],"texture":"#1"},"up":{"uv":[2.1875,7.875,1.8125,8.25],"texture":"#1"},"down":{"uv":[2.1875,7.875,1.8125,8.25],"texture":"#1"}}},{"from":[7.1,5.2,-0.45],"to":[9.9,8,2.55],"rotation":{"angle":45,"axis":"z","origin":[8,6.1,2.1]},"faces":{"north":{"uv":[1.8125,8.625,1.4375,8.25],"texture":"#1"},"east":{"uv":[2.1875,8.25,1.8125,8.625],"rotation":90,"texture":"#1"},"south":{"uv":[1.8125,8.625,1.4375,8.25],"texture":"#1"},"west":{"uv":[2.1875,8.625,1.8125,8.25],"rotation":90,"texture":"#1"},"up":{"uv":[2.1875,8.625,2.5625,8.25],"rotation":90,"texture":"#1"},"down":{"uv":[2.5625,8.625,2.1875,8.25],"rotation":90,"texture":"#1"}}},{"from":[6,6.8,-0.4],"to":[10,10.8,2.6],"rotation":{"angle":0,"axis":"y","origin":[7.3,9.54142,3.1]},"faces":{"north":{"uv":[2.8125,7.375,2.3125,7.875],"texture":"#1"},"east":{"uv":[2.3125,7.375,1.9375,7.875],"texture":"#1"},"south":{"uv":[1.9375,7.375,1.4375,7.875],"texture":"#1"},"west":{"uv":[1.9375,7.375,2.3125,7.875],"texture":"#1"},"up":{"uv":[1.9375,7.5,1.4375,7.875],"texture":"#1"},"down":{"uv":[1.9375,7.5,1.4375,7.875],"texture":"#1"}}},{"from":[-0.5,2,2],"to":[16.5,16,14],"rotation":{"angle":0,"axis":"y","origin":[7.5,8,2]},"faces":{"north":{"uv":[5.4375,10.9375,7.5625,12.6875],"texture":"#1"},"east":{"uv":[2.875,8.3125,4.375,10.0625],"texture":"#1"},"south":{"uv":[5.4375,10.9375,7.5625,12.6875],"texture":"#1"},"west":{"uv":[2.875,8.3125,4.375,10.0625],"texture":"#1"},"up":{"uv":[2.875,11.25,5,12.75],"texture":"#1"},"down":{"uv":[2.875,11.25,5,12.75],"texture":"#1"}}},{"from":[-2,0,0],"to":[18,2.5,16],"rotation":{"angle":0,"axis":"y","origin":[9,-2,1]},"faces":{"north":{"uv":[4.8125,8.4375,7.3125,8.75],"texture":"#1"},"east":{"uv":[4.8125,8.125,6.8125,8.4375],"texture":"#1"},"south":{"uv":[4.8125,8.4375,7.3125,8.75],"texture":"#1"},"west":{"uv":[4.8125,8.125,6.8125,8.4375],"texture":"#1"},"up":{"uv":[4.8125,8.75,7.3125,10.75],"texture":"#1"},"down":{"uv":[4.8125,8.75,7.3125,10.75],"texture":"#1"}}},{"from":[0.5,15.5,1.5],"to":[15.5,18.5,8],"rotation":{"angle":-22.5,"axis":"x","origin":[14.5,18.5,8]},"faces":{"north":{"uv":[4.75,10.0625,2.875,10.4375],"texture":"#1"},"east":{"uv":[0.1875,0,0,0.14063],"texture":"#1"},"south":{"uv":[4.75,10.0625,2.875,10.4375],"texture":"#1"},"west":{"uv":[0.1875,0,0,0.14063],"texture":"#1"},"up":{"uv":[4.75,10.4375,2.875,11.25],"texture":"#1"},"down":{"uv":[4.75,10.4375,2.875,11.25],"texture":"#1"}}},{"from":[0.5,15.5,8],"to":[15.5,18.5,14.5],"rotation":{"angle":22.5,"axis":"x","origin":[14.5,18.5,8]},"faces":{"north":{"uv":[2.875,10.0625,4.75,10.4375],"texture":"#1"},"east":{"uv":[0,0,0.1875,0.14063],"texture":"#1"},"south":{"uv":[2.875,10.0625,4.75,10.4375],"texture":"#1"},"west":{"uv":[0,0,0.1875,0.14063],"texture":"#1"},"up":{"uv":[4.75,11.25,2.875,10.4375],"texture":"#1"},"down":{"uv":[4.75,11.25,2.875,10.4375],"texture":"#1"}}},{"from":[17.5,13,0.5],"to":[21.5,24,15.5],"rotation":{"angle":-22.5,"axis":"z","origin":[8.5,22,6.5]},"faces":{"north":{"uv":[5.3125,13.125,5.8125,14.5],"texture":"#1"},"east":{"uv":[8.4375,14.625,10.3125,16],"texture":"#1"},"south":{"uv":[5.8125,13.125,5.3125,14.5],"texture":"#1"},"west":{"uv":[8.4375,13.25,10.3125,14.625],"texture":"#1"},"up":{"uv":[4.8125,12.625,5.3125,14.5],"texture":"#1"},"down":{"uv":[4.8125,12.625,5.3125,14.5],"texture":"#1"}}},{"from":[5.95,17.3,0.5],"to":[10.05,20.3,8],"rotation":{"angle":-22.5,"axis":"x","origin":[6,20.3,8]},"faces":{"north":{"uv":[2.375,12.9375,2.875,13.3125],"texture":"#1"},"east":{"uv":[0,11.375,0.9375,11.75],"texture":"#1"},"south":{"uv":[2.375,12.9375,2.875,13.3125],"texture":"#1"},"west":{"uv":[0.9375,11.375,0,11.75],"texture":"#1"},"up":{"uv":[2.375,13.3125,2.875,14.25],"texture":"#1"},"down":{"uv":[2.375,13.3125,2.875,14.25],"texture":"#1"}}},{"from":[6,17.3,8],"to":[10,20.3,15.5],"rotation":{"angle":22.5,"axis":"x","origin":[6,20.3,8]},"faces":{"north":{"uv":[2.875,12.9375,2.375,13.3125],"texture":"#1"},"east":{"uv":[0.9375,11.375,0,11.75],"texture":"#1"},"south":{"uv":[2.875,12.9375,2.375,13.3125],"texture":"#1"},"west":{"uv":[0,11.375,0.9375,11.75],"texture":"#1"},"up":{"uv":[2.375,14.25,2.875,13.3125],"texture":"#1"},"down":{"uv":[2.375,14.25,2.875,13.3125],"texture":"#1"}}},{"from":[-1.5,0,0.5],"to":[2.5,7,4.5],"rotation":{"angle":0,"axis":"y","origin":[7.5,-2,1.5]},"faces":{"north":{"uv":[2.375,12.0625,2.875,12.9375],"texture":"#1"},"east":{"uv":[2.375,11.1875,2.875,12.0625],"texture":"#1"},"south":{"uv":[2.375,11.1875,2.875,12.0625],"texture":"#1"},"west":{"uv":[2.375,12.0625,2.875,12.9375],"texture":"#1"},"up":{"uv":[1.875,11,2.5,11.5],"texture":"#1"},"down":{"uv":[1.875,11,2.5,11.5],"texture":"#1"}}},{"from":[-1.5,0,11.5],"to":[2.5,7,15.5],"rotation":{"angle":0,"axis":"y","origin":[7.5,-2,14.5]},"faces":{"north":{"uv":[2.875,11.1875,2.375,12.0625],"texture":"#1"},"east":{"uv":[2.875,11.1875,2.375,12.0625],"texture":"#1"},"south":{"uv":[2.875,12.0625,2.375,12.9375],"texture":"#1"},"west":{"uv":[2.875,12.0625,2.375,12.9375],"texture":"#1"},"up":{"uv":[1.875,11.5,2.5,11],"texture":"#1"},"down":{"uv":[1.875,11.5,2.5,11],"texture":"#1"}}},{"from":[13.5,0,11.5],"to":[17.5,7,15.5],"rotation":{"angle":0,"axis":"y","origin":[8.5,-2,14.5]},"faces":{"north":{"uv":[2.375,11.1875,2.875,12.0625],"texture":"#1"},"east":{"uv":[2.375,12.0625,2.875,12.9375],"texture":"#1"},"south":{"uv":[2.375,12.0625,2.875,12.9375],"texture":"#1"},"west":{"uv":[2.375,11.1875,2.875,12.0625],"texture":"#1"},"up":{"uv":[2.5,11.5,1.875,11],"texture":"#1"},"down":{"uv":[2.5,11.5,1.875,11],"texture":"#1"}}},{"from":[13.5,0,0.5],"to":[17.5,7,4.5],"rotation":{"angle":0,"axis":"y","origin":[8.5,-2,1.5]},"faces":{"north":{"uv":[2.875,12.0625,2.375,12.9375],"texture":"#1"},"east":{"uv":[2.875,12.0625,2.375,12.9375],"texture":"#1"},"south":{"uv":[2.875,11.1875,2.375,12.0625],"texture":"#1"},"west":{"uv":[2.875,11.1875,2.375,12.0625],"texture":"#1"},"up":{"uv":[2.5,11,1.875,11.5],"texture":"#1"},"down":{"uv":[2.5,11,1.875,11.5],"texture":"#1"}}},{"from":[13.58028,16.40361,0.55],"to":[17.58028,20.40361,15.45],"rotation":{"angle":22.5,"axis":"z","origin":[17.58028,20.40361,8]},"faces":{"north":{"uv":[1.75,10.375,2.25,10.875],"texture":"#1"},"east":{"uv":[0,10.875,1.875,11.375],"texture":"#1"},"south":{"uv":[2.25,10.375,1.75,10.875],"texture":"#1"},"west":{"uv":[0,10.875,1.875,11.375],"texture":"#1"},"up":{"uv":[4.8125,10.75,5.3125,12.6125],"texture":"#1"},"down":{"uv":[4.8125,10.75,5.4375,12.625],"texture":"#1"}}},{"from":[-1.58028,16.40361,0.55],"to":[2.41972,20.40361,15.45],"rotation":{"angle":-22.5,"axis":"z","origin":[-1.58028,20.40361,8]},"faces":{"north":{"uv":[2.25,10.375,1.75,10.875],"texture":"#1"},"east":{"uv":[1.875,10.875,0,11.375],"texture":"#1"},"south":{"uv":[1.75,10.375,2.25,10.875],"texture":"#1"},"west":{"uv":[1.875,10.875,0,11.375],"texture":"#1"},"up":{"uv":[5.3125,10.75,4.8125,12.6125],"texture":"#1"},"down":{"uv":[5.4375,10.75,4.8125,12.625],"texture":"#1"}}},{"from":[-5.5,13,0.5],"to":[-1.5,24,15.5],"rotation":{"angle":22.5,"axis":"z","origin":[7.5,22,6.5]},"faces":{"north":{"uv":[5.8125,13.125,5.3125,14.5],"texture":"#1"},"east":{"uv":[10.3125,13.25,8.4375,14.625],"texture":"#1"},"south":{"uv":[5.3125,13.125,5.8125,14.5],"texture":"#1"},"west":{"uv":[10.3125,14.625,8.4375,16],"texture":"#1"},"up":{"uv":[5.3125,12.625,4.8125,14.5],"texture":"#1"},"down":{"uv":[5.3125,12.625,4.8125,14.5],"texture":"#1"}}},{"from":[0.5,16,5],"to":[7.5,25,5],"rotation":{"angle":-22.5,"axis":"y","origin":[3.5,17,3]},"faces":{"north":{"uv":[7,0,0,9],"texture":"#2"},"east":{"uv":[0,0,0,9],"texture":"#2"},"south":{"uv":[0,0,7,9],"texture":"#2"},"west":{"uv":[0,0,0,9],"texture":"#2"},"up":{"uv":[0,0,0,4],"rotation":90,"texture":"#2"},"down":{"uv":[0,4,0,0],"rotation":270,"texture":"#2"}}},{"from":[0.5,16,11],"to":[7.5,25,11],"rotation":{"angle":22.5,"axis":"y","origin":[3.5,17,13]},"faces":{"north":{"uv":[7,0,0,9],"texture":"#2"},"east":{"uv":[0,0,0,9],"texture":"#2"},"south":{"uv":[0,0,7,9],"texture":"#2"},"west":{"uv":[0,0,0,9],"texture":"#2"},"up":{"uv":[0,0,0,4],"rotation":90,"texture":"#2"},"down":{"uv":[0,4,0,0],"rotation":270,"texture":"#2"}}},{"from":[8.5,16,5],"to":[15.5,25,5],"rotation":{"angle":22.5,"axis":"y","origin":[12.5,17,3]},"faces":{"north":{"uv":[0,0,7,9],"texture":"#2"},"east":{"uv":[0,0,0,9],"texture":"#2"},"south":{"uv":[7,0,0,9],"texture":"#2"},"west":{"uv":[0,0,0,9],"texture":"#2"},"up":{"uv":[0,4,0,0],"rotation":90,"texture":"#2"},"down":{"uv":[0,0,0,4],"rotation":270,"texture":"#2"}}},{"from":[8.5,16,11],"to":[15.5,25,11],"rotation":{"angle":-22.5,"axis":"y","origin":[12.5,17,13]},"faces":{"north":{"uv":[0,0,7,9],"texture":"#2"},"east":{"uv":[0,0,0,9],"texture":"#2"},"south":{"uv":[7,0,0,9],"texture":"#2"},"west":{"uv":[0,0,0,9],"texture":"#2"},"up":{"uv":[0,4,0,0],"rotation":90,"texture":"#2"},"down":{"uv":[0,0,0,4],"rotation":270,"texture":"#2"}}},{"from":[5.7523,8.91933,-1.47132],"to":[7.8523,11.01933,3.62868],"rotation":{"angle":-45,"axis":"z","origin":[8.025,8.74142,1.10368]},"faces":{"north":{"uv":[4.625,1.625,4.875,1.375],"texture":"#1"},"east":{"uv":[4.875,2.4375,5.5,2.6875],"texture":"#1"},"south":{"uv":[4.875,1.625,4.625,1.375],"texture":"#1"},"west":{"uv":[4.875,2.4375,5.5,2.6875],"texture":"#1"},"up":{"uv":[4.875,2.1875,5.5,2.4375],"rotation":90,"texture":"#1"},"down":{"uv":[4.875,2.1875,5.5,2.4375],"rotation":270,"texture":"#1"}}},{"from":[6.52868,7,-1.42132],"to":[9.52868,10.5,3.57868],"rotation":{"angle":0,"axis":"y","origin":[8.025,8.74142,1.10368]},"faces":{"north":{"uv":[3.5,2.5625,3.125,3],"texture":"#1"},"east":{"uv":[4.125,2.5625,3.5,3],"texture":"#1"},"south":{"uv":[3.125,2.5625,3.5,3],"texture":"#1"},"west":{"uv":[4.75,2.625,4.125,3.0625],"texture":"#1"},"up":{"uv":[4.75,2.25,4.125,2.625],"rotation":90,"texture":"#1"},"down":{"uv":[4.75,2.25,4.125,2.625],"rotation":270,"texture":"#1"}}},{"from":[8.20291,6.46872,-1.47132],"to":[10.30291,8.56872,3.62868],"rotation":{"angle":-45,"axis":"z","origin":[8.025,8.74142,1.10368]},"faces":{"north":{"uv":[4.875,1.625,4.625,1.875],"texture":"#1"},"east":{"uv":[3.0625,3,3.6875,3.25],"texture":"#1"},"south":{"uv":[4.625,1.625,4.875,1.875],"texture":"#1"},"west":{"uv":[0,3.375,0.625,3.625],"texture":"#1"},"up":{"uv":[0.625,3.375,1.25,3.625],"rotation":90,"texture":"#1"},"down":{"uv":[4.875,2.9375,5.5,3.1875],"rotation":270,"texture":"#1"}}},{"from":[10.46841,8.7928,4.37868],"to":[7.96841,6.2928,-2.12132],"rotation":{"angle":-45,"axis":"z","origin":[8.025,8.74142,1.10368]},"faces":{"north":{"uv":[15.5,0.3125,15.1875,0],"texture":"#1"},"south":{"uv":[15.5,0.3125,15.1875,0],"texture":"#1"},"west":{"uv":[16,0.3125,15.1875,0],"texture":"#1"},"up":{"uv":[16,0.3125,15.1875,0],"rotation":90,"texture":"#1"}}},{"from":[9.77868,10.5,4.32868],"to":[6.27868,7,-2.17132],"rotation":{"angle":0,"axis":"y","origin":[8.025,8.74142,1.10368]},"faces":{"north":{"uv":[15.625,0,15.1875,0.4375],"texture":"#1"},"east":{"uv":[16,0,15.1875,0.4375],"texture":"#1"},"south":{"uv":[15.625,0,15.1875,0.4375],"texture":"#1"},"west":{"uv":[16,0,15.1875,0.4375],"texture":"#1"}}},{"from":[10.48055,11.20217,4.37868],"to":[7.98055,8.70217,-2.12132],"rotation":{"angle":45,"axis":"z","origin":[8.025,8.74142,1.10368]},"faces":{"north":{"uv":[15.5,0,15.1875,0.3125],"texture":"#1"},"south":{"uv":[15.5,0,15.1875,0.3125],"texture":"#1"},"west":{"uv":[16,0,15.1875,0.3125],"texture":"#1"},"down":{"uv":[16,0,15.1875,0.3125],"rotation":270,"texture":"#1"}}}],"gui_light":"front","display":{"thirdperson_righthand":{"rotation":[75,45,0],"translation":[0,2.5,0],"scale":[0.24219,0.24219,0.24219]},"thirdperson_lefthand":{"rotation":[75,45,0],"translation":[0,2.5,0],"scale":[0.24219,0.24219,0.24219]},"firstperson_righthand":{"rotation":[0,135,0],"translation":[1.75,4.5,0],"scale":[0.29453,0.29453,0.29453]},"firstperson_lefthand":{"rotation":[0,135,0],"translation":[1.75,4.5,0],"scale":[0.29453,0.29453,0.29453]},"ground":{"translation":[0,9,0],"scale":[0.4,0.4,0.4]},"gui":{"rotation":[14,-14,0],"translation":[0,-1,-1.5],"scale":[0.5,0.5,0.5]},"head":{"rotation":[0,180,0],"translation":[0,-30.4,0],"scale":[1.6,1.6,1.6]},"fixed":{"rotation":[-90,0,0],"translation":[0,0,-16],"scale":[2,2,2]}},"mcmodels":"effdf8b2824154e815c2ad12db4aea7c"}