{"credit":"Made with Blockbench","texture_size":[128,128],"textures":{"1":"elitecreatures:arctic_knight_animated_weapon_set/arctic_knight_texture","2":"elitecreatures:arctic_knight_animated_weapon_set/arctic_knight_animation01","particle":"elitecreatures:arctic_knight_animated_weapon_set/arctic_knight_animation01"},"elements":[{"from":[4.5,3.6,-2],"to":[11,8.6,4.5],"rotation":{"angle":45,"axis":"y","origin":[8,6.6,1]},"faces":{"north":{"uv":[11.875,8.8125,12.6875,8.1875],"rotation":180,"texture":"#1"},"east":{"uv":[12.6875,8.8125,11.875,8.1875],"rotation":180,"texture":"#1"},"south":{"uv":[11.875,8.3125,11.0625,7.6875],"rotation":180,"texture":"#1"},"west":{"uv":[11.0625,8.3125,11.875,7.6875],"rotation":180,"texture":"#1"},"up":{"uv":[11.6875,9.625,12.5,8.8125],"rotation":180,"texture":"#1"},"down":{"uv":[12.5,9.625,13.3125,8.8125],"rotation":180,"texture":"#1"}}},{"from":[4.5,1,17.5],"to":[10.5,5,23.5],"rotation":{"angle":45,"axis":"y","origin":[8,3,20]},"faces":{"north":{"uv":[13.0625,14.3125,13.5625,13.5625],"rotation":90,"texture":"#1"},"east":{"uv":[13.0625,13.5625,13.5625,14.3125],"rotation":90,"texture":"#1"},"south":{"uv":[13.5625,13.5625,14.0625,14.3125],"rotation":90,"texture":"#1"},"west":{"uv":[13.5625,14.3125,14.0625,13.5625],"rotation":90,"texture":"#1"},"up":{"uv":[12.375,16,13.125,15.25],"rotation":90,"texture":"#1"},"down":{"uv":[13.125,16,13.875,15.25],"rotation":90,"texture":"#1"}}},{"from":[5.5,1,13],"to":[10.5,8,16],"rotation":{"angle":-45,"axis":"x","origin":[7.5,8,16]},"faces":{"north":{"uv":[12.4375,14.4375,13.0625,13.5625],"rotation":180,"texture":"#1"},"east":{"uv":[12.375,15.3125,12,14.4375],"rotation":180,"texture":"#1"},"south":{"uv":[11.8125,14.4375,12.4375,13.5625],"rotation":180,"texture":"#1"},"west":{"uv":[12,15.3125,12.375,14.4375],"rotation":180,"texture":"#1"},"up":{"uv":[12.375,14.8125,13,14.4375],"rotation":180,"texture":"#1"},"down":{"uv":[12.375,14.8125,13,14.4375],"rotation":180,"texture":"#1"}}},{"from":[8,4,-12],"to":[8,14,18.5],"rotation":{"angle":-22.5,"axis":"z","origin":[8.05,9,3.25]},"faces":{"north":{"uv":[0,0.78125,0.15625,0.78125],"rotation":90,"texture":"#missing"},"east":{"uv":[10.0625,3.8125,11.3125,0],"rotation":270,"texture":"#1"},"south":{"uv":[0,0.78125,0.15625,0.78125],"rotation":270,"texture":"#missing"},"west":{"uv":[10.0625,0,11.3125,3.8125],"rotation":270,"texture":"#1"},"up":{"uv":[0,0.78125,0.47656,0.78125],"rotation":270,"texture":"#missing"},"down":{"uv":[0,0.78125,0.47656,0.78125],"rotation":270,"texture":"#missing"}}},{"from":[8,4,-12],"to":[8,14,18.5],"rotation":{"angle":22.5,"axis":"z","origin":[8.05,9,3.25]},"faces":{"north":{"uv":[0,0.78125,0.15625,0.78125],"rotation":90,"texture":"#missing"},"east":{"uv":[10.0625,3.8125,11.3125,0],"rotation":270,"texture":"#1"},"south":{"uv":[0,0.78125,0.15625,0.78125],"rotation":270,"texture":"#missing"},"west":{"uv":[10.0625,0,11.3125,3.8125],"rotation":270,"texture":"#1"},"up":{"uv":[0,0.78125,0.47656,0.78125],"rotation":270,"texture":"#missing"},"down":{"uv":[0,0.78125,0.47656,0.78125],"rotation":270,"texture":"#missing"}}},{"from":[-4,8.5,7],"to":[13.2,9,7.5],"rotation":{"angle":-45,"axis":"y","origin":[-4,8.75,7.25]},"faces":{"north":{"uv":[12.8125,12.625,12.875,11.125],"rotation":270,"texture":"#1"},"east":{"uv":[12.8125,11.125,12.875,11.1875],"rotation":270,"texture":"#1"},"south":{"uv":[12.8125,11.125,12.875,12.625],"rotation":270,"texture":"#1"},"west":{"uv":[12.8125,11.125,12.875,11.1875],"rotation":270,"texture":"#1"},"up":{"uv":[12.8125,11.125,12.875,12.625],"rotation":270,"texture":"#1"},"down":{"uv":[12.8125,11.125,12.875,12.625],"rotation":270,"texture":"#1"}}},{"from":[2.8,8.5,7],"to":[20,9,7.5],"rotation":{"angle":45,"axis":"y","origin":[20,8.75,7.25]},"faces":{"north":{"uv":[12.8125,11.125,12.875,12.625],"rotation":270,"texture":"#1"},"east":{"uv":[12.8125,11.1875,12.875,11.125],"rotation":270,"texture":"#1"},"south":{"uv":[12.8125,12.625,12.875,11.125],"rotation":270,"texture":"#1"},"west":{"uv":[12.8125,11.1875,12.875,11.125],"rotation":270,"texture":"#1"},"up":{"uv":[12.8125,12.625,12.875,11.125],"rotation":270,"texture":"#1"},"down":{"uv":[12.8125,12.625,12.875,11.125],"rotation":270,"texture":"#1"}}},{"from":[-5.44445,5.45,1.1505],"to":[-3.44445,9.95,6.6505],"rotation":{"angle":-45,"axis":"y","origin":[-3.78685,8.9,5.09982]},"faces":{"north":{"uv":[8.3125,7.125,8.5625,6.5625],"texture":"#1"},"east":{"uv":[9.5625,7.8125,10.25,7.25],"texture":"#1"},"south":{"uv":[8.3125,7.125,8.5625,6.5625],"texture":"#1"},"west":{"uv":[8.875,8,9.5625,7.4375],"texture":"#1"},"up":{"uv":[8.875,6.75,9.125,7.4375],"texture":"#1"},"down":{"uv":[13.125,11.125,13.375,10.4375],"texture":"#1"}}},{"from":[19.44445,5.45,1.1505],"to":[21.44445,9.95,6.6505],"rotation":{"angle":45,"axis":"y","origin":[19.78685,8.9,5.09982]},"faces":{"north":{"uv":[8.5625,7.125,8.3125,6.5625],"texture":"#1"},"east":{"uv":[9.5625,8,8.875,7.4375],"texture":"#1"},"south":{"uv":[8.5625,7.125,8.3125,6.5625],"texture":"#1"},"west":{"uv":[10.25,7.8125,9.5625,7.25],"texture":"#1"},"up":{"uv":[9.125,6.75,8.875,7.4375],"texture":"#1"},"down":{"uv":[13.375,11.125,13.125,10.4375],"texture":"#1"}}},{"from":[-6.05545,7,5.02422],"to":[-4.05545,9.5,8.52422],"rotation":{"angle":0,"axis":"y","origin":[-6.05545,9.2,5.02422]},"faces":{"north":{"uv":[4.375,8.875,4.625,8.5625],"rotation":180,"texture":"#1"},"east":{"uv":[7.625,6.25,8.0625,5.9375],"texture":"#1"},"south":{"uv":[4.375,8.875,4.625,8.5625],"texture":"#1"},"west":{"uv":[7.625,6.5625,8.0625,6.25],"texture":"#1"},"up":{"uv":[7.5,7,7.75,6.5625],"texture":"#1"},"down":{"uv":[7.5,7.4375,7.75,7],"texture":"#1"}}},{"from":[-7.04314,6.7,6.9717],"to":[-4.04314,9.7,9.9717],"rotation":{"angle":-22.5,"axis":"y","origin":[-6.23207,8.2,9.07651]},"faces":{"north":{"uv":[5.625,7.0625,5.25,6.6875],"rotation":90,"texture":"#1"},"east":{"uv":[5.25,6.75,4.875,6.375],"rotation":270,"texture":"#1"},"south":{"uv":[4.875,7.0625,4.5,6.6875],"rotation":270,"texture":"#1"},"west":{"uv":[5.625,6.6875,5.25,6.3125],"rotation":270,"texture":"#1"},"up":{"uv":[4.125,7.0625,4.5,6.6875],"rotation":270,"texture":"#1"},"down":{"uv":[4.5,7.0625,4.125,6.6875],"rotation":270,"texture":"#1"}}},{"from":[-9.6,6.75,8.12165],"to":[-4.6,9.65,10.62165],"rotation":{"angle":0,"axis":"y","origin":[-6.23207,8.2,9.07651]},"faces":{"north":{"uv":[5.8,8.125,5.4375,7.5],"rotation":90,"texture":"#1"},"east":{"uv":[5.2375,7.0625,4.875,6.75],"rotation":270,"texture":"#1"},"south":{"uv":[6.175,8.125,5.8125,7.5],"rotation":270,"texture":"#1"},"west":{"uv":[5.2375,7.0625,4.875,6.75],"rotation":270,"texture":"#1"},"up":{"uv":[5.125,8.125,5.4375,7.5],"rotation":270,"texture":"#1"},"down":{"uv":[5.4375,8.125,5.125,7.5],"rotation":270,"texture":"#1"}}},{"from":[-0.85323,3.45,2.4488],"to":[4.64677,10.95,5.9488],"rotation":{"angle":22.5,"axis":"y","origin":[-5.88685,9.7,6.29982]},"faces":{"north":{"uv":[8.75,5.5625,8.0625,4.625],"rotation":180,"texture":"#1"},"east":{"uv":[9.875,5.5625,9.4375,4.625],"rotation":180,"texture":"#1"},"south":{"uv":[8.75,5.5625,9.4375,4.625],"rotation":180,"texture":"#1"},"west":{"uv":[9.875,5.5625,9.4375,4.625],"rotation":180,"texture":"#1"},"up":{"uv":[8.75,4.625,8.0625,4.1875],"rotation":180,"texture":"#1"},"down":{"uv":[9.4375,4.625,8.75,4.1875],"rotation":180,"texture":"#1"}}},{"from":[2.37122,3.5,-1.2891],"to":[6.37122,10.9,1.2109],"rotation":{"angle":-22.5,"axis":"y","origin":[2.37122,7.2,-1.2891]},"faces":{"north":{"uv":[8.5625,6.5,8.0625,5.5625],"rotation":180,"texture":"#1"},"east":{"uv":[9.875,6.5,9.5625,5.5625],"texture":"#1"},"south":{"uv":[8.5625,6.5,9.0625,5.5625],"rotation":180,"texture":"#1"},"west":{"uv":[9.875,6.5,9.5625,5.5625],"texture":"#1"},"up":{"uv":[9.5625,5.875,9.0625,5.5625],"rotation":180,"texture":"#1"},"down":{"uv":[9.5625,6.1875,9.0625,5.875],"rotation":180,"texture":"#1"}}},{"from":[11.35323,3.45,2.4488],"to":[16.85323,10.95,5.9488],"rotation":{"angle":-22.5,"axis":"y","origin":[21.88685,9.7,6.29982]},"faces":{"north":{"uv":[8.0625,5.5625,8.75,4.625],"rotation":180,"texture":"#1"},"east":{"uv":[9.4375,5.5625,9.875,4.625],"rotation":180,"texture":"#1"},"south":{"uv":[9.4375,5.5625,8.75,4.625],"rotation":180,"texture":"#1"},"west":{"uv":[9.4375,5.5625,9.875,4.625],"rotation":180,"texture":"#1"},"up":{"uv":[8.0625,4.625,8.75,4.1875],"rotation":180,"texture":"#1"},"down":{"uv":[8.75,4.625,9.4375,4.1875],"rotation":180,"texture":"#1"}}},{"from":[9.62878,3.5,-1.2891],"to":[13.62878,10.9,1.2109],"rotation":{"angle":22.5,"axis":"y","origin":[13.62878,7.2,-1.2891]},"faces":{"north":{"uv":[8.0625,6.5,8.5625,5.5625],"rotation":180,"texture":"#1"},"east":{"uv":[9.5625,6.5,9.875,5.5625],"texture":"#1"},"south":{"uv":[9.0625,6.5,8.5625,5.5625],"rotation":180,"texture":"#1"},"west":{"uv":[9.5625,6.5,9.875,5.5625],"texture":"#1"},"up":{"uv":[9.0625,5.875,9.5625,5.5625],"rotation":180,"texture":"#1"},"down":{"uv":[9.0625,6.1875,9.5625,5.875],"rotation":180,"texture":"#1"}}},{"from":[20.6,6.75,8.12165],"to":[25.6,9.65,10.62165],"rotation":{"angle":0,"axis":"y","origin":[22.23207,8.2,9.07651]},"faces":{"north":{"uv":[5.8,7.5,5.4375,8.125],"rotation":90,"texture":"#1"},"east":{"uv":[5.2375,6.75,4.875,7.0625],"rotation":270,"texture":"#1"},"south":{"uv":[6.175,7.5,5.8125,8.125],"rotation":270,"texture":"#1"},"west":{"uv":[5.2375,6.75,4.875,7.0625],"rotation":270,"texture":"#1"},"up":{"uv":[5.125,7.5,5.4375,8.125],"rotation":270,"texture":"#1"},"down":{"uv":[5.4375,7.5,5.125,8.125],"rotation":270,"texture":"#1"}}},{"from":[20.04314,6.7,6.9717],"to":[23.04314,9.7,9.9717],"rotation":{"angle":22.5,"axis":"y","origin":[22.23207,8.2,9.07651]},"faces":{"north":{"uv":[5.625,6.6875,5.25,7.0625],"rotation":90,"texture":"#1"},"east":{"uv":[5.625,6.3125,5.25,6.6875],"rotation":270,"texture":"#1"},"south":{"uv":[4.875,6.6875,4.5,7.0625],"rotation":270,"texture":"#1"},"west":{"uv":[5.25,6.375,4.875,6.75],"rotation":270,"texture":"#1"},"up":{"uv":[4.125,6.6875,4.5,7.0625],"rotation":270,"texture":"#1"},"down":{"uv":[4.5,6.6875,4.125,7.0625],"rotation":270,"texture":"#1"}}},{"from":[20.05545,7,5.02422],"to":[22.05545,9.5,8.52422],"rotation":{"angle":0,"axis":"y","origin":[22.05545,9.2,5.02422]},"faces":{"north":{"uv":[4.625,8.875,4.375,8.5625],"rotation":180,"texture":"#1"},"east":{"uv":[8.0625,6.5625,7.625,6.25],"texture":"#1"},"south":{"uv":[4.625,8.875,4.375,8.5625],"texture":"#1"},"west":{"uv":[8.0625,6.25,7.625,5.9375],"texture":"#1"},"up":{"uv":[7.75,7,7.5,6.5625],"texture":"#1"},"down":{"uv":[7.75,7.4375,7.5,7],"texture":"#1"}}},{"from":[5,4,0],"to":[11,8.5,16],"rotation":{"angle":0,"axis":"y","origin":[6.5,22,13.28682]},"faces":{"north":{"uv":[8.625,13.875,9.1875,14.625],"rotation":270,"texture":"#1"},"east":{"uv":[12.25,13.125,12.8125,11.125],"rotation":270,"texture":"#1"},"south":{"uv":[11.125,8.875,11.6875,9.625],"rotation":270,"texture":"#1"},"west":{"uv":[12.25,11.125,12.8125,13.125],"rotation":270,"texture":"#1"},"up":{"uv":[11.125,10.375,13.125,11.125],"rotation":270,"texture":"#1"},"down":{"uv":[11.125,9.625,13.125,10.375],"rotation":270,"texture":"#1"}}},{"from":[-2,8.5,1],"to":[5,17.5,1],"rotation":{"angle":22.5,"axis":"z","origin":[1,9.5,-1]},"faces":{"north":{"uv":[7,0,0,9],"texture":"#2"},"east":{"uv":[0,0,0,9],"texture":"#2"},"south":{"uv":[0,0,7,9],"texture":"#2"},"west":{"uv":[0,0,0,9],"texture":"#2"},"up":{"uv":[0,0,0,4],"rotation":90,"texture":"#2"},"down":{"uv":[0,4,0,0],"rotation":270,"texture":"#2"}}},{"from":[11,8.5,1],"to":[18,17.5,1],"rotation":{"angle":-22.5,"axis":"z","origin":[15,9.5,-1]},"faces":{"north":{"uv":[0,0,7,9],"texture":"#2"},"east":{"uv":[0,0,0,9],"texture":"#2"},"south":{"uv":[7,0,0,9],"texture":"#2"},"west":{"uv":[0,0,0,9],"texture":"#2"},"up":{"uv":[0,4,0,0],"rotation":90,"texture":"#2"},"down":{"uv":[0,0,0,4],"rotation":270,"texture":"#2"}}},{"from":[16.2,10.8,2.05],"to":[22.7,13.8,3.55],"rotation":{"angle":-45,"axis":"y","origin":[17.825,9.675,2.8]},"faces":{"north":{"uv":[6.4375,6.25,5.625,6.625],"texture":"#1"},"east":{"uv":[6.625,6.25,6.4375,6.625],"texture":"#1"},"south":{"uv":[5.625,6.25,6.4375,6.625],"texture":"#1"},"west":{"uv":[6.875,6.25,6.6875,6.625],"texture":"#1"},"up":{"uv":[5.8125,7.5,6,6.6875],"rotation":90,"texture":"#1"},"down":{"uv":[6,7.5,6.1875,6.6875],"rotation":270,"texture":"#1"}}},{"from":[14.7,8.3,2.3],"to":[20.7,10.8,3.3],"rotation":{"angle":-45,"axis":"y","origin":[17.825,9.675,2.8]},"faces":{"north":{"uv":[6.9375,6.625,6.1875,6.9375],"texture":"#1"},"east":{"uv":[7,6.1875,6.875,6.5],"texture":"#1"},"south":{"uv":[6.1875,6.625,6.9375,6.9375],"texture":"#1"},"west":{"uv":[7.375,5.875,7.25,6.1875],"texture":"#1"},"up":{"uv":[6.6875,7.6875,6.8125,6.9375],"rotation":90,"texture":"#1"},"down":{"uv":[6.1875,7.6875,6.3125,6.9375],"rotation":270,"texture":"#1"}}},{"from":[-6.7,10.8,2.05],"to":[-0.2,13.8,3.55],"rotation":{"angle":45,"axis":"y","origin":[-1.825,9.675,2.8]},"faces":{"north":{"uv":[5.625,6.25,6.4375,6.625],"texture":"#1"},"east":{"uv":[6.6875,6.25,6.875,6.625],"texture":"#1"},"south":{"uv":[6.4375,6.25,5.625,6.625],"texture":"#1"},"west":{"uv":[6.4375,6.25,6.625,6.625],"texture":"#1"},"up":{"uv":[5.8125,6.6875,6,7.5],"rotation":90,"texture":"#1"},"down":{"uv":[6,6.6875,6.1875,7.5],"rotation":270,"texture":"#1"}}},{"from":[-4.7,8.3,2.3],"to":[1.3,10.8,3.3],"rotation":{"angle":45,"axis":"y","origin":[-1.825,9.675,2.8]},"faces":{"north":{"uv":[6.1875,6.625,6.9375,6.9375],"texture":"#1"},"east":{"uv":[7.25,5.875,7.375,6.1875],"texture":"#1"},"south":{"uv":[6.9375,6.625,6.1875,6.9375],"texture":"#1"},"west":{"uv":[6.875,6.1875,7,6.5],"texture":"#1"},"up":{"uv":[6.6875,6.9375,6.8125,7.6875],"rotation":90,"texture":"#1"},"down":{"uv":[6.1875,6.9375,6.3125,7.6875],"rotation":270,"texture":"#1"}}},{"from":[5,10,0],"to":[11,16,0],"rotation":{"angle":0,"axis":"y","origin":[7,10,0]},"faces":{"north":{"uv":[10.125,4,10.875,4.75],"texture":"#1"},"east":{"uv":[0,0,0,0.75],"texture":"#missing"},"south":{"uv":[10.125,4,10.875,4.75],"texture":"#1"},"west":{"uv":[0,0,0,0.75],"texture":"#missing"},"up":{"uv":[0,0,0.75,0],"texture":"#missing"},"down":{"uv":[0,0,0.75,0],"texture":"#missing"}}},{"from":[5,10,0.2],"to":[11,16,0.2],"rotation":{"angle":0,"axis":"y","origin":[7,10,0.2]},"faces":{"north":{"uv":[10.125,4,10.875,4.75],"texture":"#1"},"east":{"uv":[0,0,0,0.75],"texture":"#missing"},"south":{"uv":[10.125,4,10.875,4.75],"texture":"#1"},"west":{"uv":[0,0,0,0.75],"texture":"#missing"},"up":{"uv":[0,0,0.75,0],"texture":"#missing"},"down":{"uv":[0,0,0.75,0],"texture":"#missing"}}}],"gui_light":"front","display":{"thirdperson_righthand":{"translation":[0,2,-0.25],"scale":[0.5,0.5,0.5]},"thirdperson_lefthand":{"translation":[0,2,-0.25],"scale":[0.5,0.5,0.5]},"firstperson_righthand":{"rotation":[0,-15,12],"translation":[3,1.75,-1.25],"scale":[0.45,0.45,0.45]},"firstperson_lefthand":{"translation":[-9,1.75,0],"scale":[0.45,0.45,0.45]},"ground":{"translation":[0,9,0],"scale":[0.55,0.55,0.55]},"gui":{"rotation":[48,128,0],"translation":[0.75,0.25,-1.5],"scale":[0.5,0.5,0.5]},"head":{"scale":[0,0,0]},"fixed":{"rotation":[-90,0,0],"translation":[0.75,-3.25,-9.75],"scale":[1.4,1.4,1.4]}},"mcmodels":"effdf8b2824154e815c2ad12db4aea7c"}