{"credit":"Made with Blockbench","texture_size":[128,128],"textures":{"1":"elitecreatures:arctic_knight_animated_weapon_set/arctic_knight_texture","2":"elitecreatures:arctic_knight_animated_weapon_set/arctic_knight_animation01","particle":"elitecreatures:arctic_knight_animated_weapon_set/arctic_knight_animation01"},"elements":[{"from":[2.75,6,2],"to":[13.25,8,12.5],"rotation":{"angle":0,"axis":"y","origin":[10.1,2,10.5]},"faces":{"north":{"uv":[11.625,11.125,11.875,12.4375],"rotation":270,"texture":"#1"},"east":{"uv":[11.875,12.4375,12.125,11.125],"rotation":270,"texture":"#1"},"south":{"uv":[11.625,11.125,11.875,12.4375],"rotation":270,"texture":"#1"},"west":{"uv":[11.875,11.125,12.125,12.4375],"rotation":270,"texture":"#1"},"up":{"uv":[10.3125,11.1875,11.625,12.4375],"rotation":270,"texture":"#1"},"down":{"uv":[9.75,7.8125,11.0625,9.0625],"rotation":270,"texture":"#1"}}},{"from":[3.5,8,2.5],"to":[12.5,11,12],"rotation":{"angle":0,"axis":"y","origin":[10,4,11]},"faces":{"north":{"uv":[11.5,12.4375,11.875,13.5625],"rotation":270,"texture":"#1"},"east":{"uv":[8.875,10.5,9.25,9.3125],"rotation":270,"texture":"#1"},"south":{"uv":[11.875,12.4375,12.25,13.5625],"rotation":270,"texture":"#1"},"west":{"uv":[8.875,9.3125,9.25,10.5],"rotation":270,"texture":"#1"},"up":{"uv":[10.3125,12.4375,11.5,13.5625],"rotation":270,"texture":"#1"},"down":{"uv":[10.3125,12.4375,11.5,13.5625],"rotation":270,"texture":"#1"}}},{"from":[4,7.95,0.96447],"to":[8,10.95,2.96447],"rotation":{"angle":22.5,"axis":"y","origin":[8,9.5,0.96447]},"faces":{"north":{"uv":[9.25,11.375,9.625,11.875],"rotation":270,"texture":"#1"},"east":{"uv":[9.5,11.625,9.875,11.875],"rotation":270,"texture":"#1"},"south":{"uv":[9.25,11.375,9.625,11.875],"rotation":270,"texture":"#1"},"west":{"uv":[9.5,11.625,9.875,11.875],"rotation":270,"texture":"#1"},"up":{"uv":[9.25,10,9.5,10.5],"rotation":270,"texture":"#1"},"down":{"uv":[9.25,10,9.5,10.5],"rotation":270,"texture":"#1"}}},{"from":[8,7.95,0.96447],"to":[12,10.95,2.96447],"rotation":{"angle":-22.5,"axis":"y","origin":[8,9.5,0.96447]},"faces":{"north":{"uv":[9.25,11.875,9.625,11.375],"rotation":270,"texture":"#1"},"east":{"uv":[9.5,11.875,9.875,11.625],"rotation":270,"texture":"#1"},"south":{"uv":[9.25,11.875,9.625,11.375],"rotation":270,"texture":"#1"},"west":{"uv":[9.5,11.875,9.875,11.625],"rotation":270,"texture":"#1"},"up":{"uv":[9.25,10.5,9.5,10],"rotation":270,"texture":"#1"},"down":{"uv":[9.25,10.5,9.5,10],"rotation":270,"texture":"#1"}}},{"from":[2.5,6.05,-0.03553],"to":[8,7.95,1.96447],"rotation":{"angle":22.5,"axis":"y","origin":[8,7.5,-0.03553]},"faces":{"north":{"uv":[9.875,11.1875,10.125,11.875],"rotation":270,"texture":"#1"},"east":{"uv":[7.5,8.75,7.75,9],"rotation":270,"texture":"#1"},"south":{"uv":[9.875,11.1875,10.125,11.875],"rotation":270,"texture":"#1"},"west":{"uv":[7.5,8.75,7.75,9],"rotation":270,"texture":"#1"},"up":{"uv":[7.5,8.75,7.75,9.4375],"rotation":270,"texture":"#1"},"down":{"uv":[7.5,8.0625,7.75,8.75],"rotation":270,"texture":"#1"}}},{"from":[8,6.05,-0.03553],"to":[13.5,7.95,1.96447],"rotation":{"angle":-22.5,"axis":"y","origin":[8,7.5,-0.03553]},"faces":{"north":{"uv":[9.875,11.875,10.125,11.1875],"rotation":270,"texture":"#1"},"east":{"uv":[7.5,9,7.75,8.75],"rotation":270,"texture":"#1"},"south":{"uv":[9.875,11.875,10.125,11.1875],"rotation":270,"texture":"#1"},"west":{"uv":[7.5,9,7.75,8.75],"rotation":270,"texture":"#1"},"up":{"uv":[7.5,9.4375,7.75,8.75],"rotation":270,"texture":"#1"},"down":{"uv":[7.5,8.75,7.75,8.0625],"rotation":270,"texture":"#1"}}},{"from":[5.5,11,5],"to":[10.5,12.5,10],"rotation":{"angle":45,"axis":"y","origin":[8,12.5,7.5]},"faces":{"north":{"uv":[11.625,14.25,11.8125,13.625],"rotation":270,"texture":"#1"},"east":{"uv":[11.625,13.625,11.8125,14.25],"rotation":270,"texture":"#1"},"south":{"uv":[11.625,14.25,11.8125,13.625],"rotation":270,"texture":"#1"},"west":{"uv":[11.625,13.625,11.8125,14.25],"rotation":270,"texture":"#1"},"up":{"uv":[11,13.625,11.625,14.25],"rotation":270,"texture":"#1"},"down":{"uv":[11,13.625,11.625,14.25],"rotation":270,"texture":"#1"}}},{"from":[3,1,5],"to":[13,6,12],"rotation":{"angle":0,"axis":"y","origin":[11.5,-3,11.5]},"faces":{"north":{"uv":[9.875,9.6875,11.125,10.3125],"texture":"#1"},"east":{"uv":[8.875,8.6875,9.75,9.3125],"texture":"#1"},"south":{"uv":[9.875,9.0625,11.125,9.6875],"texture":"#1"},"west":{"uv":[9.75,8.6875,8.875,9.3125],"texture":"#1"},"up":{"uv":[9.875,10.3125,11.125,11.1875],"texture":"#1"},"down":{"uv":[9.875,10.3125,11.125,11.1875],"texture":"#1"}}},{"from":[10,0.05,2],"to":[13,4,3.5],"rotation":{"angle":-22.5,"axis":"y","origin":[13,2.5,2]},"faces":{"north":{"uv":[8.875,8.1875,9.25,8.6875],"texture":"#1"},"east":{"uv":[9.25,8.1875,9.4375,8.6875],"texture":"#1"},"south":{"uv":[8.875,8.1875,9.25,8.6875],"texture":"#1"},"west":{"uv":[9.25,8.1875,9.4375,8.6875],"texture":"#1"},"up":{"uv":[8.875,8,9.25,8.1875],"texture":"#1"},"down":{"uv":[8.875,8,9.25,8.1875],"texture":"#1"}}},{"from":[3,0.05,2],"to":[6,4,3.5],"rotation":{"angle":22.5,"axis":"y","origin":[3,2.5,2]},"faces":{"north":{"uv":[9.25,8.1875,8.875,8.6875],"texture":"#1"},"east":{"uv":[9.4375,8.1875,9.25,8.6875],"texture":"#1"},"south":{"uv":[9.25,8.1875,8.875,8.6875],"texture":"#1"},"west":{"uv":[9.4375,8.1875,9.25,8.6875],"texture":"#1"},"up":{"uv":[9.25,8,8.875,8.1875],"texture":"#1"},"down":{"uv":[9.25,8,8.875,8.1875],"texture":"#1"}}},{"from":[3,-0.05,2],"to":[6,3.95,5],"rotation":{"angle":0,"axis":"y","origin":[10.5,-3,10.5]},"faces":{"north":{"uv":[9.875,9.375,9.5,9.875],"texture":"#1"},"east":{"uv":[9.875,10.25,9.5,10.75],"texture":"#1"},"south":{"uv":[9.875,9.375,9.5,9.875],"texture":"#1"},"west":{"uv":[9.875,10.25,9.5,10.75],"texture":"#1"},"up":{"uv":[9.875,9.875,9.5,10.25],"texture":"#1"},"down":{"uv":[9.875,9.875,9.5,10.25],"texture":"#1"}}},{"from":[10,-0.05,2],"to":[13,3.95,5],"rotation":{"angle":0,"axis":"y","origin":[5.5,-3,10.5]},"faces":{"north":{"uv":[9.5,9.375,9.875,9.875],"texture":"#1"},"east":{"uv":[9.5,10.25,9.875,10.75],"texture":"#1"},"south":{"uv":[9.5,9.375,9.875,9.875],"texture":"#1"},"west":{"uv":[9.5,10.25,9.875,10.75],"texture":"#1"},"up":{"uv":[9.5,9.875,9.875,10.25],"texture":"#1"},"down":{"uv":[9.5,9.875,9.875,10.25],"texture":"#1"}}},{"from":[12.2,13,9.05],"to":[18.7,16,10.55],"rotation":{"angle":-45,"axis":"y","origin":[13.825,11.875,9.8]},"faces":{"north":{"uv":[6.4375,6.25,5.625,6.625],"texture":"#1"},"east":{"uv":[6.625,6.25,6.4375,6.625],"texture":"#1"},"south":{"uv":[5.625,6.25,6.4375,6.625],"texture":"#1"},"west":{"uv":[6.875,6.25,6.6875,6.625],"texture":"#1"},"up":{"uv":[5.8125,7.5,6,6.6875],"rotation":90,"texture":"#1"},"down":{"uv":[6,7.5,6.1875,6.6875],"rotation":270,"texture":"#1"}}},{"from":[-2.7,13,9.05],"to":[3.8,16,10.55],"rotation":{"angle":45,"axis":"y","origin":[2.175,11.875,9.8]},"faces":{"north":{"uv":[5.625,6.25,6.4375,6.625],"texture":"#1"},"east":{"uv":[6.6875,6.25,6.875,6.625],"texture":"#1"},"south":{"uv":[6.4375,6.25,5.625,6.625],"texture":"#1"},"west":{"uv":[6.4375,6.25,6.625,6.625],"texture":"#1"},"up":{"uv":[5.8125,6.6875,6,7.5],"rotation":90,"texture":"#1"},"down":{"uv":[6,6.6875,6.1875,7.5],"rotation":270,"texture":"#1"}}},{"from":[-0.7,10.5,9.3],"to":[5.3,13,10.3],"rotation":{"angle":45,"axis":"y","origin":[2.175,11.875,9.8]},"faces":{"north":{"uv":[6.1875,6.625,6.9375,6.9375],"texture":"#1"},"east":{"uv":[7.25,5.875,7.375,6.1875],"texture":"#1"},"south":{"uv":[6.9375,6.625,6.1875,6.9375],"texture":"#1"},"west":{"uv":[6.875,6.1875,7,6.5],"texture":"#1"},"up":{"uv":[6.6875,6.9375,6.8125,7.6875],"rotation":90,"texture":"#1"},"down":{"uv":[6.1875,6.9375,6.3125,7.6875],"rotation":270,"texture":"#1"}}},{"from":[2.3,8,9.3],"to":[5.3,10.5,10.3],"rotation":{"angle":45,"axis":"y","origin":[2.175,11.875,9.8]},"faces":{"north":{"uv":[6.3125,6.9375,6.6875,7.25],"texture":"#1"},"east":{"uv":[5.625,6.625,5.75,6.9375],"texture":"#1"},"south":{"uv":[6.3125,6.9375,6.6875,7.25],"texture":"#1"},"west":{"uv":[5.625,6.625,5.75,6.9375],"texture":"#1"},"up":{"uv":[6.3125,7.25,6.4375,7.625],"rotation":90,"texture":"#1"},"down":{"uv":[6.3125,7.25,6.4375,7.625],"rotation":270,"texture":"#1"}}},{"from":[10.7,10.5,9.3],"to":[16.7,13,10.3],"rotation":{"angle":-45,"axis":"y","origin":[13.825,11.875,9.8]},"faces":{"north":{"uv":[6.9375,6.625,6.1875,6.9375],"texture":"#1"},"east":{"uv":[7,6.1875,6.875,6.5],"texture":"#1"},"south":{"uv":[6.1875,6.625,6.9375,6.9375],"texture":"#1"},"west":{"uv":[7.375,5.875,7.25,6.1875],"texture":"#1"},"up":{"uv":[6.6875,7.6875,6.8125,6.9375],"rotation":90,"texture":"#1"},"down":{"uv":[6.1875,7.6875,6.3125,6.9375],"rotation":270,"texture":"#1"}}},{"from":[10.7,8,9.3],"to":[13.7,10.5,10.3],"rotation":{"angle":-45,"axis":"y","origin":[13.825,11.875,9.8]},"faces":{"north":{"uv":[6.6875,6.9375,6.3125,7.25],"texture":"#1"},"east":{"uv":[5.75,6.625,5.625,6.9375],"texture":"#1"},"south":{"uv":[6.6875,6.9375,6.3125,7.25],"texture":"#1"},"west":{"uv":[5.75,6.625,5.625,6.9375],"texture":"#1"},"up":{"uv":[6.3125,7.625,6.4375,7.25],"rotation":90,"texture":"#1"},"down":{"uv":[6.3125,7.625,6.4375,7.25],"rotation":270,"texture":"#1"}}},{"from":[3,-2,1],"to":[8,6,1],"rotation":{"angle":22.5,"axis":"y","origin":[8,2,1]},"faces":{"north":{"uv":[9.125,1.6875,9.75,2.6875],"texture":"#1"},"east":{"uv":[0,0,0,1],"texture":"#missing"},"south":{"uv":[9.75,1.6875,9.125,2.6875],"texture":"#1"},"west":{"uv":[0,0,0,1],"texture":"#missing"},"up":{"uv":[0,0,0.625,0],"texture":"#missing"},"down":{"uv":[0,0,0.625,0],"texture":"#missing"}}},{"from":[3.3806,4,2.91342],"to":[3.3806,6,5.41342],"rotation":{"angle":0,"axis":"y","origin":[3.3806,2,2.91342]},"faces":{"north":{"uv":[0,0,0,0.25],"texture":"#missing"},"east":{"uv":[9.4375,2.6875,9.125,2.9375],"texture":"#1"},"south":{"uv":[0,0,0,0.25],"texture":"#missing"},"west":{"uv":[9.125,2.6875,9.4375,2.9375],"texture":"#1"},"up":{"uv":[0,0,0.3125,0],"rotation":270,"texture":"#missing"},"down":{"uv":[0,0,0.3125,0],"rotation":90,"texture":"#missing"}}},{"from":[12.6194,4,2.91342],"to":[12.6194,6,5.41342],"rotation":{"angle":0,"axis":"y","origin":[12.6194,2,2.91342]},"faces":{"north":{"uv":[0,0,0,0.25],"texture":"#missing"},"east":{"uv":[9.4375,2.6875,9.125,2.9375],"texture":"#1"},"south":{"uv":[0,0,0,0.25],"texture":"#missing"},"west":{"uv":[9.125,2.6875,9.4375,2.9375],"texture":"#1"},"up":{"uv":[0,0,0.3125,0],"rotation":270,"texture":"#missing"},"down":{"uv":[0,0,0.3125,0],"rotation":90,"texture":"#missing"}}},{"from":[8,-2,1],"to":[13,6,1],"rotation":{"angle":-22.5,"axis":"y","origin":[8,2,1]},"faces":{"north":{"uv":[9.75,1.6875,9.125,2.6875],"texture":"#1"},"east":{"uv":[0,0,0,1],"texture":"#missing"},"south":{"uv":[9.125,1.6875,9.75,2.6875],"texture":"#1"},"west":{"uv":[0,0,0,1],"texture":"#missing"},"up":{"uv":[0.625,0,0,0],"texture":"#missing"},"down":{"uv":[0.625,0,0,0],"texture":"#missing"}}},{"from":[11.5,8.5,3],"to":[11.5,17.5,10],"rotation":{"angle":22.5,"axis":"x","origin":[13.5,9.5,7]},"faces":{"north":{"uv":[0,0,0,9],"texture":"#2"},"east":{"uv":[0,0,7,9],"texture":"#2"},"south":{"uv":[0,0,0,9],"texture":"#2"},"west":{"uv":[7,0,0,9],"texture":"#2"},"up":{"uv":[0,4,0,0],"rotation":180,"texture":"#2"},"down":{"uv":[0,0,0,4],"rotation":180,"texture":"#2"}}},{"from":[4.5,8.5,3],"to":[4.5,17.5,10],"rotation":{"angle":22.5,"axis":"x","origin":[2.5,9.5,7]},"faces":{"north":{"uv":[0,0,0,9],"texture":"#2"},"east":{"uv":[0,0,7,9],"texture":"#2"},"south":{"uv":[0,0,0,9],"texture":"#2"},"west":{"uv":[7,0,0,9],"texture":"#2"},"up":{"uv":[0,4,0,0],"rotation":180,"texture":"#2"},"down":{"uv":[0,0,0,4],"rotation":180,"texture":"#2"}}}],"gui_light":"front","display":{"thirdperson_righthand":{"rotation":[75,45,0],"translation":[0,2.25,1],"scale":[0.29883,0.29883,0.29883]},"thirdperson_lefthand":{"rotation":[75,45,0],"translation":[0,2.25,1],"scale":[0.29883,0.29883,0.29883]},"firstperson_righthand":{"rotation":[0,45,0],"translation":[3,4.5,0],"scale":[0.43516,0.43516,0.43516]},"firstperson_lefthand":{"rotation":[0,45,0],"translation":[3,4.5,0],"scale":[0.43516,0.43516,0.43516]},"ground":{"translation":[0,9,0],"scale":[0.6,0.6,0.6]},"gui":{"rotation":[14,166,0],"translation":[-0.75,0.5,-1.5],"scale":[0.72462,0.72462,0.72462]},"head":{"translation":[0,4.5,1.25],"scale":[1.5,1.5,1.5]},"fixed":{"rotation":[-90,0,0],"translation":[0,2.75,-15.25],"scale":[1.9,1.9,1.9]}},"mcmodels":"effdf8b2824154e815c2ad12db4aea7c"}