{"credit":"Made with Blockbench","texture_size":[128,128],"textures":{"1":"elitecreatures:arctic_knight_animated_weapon_set/arctic_knight_texture","2":"elitecreatures:arctic_knight_animated_weapon_set/arctic_knight_animation01","particle":"elitecreatures:arctic_knight_animated_weapon_set/arctic_knight_animation01"},"elements":[{"from":[6.75,-15.8,5],"to":[9.25,-13.8,8],"rotation":{"angle":-22.5,"axis":"x","origin":[8.2,-14.8,6.5]},"faces":{"north":{"uv":[2.625,2.625,2.9375,2.875],"texture":"#1"},"east":{"uv":[2.625,2.625,2.25,2.875],"texture":"#1"},"south":{"uv":[2.625,2.625,2.9375,2.875],"texture":"#1"},"west":{"uv":[2.25,2.625,2.625,2.875],"texture":"#1"},"up":{"uv":[2.25,2.875,2.5625,3.25],"texture":"#1"},"down":{"uv":[1.9375,3.25,2.25,3.625],"texture":"#1"}}},{"from":[6.75,-15.8,8],"to":[9.25,-13.8,11],"rotation":{"angle":22.5,"axis":"x","origin":[8.2,-14.8,9.5]},"faces":{"north":{"uv":[2.9375,2.625,2.625,2.875],"texture":"#1"},"east":{"uv":[2.25,2.625,2.625,2.875],"texture":"#1"},"south":{"uv":[2.9375,2.625,2.625,2.875],"texture":"#1"},"west":{"uv":[2.625,2.625,2.25,2.875],"texture":"#1"},"up":{"uv":[2.25,3.25,2.5625,2.875],"texture":"#1"},"down":{"uv":[1.9375,3.625,2.25,3.25],"texture":"#1"}}},{"from":[7,-13,7],"to":[9,-4.5,9],"rotation":{"angle":45,"axis":"y","origin":[8,-9.5,8]},"faces":{"north":{"uv":[4.625,1,4.375,2.0625],"texture":"#1"},"east":{"uv":[4.375,1,4.625,2.0625],"texture":"#1"},"south":{"uv":[4.625,1,4.375,2.0625],"texture":"#1"},"west":{"uv":[4.375,1,4.625,2.0625],"texture":"#1"},"up":{"uv":[4.625,1.8125,4.375,2.0625],"texture":"#1"},"down":{"uv":[4.625,1.8125,4.375,2.0625],"texture":"#1"}}},{"from":[9.5,-6.08922,-10.80421],"to":[6.5,-9.58922,-14.30421],"rotation":{"angle":-45,"axis":"x","origin":[10.2,12.71499,8]},"faces":{"north":{"uv":[16,0,15.94531,0.05469],"texture":"#1"},"east":{"uv":[16,0,15.94531,0.05469],"texture":"#1"},"south":{"uv":[16,0,15.94531,0.05469],"texture":"#1"},"west":{"uv":[16,0,15.94531,0.05469],"texture":"#1"},"up":{"uv":[16,0,15.94531,0.05469],"texture":"#1"},"down":{"uv":[16,0,15.94531,0.05469],"texture":"#1"}}},{"from":[6,-2.5,5],"to":[10,2.5,10],"rotation":{"angle":-45,"axis":"x","origin":[8.5,0.5,8]},"faces":{"north":{"uv":[3.3125,0.625,3.9375,1.125],"rotation":90,"texture":"#1"},"east":{"uv":[3.3125,0.625,3.9375,0],"rotation":90,"texture":"#1"},"south":{"uv":[3.3125,1.125,3.9375,1.625],"rotation":90,"texture":"#1"},"west":{"uv":[3.3125,0,3.9375,0.625],"rotation":90,"texture":"#1"},"up":{"uv":[3.9375,1.125,3.3125,1.625],"rotation":90,"texture":"#1"},"down":{"uv":[3.3125,0.625,3.9375,1.125],"rotation":90,"texture":"#1"}}},{"from":[6.75,-4.5,6.75],"to":[9.25,-2.5,9.25],"rotation":{"angle":45,"axis":"y","origin":[8,-7.5,8]},"faces":{"north":{"uv":[1.9375,2.875,1.625,2.625],"texture":"#1"},"east":{"uv":[1.625,2.875,1.9375,2.625],"texture":"#1"},"south":{"uv":[1.9375,2.875,1.625,2.625],"texture":"#1"},"west":{"uv":[1.625,2.875,1.9375,2.625],"texture":"#1"},"up":{"uv":[1.9375,3.1875,1.625,2.875],"texture":"#1"},"down":{"uv":[1.9375,3.1875,1.625,2.875],"texture":"#1"}}},{"from":[6.75,-15.5,6.75],"to":[9.25,-13,9.25],"rotation":{"angle":45,"axis":"y","origin":[8,-18.5,8]},"faces":{"north":{"uv":[2.25,2.9375,1.9375,2.625],"texture":"#1"},"east":{"uv":[1.9375,2.9375,2.25,2.625],"texture":"#1"},"south":{"uv":[2.25,2.9375,1.9375,2.625],"texture":"#1"},"west":{"uv":[1.9375,2.9375,2.25,2.625],"texture":"#1"},"up":{"uv":[1.9375,3.25,2.25,2.9375],"texture":"#1"},"down":{"uv":[1.9375,3.25,2.25,2.9375],"texture":"#1"}}},{"from":[7,-12.08922,-6.80421],"to":[9,-9.08922,-3.80421],"rotation":{"angle":-45,"axis":"x","origin":[8.2,2.71499,8]},"faces":{"north":{"uv":[2.8125,3.125,2.5625,3.5],"texture":"#1"},"east":{"uv":[1.5625,3.1875,1.9375,3.5625],"texture":"#1"},"south":{"uv":[2.8125,3.125,2.5625,3.5],"texture":"#1"},"west":{"uv":[1.9375,3.1875,1.5625,3.5625],"texture":"#1"},"up":{"uv":[2.8125,3.125,2.5625,3.5],"texture":"#1"},"down":{"uv":[2.8125,3.125,2.5625,3.5],"texture":"#1"}}},{"from":[7.5,7.5,5.5],"to":[8.5,11,9],"rotation":{"angle":45,"axis":"x","origin":[8,9.75,6.75]},"faces":{"north":{"uv":[1.375,11.375,1.5,11.8125],"texture":"#1"},"east":{"uv":[1.375,11.375,0.9375,11.8125],"texture":"#1"},"south":{"uv":[1.375,11.375,1.5,11.8125],"texture":"#1"},"west":{"uv":[0.9375,11.375,1.375,11.8125],"texture":"#1"},"up":{"uv":[1.5,11.375,1.625,11.8125],"texture":"#1"},"down":{"uv":[1.5,11.375,1.625,11.8125],"texture":"#1"}}},{"from":[7.5,3.5,5.5],"to":[8.5,6,8],"rotation":{"angle":45,"axis":"x","origin":[8,4.75,6.75]},"faces":{"north":{"uv":[2.1875,10.875,2.3125,11.1875],"texture":"#1"},"east":{"uv":[2.1875,10.875,1.875,11.1875],"texture":"#1"},"south":{"uv":[2.1875,10.875,2.3125,11.1875],"texture":"#1"},"west":{"uv":[1.875,10.875,2.1875,11.1875],"texture":"#1"},"up":{"uv":[1.625,11.375,1.75,11.6875],"texture":"#1"},"down":{"uv":[1.625,11.375,1.75,11.6875],"texture":"#1"}}},{"from":[7.5,7.5,7],"to":[8.5,11,10.5],"rotation":{"angle":-45,"axis":"x","origin":[8,9.75,9.25]},"faces":{"north":{"uv":[1.5,11.375,1.375,11.8125],"texture":"#1"},"east":{"uv":[0.9375,11.375,1.375,11.8125],"texture":"#1"},"south":{"uv":[1.5,11.375,1.375,11.8125],"texture":"#1"},"west":{"uv":[1.375,11.375,0.9375,11.8125],"texture":"#1"},"up":{"uv":[1.5,11.8125,1.625,11.375],"texture":"#1"},"down":{"uv":[1.5,11.8125,1.625,11.375],"texture":"#1"}}},{"from":[7.5,3.5,8],"to":[8.5,6,10.5],"rotation":{"angle":-45,"axis":"x","origin":[8,4.75,9.25]},"faces":{"north":{"uv":[2.3125,10.875,2.1875,11.1875],"texture":"#1"},"east":{"uv":[1.875,10.875,2.1875,11.1875],"texture":"#1"},"south":{"uv":[2.3125,10.875,2.1875,11.1875],"texture":"#1"},"west":{"uv":[2.1875,10.875,1.875,11.1875],"texture":"#1"},"up":{"uv":[1.625,11.6875,1.75,11.375],"texture":"#1"},"down":{"uv":[1.625,11.6875,1.75,11.375],"texture":"#1"}}},{"from":[7.25,2,6.75],"to":[8.75,12,9.25],"rotation":{"angle":0,"axis":"y","origin":[0.2,-5,0.4]},"faces":{"north":{"uv":[2.5,8.6875,2.6875,9.9375],"texture":"#1"},"east":{"uv":[2.5625,9.9375,2.875,11.1875],"texture":"#1"},"south":{"uv":[2.5,8.6875,2.6875,9.9375],"texture":"#1"},"west":{"uv":[2.5625,9.9375,2.875,11.1875],"texture":"#1"},"up":{"uv":[2.25,10.375,2.4375,10.6875],"texture":"#1"},"down":{"uv":[2.25,10.375,2.4375,10.6875],"texture":"#1"}}},{"from":[8,0.5,7],"to":[8,9.5,12],"rotation":{"angle":22.5,"axis":"x","origin":[6,1.5,9]},"faces":{"north":{"uv":[0,0,0,9],"texture":"#2"},"east":{"uv":[0,0,5,9],"texture":"#2"},"south":{"uv":[0,0,0,9],"texture":"#2"},"west":{"uv":[5,0,0,9],"texture":"#2"},"up":{"uv":[0,0,0,5],"texture":"#2"},"down":{"uv":[0,5,0,0],"texture":"#2"}}},{"from":[8,0.5,4],"to":[8,9.5,9],"rotation":{"angle":-22.5,"axis":"x","origin":[6,1.5,7]},"faces":{"north":{"uv":[0,0,0,9],"texture":"#2"},"east":{"uv":[5,0,0,9],"texture":"#2"},"south":{"uv":[0,0,0,9],"texture":"#2"},"west":{"uv":[0,0,5,9],"texture":"#2"},"up":{"uv":[0,5,0,0],"texture":"#2"},"down":{"uv":[0,0,0,5],"texture":"#2"}}}],"gui_light":"front","display":{"thirdperson_righthand":{"translation":[0,7.75,1.75],"scale":[0.58477,0.58477,0.58477]},"thirdperson_lefthand":{"translation":[0,7.75,1.75],"scale":[0.58477,0.58477,0.58477]},"firstperson_righthand":{"rotation":[-90,0,0],"translation":[1.25,5,-2.25],"scale":[0.35977,0.35977,0.35977]},"firstperson_lefthand":{"rotation":[-90,0,0],"translation":[1.25,5,-2.25],"scale":[0.35977,0.35977,0.35977]},"ground":{"rotation":[0,0,90],"translation":[-5.5,9,0],"scale":[0.5,0.5,0.5]},"gui":{"rotation":[-90,-90,90],"translation":[0,-5.75,0],"scale":[0.5,0.5,0.5]},"head":{"scale":[0,0,0]},"fixed":{"rotation":[-90,-90,-90],"translation":[0,13.25,-2],"scale":[1.2,1.2,1.2]}},"mcmodels":"effdf8b2824154e815c2ad12db4aea7c"}