{"credit":"Made with Blockbench","texture_size":[128,128],"textures":{"1":"elitecreatures:arctic_knight_animated_weapon_set/arctic_knight_texture","2":"elitecreatures:arctic_knight_animated_weapon_set/arctic_knight_animation01","particle":"elitecreatures:arctic_knight_animated_weapon_set/arctic_knight_animation01"},"elements":[{"from":[6.75,-15.8,5],"to":[9.25,-13.8,8],"rotation":{"angle":-22.5,"axis":"x","origin":[8.2,-14.8,6.5]},"faces":{"north":{"uv":[2.625,2.625,2.9375,2.875],"texture":"#1"},"east":{"uv":[2.625,2.625,2.25,2.875],"texture":"#1"},"south":{"uv":[2.625,2.625,2.9375,2.875],"texture":"#1"},"west":{"uv":[2.25,2.625,2.625,2.875],"texture":"#1"},"up":{"uv":[2.25,2.875,2.5625,3.25],"texture":"#1"},"down":{"uv":[1.9375,3.25,2.25,3.625],"texture":"#1"}}},{"from":[6.75,-15.8,8],"to":[9.25,-13.8,11],"rotation":{"angle":22.5,"axis":"x","origin":[8.2,-14.8,9.5]},"faces":{"north":{"uv":[2.9375,2.625,2.625,2.875],"texture":"#1"},"east":{"uv":[2.25,2.625,2.625,2.875],"texture":"#1"},"south":{"uv":[2.9375,2.625,2.625,2.875],"texture":"#1"},"west":{"uv":[2.625,2.625,2.25,2.875],"texture":"#1"},"up":{"uv":[2.25,3.25,2.5625,2.875],"texture":"#1"},"down":{"uv":[1.9375,3.625,2.25,3.25],"texture":"#1"}}},{"from":[7,-13,7],"to":[9,3.5,9],"rotation":{"angle":45,"axis":"y","origin":[8,-9.5,8]},"faces":{"north":{"uv":[5.9375,0,5.6875,2.0625],"texture":"#1"},"east":{"uv":[5.6875,0,5.9375,2.0625],"texture":"#1"},"south":{"uv":[5.9375,0,5.6875,2.0625],"texture":"#1"},"west":{"uv":[5.6875,0,5.9375,2.0625],"texture":"#1"},"up":{"uv":[5.9375,0,5.6875,0.25],"texture":"#1"},"down":{"uv":[5.9375,0,5.6875,0.25],"texture":"#1"}}},{"from":[6.25,5,6.25],"to":[9.75,13.5,9.75],"rotation":{"angle":45,"axis":"y","origin":[8,8.75,8]},"faces":{"north":{"uv":[7.3125,9.4375,7.75,10.5],"texture":"#1"},"east":{"uv":[7.75,9.4375,7.3125,10.5],"texture":"#1"},"south":{"uv":[7.3125,9.4375,7.75,10.5],"texture":"#1"},"west":{"uv":[7.75,9.4375,7.3125,10.5],"texture":"#1"},"up":{"uv":[6.125,0,5.6875,0.4375],"rotation":270,"texture":"#1"},"down":{"uv":[6.125,0,5.6875,0.4375],"rotation":90,"texture":"#1"}}},{"from":[9.5,-6.08922,-10.80421],"to":[6.5,-9.58922,-14.30421],"rotation":{"angle":-45,"axis":"x","origin":[10.2,12.71499,8]},"faces":{"north":{"uv":[16,0,15.94531,0.05469],"texture":"#1"},"east":{"uv":[16,0,15.94531,0.05469],"texture":"#1"},"south":{"uv":[16,0,15.94531,0.05469],"texture":"#1"},"west":{"uv":[16,0,15.94531,0.05469],"texture":"#1"},"up":{"uv":[16,0,15.94531,0.05469],"texture":"#1"},"down":{"uv":[16,0,15.94531,0.05469],"texture":"#1"}}},{"from":[6.75,3.5,6.75],"to":[9.25,5.5,9.25],"rotation":{"angle":45,"axis":"y","origin":[8,0.5,8]},"faces":{"north":{"uv":[1.9375,2.875,1.625,2.625],"texture":"#1"},"east":{"uv":[1.625,2.875,1.9375,2.625],"texture":"#1"},"south":{"uv":[1.9375,2.875,1.625,2.625],"texture":"#1"},"west":{"uv":[1.625,2.875,1.9375,2.625],"texture":"#1"},"up":{"uv":[1.9375,3.1875,1.625,2.875],"texture":"#1"},"down":{"uv":[1.9375,3.1875,1.625,2.875],"texture":"#1"}}},{"from":[6.75,-15.5,6.75],"to":[9.25,-13,9.25],"rotation":{"angle":45,"axis":"y","origin":[8,-18.5,8]},"faces":{"north":{"uv":[2.25,2.9375,1.9375,2.625],"texture":"#1"},"east":{"uv":[1.9375,2.9375,2.25,2.625],"texture":"#1"},"south":{"uv":[2.25,2.9375,1.9375,2.625],"texture":"#1"},"west":{"uv":[1.9375,2.9375,2.25,2.625],"texture":"#1"},"up":{"uv":[1.9375,3.25,2.25,2.9375],"texture":"#1"},"down":{"uv":[1.9375,3.25,2.25,2.9375],"texture":"#1"}}},{"from":[7,-12.08922,-6.80421],"to":[9,-9.08922,-3.80421],"rotation":{"angle":-45,"axis":"x","origin":[8.2,2.71499,8]},"faces":{"north":{"uv":[2.8125,3.125,2.5625,3.5],"texture":"#1"},"east":{"uv":[1.5625,3.1875,1.9375,3.5625],"texture":"#1"},"south":{"uv":[2.8125,3.125,2.5625,3.5],"texture":"#1"},"west":{"uv":[1.9375,3.1875,1.5625,3.5625],"texture":"#1"},"up":{"uv":[2.8125,3.125,2.5625,3.5],"texture":"#1"},"down":{"uv":[2.8125,3.125,2.5625,3.5],"texture":"#1"}}},{"from":[3.5,11,3.5],"to":[12.5,20,12.5],"rotation":{"angle":0,"axis":"y","origin":[9,10,8]},"faces":{"north":{"uv":[8.875,9.375,7.75,10.5],"texture":"#1"},"east":{"uv":[8.875,9.375,7.75,10.5],"texture":"#1"},"south":{"uv":[8.875,9.375,7.75,10.5],"texture":"#1"},"west":{"uv":[8.875,9.375,7.75,10.5],"texture":"#1"},"up":{"uv":[8.875,7.125,7.75,8.25],"texture":"#1"},"down":{"uv":[8.875,8.25,7.75,9.375],"texture":"#1"}}},{"from":[12.91,20.85,13],"to":[2.91,10.35,3],"rotation":{"angle":0,"axis":"y","origin":[20.4,58.4,34]},"faces":{"north":{"uv":[15.375,0,15.5,0.9375],"rotation":180,"texture":"#1"},"east":{"uv":[15.0625,0,16,0.875],"rotation":270,"texture":"#1"},"south":{"uv":[15.375,0,15.5,0.9375],"texture":"#1"},"west":{"uv":[15.0625,0,16,0.875],"rotation":90,"texture":"#1"},"up":{"uv":[15.375,0,15.5,0.875],"rotation":180,"texture":"#1"},"down":{"uv":[15.375,0,15.5,0.875],"texture":"#1"}}},{"from":[7.3,11.5,2],"to":[8.7,16,6.5],"rotation":{"angle":45,"axis":"x","origin":[7.9,15.5,6.5]},"faces":{"north":{"uv":[1.1875,1,1.375,1.5625],"texture":"#1"},"east":{"uv":[8.3125,6.5625,7.75,7.125],"texture":"#1"},"south":{"uv":[2.1875,1.125,2.375,1.6875],"texture":"#1"},"west":{"uv":[7.75,6.5625,8.3125,7.125],"texture":"#1"},"up":{"uv":[0.875,0.75,1.0625,1.3125],"texture":"#1"},"down":{"uv":[1.1875,1.5625,1.375,2.125],"texture":"#1"}}},{"from":[7.3,11.5,9.5],"to":[8.7,16,14],"rotation":{"angle":-45,"axis":"x","origin":[7.9,15.5,9.5]},"faces":{"north":{"uv":[2.375,1.125,2.1875,1.6875],"texture":"#1"},"east":{"uv":[7.75,6.5625,8.3125,7.125],"texture":"#1"},"south":{"uv":[1.375,1,1.1875,1.5625],"texture":"#1"},"west":{"uv":[8.3125,6.5625,7.75,7.125],"texture":"#1"},"up":{"uv":[0.875,1.3125,1.0625,0.75],"texture":"#1"},"down":{"uv":[1.1875,2.125,1.375,1.5625],"texture":"#1"}}},{"from":[2.68934,10.54289,7.3],"to":[7.18934,15.04289,8.7],"rotation":{"angle":-45,"axis":"z","origin":[8,15.85355,8]},"faces":{"north":{"uv":[8.3125,6.5625,7.75,7.125],"texture":"#1"},"east":{"uv":[2.375,1.125,2.1875,1.6875],"texture":"#1"},"south":{"uv":[7.75,6.5625,8.3125,7.125],"texture":"#1"},"west":{"uv":[1.375,1,1.1875,1.5625],"texture":"#1"},"up":{"uv":[0.875,1.3125,1.0625,0.75],"rotation":90,"texture":"#1"},"down":{"uv":[1.1875,2.125,1.375,1.5625],"rotation":270,"texture":"#1"}}},{"from":[8.81066,10.54289,7.3],"to":[13.31066,15.04289,8.7],"rotation":{"angle":45,"axis":"z","origin":[8,15.85355,8]},"faces":{"north":{"uv":[7.75,6.5625,8.3125,7.125],"texture":"#1"},"east":{"uv":[1.1875,1,1.375,1.5625],"texture":"#1"},"south":{"uv":[8.3125,6.5625,7.75,7.125],"texture":"#1"},"west":{"uv":[2.1875,1.125,2.375,1.6875],"texture":"#1"},"up":{"uv":[0.875,0.75,1.0625,1.3125],"rotation":90,"texture":"#1"},"down":{"uv":[1.1875,1.5625,1.375,2.125],"rotation":270,"texture":"#1"}}},{"from":[9,18.5,4],"to":[9,27.5,11],"rotation":{"angle":22.5,"axis":"x","origin":[7,19.5,8]},"faces":{"north":{"uv":[0,0,0,9],"texture":"#2"},"east":{"uv":[0,0,7,9],"texture":"#2"},"south":{"uv":[0,0,0,9],"texture":"#2"},"west":{"uv":[7,0,0,9],"texture":"#2"},"up":{"uv":[0,0,0,4],"texture":"#2"},"down":{"uv":[0,4,0,0],"texture":"#2"}}},{"from":[7,15.5,4],"to":[7,24.5,11],"rotation":{"angle":22.5,"axis":"x","origin":[5,16.5,8]},"faces":{"north":{"uv":[0,0,0,9],"texture":"#2"},"east":{"uv":[0,0,7,9],"texture":"#2"},"south":{"uv":[0,0,0,9],"texture":"#2"},"west":{"uv":[7,0,0,9],"texture":"#2"},"up":{"uv":[0,0,0,4],"texture":"#2"},"down":{"uv":[0,4,0,0],"texture":"#2"}}}],"gui_light":"front","display":{"thirdperson_righthand":{"translation":[0,8.75,1.75],"scale":[0.65,0.65,0.65]},"thirdperson_lefthand":{"translation":[0,8.75,1.75],"scale":[0.65,0.65,0.65]},"firstperson_righthand":{"rotation":[-10,7,2],"translation":[5,7.5,-4.25],"scale":[0.51992,0.51992,0.51992]},"firstperson_lefthand":{"rotation":[-10,7,2],"translation":[5,7.5,-4.25],"scale":[0.51992,0.51992,0.51992]},"ground":{"rotation":[0,0,90],"translation":[-4,9,0],"scale":[0.55,0.55,0.55]},"gui":{"rotation":[-90,-135,-90],"translation":[-1.5,1.5,-1.5],"scale":[0.48828,0.48828,0.48828]},"head":{"scale":[0,0,0]},"fixed":{"rotation":[-90,-90,-90],"translation":[0,15.75,-2.5],"scale":[1.4,1.4,1.4]}},"mcmodels":"effdf8b2824154e815c2ad12db4aea7c"}