{"credit":"Made with Blockbench","texture_size":[128,128],"textures":{"1":"elitecreatures:arctic_knight_animated_weapon_set/arctic_knight_texture","2":"elitecreatures:arctic_knight_animated_weapon_set/arctic_knight_animation01","particle":"elitecreatures:arctic_knight_animated_weapon_set/arctic_knight_animation01"},"elements":[{"from":[2.25,1.2,5],"to":[4.75,3.2,8],"rotation":{"angle":-22.5,"axis":"x","origin":[3.3,2.2,6.5]},"faces":{"north":{"uv":[2.9375,2.625,2.625,2.875],"texture":"#1"},"east":{"uv":[2.625,2.625,2.25,2.875],"texture":"#1"},"south":{"uv":[2.9375,2.625,2.625,2.875],"texture":"#1"},"west":{"uv":[2.25,2.625,2.625,2.875],"texture":"#1"},"up":{"uv":[2.5625,2.875,2.25,3.25],"texture":"#1"},"down":{"uv":[2.25,3.25,1.9375,3.625],"texture":"#1"}}},{"from":[2.25,1.2,8],"to":[4.75,3.2,11],"rotation":{"angle":22.5,"axis":"x","origin":[3.3,2.2,9.5]},"faces":{"north":{"uv":[2.625,2.625,2.9375,2.875],"texture":"#1"},"east":{"uv":[2.25,2.625,2.625,2.875],"texture":"#1"},"south":{"uv":[2.625,2.625,2.9375,2.875],"texture":"#1"},"west":{"uv":[2.625,2.625,2.25,2.875],"texture":"#1"},"up":{"uv":[2.5625,3.25,2.25,2.875],"texture":"#1"},"down":{"uv":[2.25,3.625,1.9375,3.25],"texture":"#1"}}},{"from":[2.5,4,7],"to":[4.5,12.5,9],"rotation":{"angle":-45,"axis":"y","origin":[3.5,7.5,8]},"faces":{"north":{"uv":[4.375,1,4.625,2.0625],"texture":"#1"},"east":{"uv":[4.625,1,4.375,2.0625],"texture":"#1"},"south":{"uv":[4.375,1,4.625,2.0625],"texture":"#1"},"west":{"uv":[4.625,1,4.375,2.0625],"texture":"#1"},"up":{"uv":[4.375,1.8125,4.625,2.0625],"texture":"#1"},"down":{"uv":[4.375,1.8125,4.625,2.0625],"texture":"#1"}}},{"from":[5,10.91078,-10.80421],"to":[2,7.41078,-14.30421],"rotation":{"angle":-45,"axis":"x","origin":[1.3,29.71499,8]},"faces":{"north":{"uv":[15.94531,0,16,0.05469],"texture":"#1"},"east":{"uv":[15.94531,0,16,0.05469],"texture":"#1"},"south":{"uv":[15.94531,0,16,0.05469],"texture":"#1"},"west":{"uv":[15.94531,0,16,0.05469],"texture":"#1"},"up":{"uv":[15.94531,0,16,0.05469],"texture":"#1"},"down":{"uv":[15.94531,0,16,0.05469],"texture":"#1"}}},{"from":[2.25,12.5,6.75],"to":[4.75,14.5,9.25],"rotation":{"angle":-45,"axis":"y","origin":[3.5,17.5,8]},"faces":{"north":{"uv":[1.625,2.625,1.9375,2.875],"texture":"#1"},"east":{"uv":[1.9375,2.625,1.625,2.875],"texture":"#1"},"south":{"uv":[1.625,2.625,1.9375,2.875],"texture":"#1"},"west":{"uv":[1.9375,2.625,1.625,2.875],"texture":"#1"},"up":{"uv":[1.625,2.875,1.9375,3.1875],"texture":"#1"},"down":{"uv":[1.625,2.875,1.9375,3.1875],"texture":"#1"}}},{"from":[5.5,12.25,6.75],"to":[7.5,14.75,9.25],"rotation":{"angle":-45,"axis":"x","origin":[6.5,13.5,8]},"faces":{"north":{"uv":[1.9375,2.625,1.625,2.875],"rotation":270,"texture":"#1"},"east":{"uv":[1.625,2.875,1.9375,3.1875],"texture":"#1"},"south":{"uv":[1.9375,2.625,1.625,2.875],"rotation":90,"texture":"#1"},"west":{"uv":[1.625,2.875,1.9375,3.1875],"rotation":180,"texture":"#1"},"up":{"uv":[1.625,2.625,1.9375,2.875],"rotation":90,"texture":"#1"},"down":{"uv":[1.625,2.625,1.9375,2.875],"rotation":90,"texture":"#1"}}},{"from":[2.25,1.5,6.75],"to":[4.75,4,9.25],"rotation":{"angle":-45,"axis":"y","origin":[3.5,-1.5,8]},"faces":{"north":{"uv":[1.9375,2.9375,2.25,2.625],"texture":"#1"},"east":{"uv":[2.25,2.9375,1.9375,2.625],"texture":"#1"},"south":{"uv":[1.9375,2.9375,2.25,2.625],"texture":"#1"},"west":{"uv":[2.25,2.9375,1.9375,2.625],"texture":"#1"},"up":{"uv":[2.25,3.25,1.9375,2.9375],"texture":"#1"},"down":{"uv":[2.25,3.25,1.9375,2.9375],"texture":"#1"}}},{"from":[6.25,-6,1],"to":[8.75,12,15],"rotation":{"angle":0,"axis":"y","origin":[16,-16,4]},"faces":{"north":{"uv":[2.0625,12,1.75,14.25],"texture":"#1"},"east":{"uv":[1.75,12,0,14.25],"texture":"#1"},"south":{"uv":[2.0625,12,1.75,14.25],"texture":"#1"},"west":{"uv":[1.75,12,0,14.25],"texture":"#1"},"up":{"uv":[2.375,12.5,2.0625,14.25],"texture":"#1"},"down":{"uv":[2.375,12.5,2.0625,14.25],"texture":"#1"}}},{"from":[8.95,-6,8],"to":[10.95,12,14],"rotation":{"angle":-22.5,"axis":"y","origin":[10.95,3,8]},"faces":{"north":{"uv":[0.125,0,0.375,2.25],"texture":"#1"},"east":{"uv":[1,8.625,1.75,10.875],"texture":"#1"},"south":{"uv":[0.125,0,0.375,2.25],"texture":"#1"},"west":{"uv":[1,8.625,1.75,10.875],"texture":"#1"},"up":{"uv":[1.1875,6.8125,1.4375,7.5625],"texture":"#1"},"down":{"uv":[1.1875,7.5625,1.4375,6.8125],"texture":"#1"}}},{"from":[8.95,-6,2],"to":[10.95,12,8],"rotation":{"angle":22.5,"axis":"y","origin":[10.95,3,8]},"faces":{"north":{"uv":[0.375,0,0.125,2.25],"texture":"#1"},"east":{"uv":[1.75,8.625,1,10.875],"texture":"#1"},"south":{"uv":[0.375,0,0.125,2.25],"texture":"#1"},"west":{"uv":[1.75,8.625,1,10.875],"texture":"#1"},"up":{"uv":[1.1875,7.5625,1.4375,6.8125],"texture":"#1"},"down":{"uv":[1.1875,6.8125,1.4375,7.5625],"texture":"#1"}}},{"from":[7.35,-5.5,15],"to":[8.75,11.5,17],"rotation":{"angle":-45,"axis":"y","origin":[8.75,1.5,15]},"faces":{"north":{"uv":[0.4375,8.75,0.25,10.875],"texture":"#1"},"east":{"uv":[0.25,8.75,0,10.875],"texture":"#1"},"south":{"uv":[0.0625,8.75,0.25,10.875],"texture":"#1"},"west":{"uv":[0.25,8.75,0,10.875],"texture":"#1"},"up":{"uv":[1.375,0,1.1875,0.25],"texture":"#1"},"down":{"uv":[1.375,0,1.1875,0.25],"texture":"#1"}}},{"from":[7.35,-5.5,-1],"to":[8.75,11.5,1],"rotation":{"angle":45,"axis":"y","origin":[8.75,1.5,1]},"faces":{"north":{"uv":[0.75,8.75,0.5625,10.875],"texture":"#1"},"east":{"uv":[0.5,8.75,0.75,10.875],"texture":"#1"},"south":{"uv":[0.75,8.75,0.9375,10.875],"texture":"#1"},"west":{"uv":[0.5,8.75,0.75,10.875],"texture":"#1"},"up":{"uv":[1.375,0.25,1.1875,0],"texture":"#1"},"down":{"uv":[1.375,0.25,1.1875,0],"texture":"#1"}}},{"from":[6.3,4.7,0.5],"to":[8.7,18.7,14.5],"rotation":{"angle":45,"axis":"x","origin":[8.1,11.2,8]},"faces":{"north":{"uv":[2.0625,14.25,1.75,16],"texture":"#1"},"east":{"uv":[1.75,14.25,0,16],"texture":"#1"},"south":{"uv":[2.8125,14.25,2.5,16],"texture":"#1"},"west":{"uv":[0,14.25,1.75,16],"texture":"#1"},"up":{"uv":[2.4375,14.25,2.125,16],"texture":"#1"},"down":{"uv":[2.8125,14.25,2.5,16],"texture":"#1"}}},{"from":[8.7,9.7,4.5],"to":[10.1,12.7,7.5],"rotation":{"angle":45,"axis":"x","origin":[9.5,9.2,8]},"faces":{"north":{"uv":[0.8125,7.8125,0.9875,8.1875],"texture":"#1"},"east":{"uv":[0.8125,7.8125,0.4375,8.1875],"texture":"#1"},"south":{"uv":[0.9875,7.8125,0.8125,8.1875],"texture":"#1"},"west":{"uv":[0.8125,7.8125,0.4375,8.1875],"texture":"#1"},"up":{"uv":[0.9875,7.8125,0.8125,8.1875],"texture":"#1"},"down":{"uv":[0.9875,7.8125,0.8125,8.1875],"texture":"#1"}}},{"from":[6.3,-11.9,2.5],"to":[8.7,0.1,14.5],"rotation":{"angle":-45,"axis":"x","origin":[8.1,-6.4,8]},"faces":{"north":{"uv":[5.8125,16,5.5,14.5],"texture":"#1"},"east":{"uv":[4.375,16,2.875,14.5],"texture":"#1"},"south":{"uv":[5.0625,16,4.75,14.5],"texture":"#1"},"west":{"uv":[2.875,16,4.375,14.5],"texture":"#1"},"up":{"uv":[5.4375,16,5.125,14.5],"texture":"#1"},"down":{"uv":[4.6875,16,4.375,14.5],"texture":"#1"}}},{"from":[6.31,3.2,0],"to":[8.71,7.7,4.5],"rotation":{"angle":45,"axis":"x","origin":[8.1,7.2,4.5]},"faces":{"north":{"uv":[1.75,6.8125,1.4375,7.375],"texture":"#1"},"east":{"uv":[2.1875,1.125,1.625,1.6875],"texture":"#1"},"south":{"uv":[2.5,1.125,2.1875,1.6875],"texture":"#1"},"west":{"uv":[1.625,1.125,2.1875,1.6875],"texture":"#1"},"up":{"uv":[1.1875,0.75,0.875,1.3125],"texture":"#1"},"down":{"uv":[2.0625,6.8125,1.75,7.375],"texture":"#1"}}},{"from":[6.31,-1.8,0],"to":[8.71,1.2,3],"rotation":{"angle":45,"axis":"x","origin":[8.1,1.7,4.5]},"faces":{"north":{"uv":[1.75,7,1.4375,7.375],"texture":"#1"},"east":{"uv":[2,1.6875,1.625,2.0625],"texture":"#1"},"south":{"uv":[1.75,7,1.4375,7.375],"texture":"#1"},"west":{"uv":[1.625,1.6875,2,2.0625],"texture":"#1"},"up":{"uv":[2.0625,7,1.75,7.375],"texture":"#1"},"down":{"uv":[2.0625,7,1.75,7.375],"texture":"#1"}}},{"from":[6.31,-6.8,0],"to":[8.71,-3.8,3],"rotation":{"angle":45,"axis":"x","origin":[8.1,-3.3,4.5]},"faces":{"north":{"uv":[1.75,7,1.4375,7.375],"texture":"#1"},"east":{"uv":[2,1.6875,1.625,2.0625],"texture":"#1"},"south":{"uv":[1.75,7,1.4375,7.375],"texture":"#1"},"west":{"uv":[1.625,1.6875,2,2.0625],"texture":"#1"},"up":{"uv":[2.0625,7,1.75,7.375],"texture":"#1"},"down":{"uv":[2.0625,7,1.75,7.375],"texture":"#1"}}},{"from":[6.31,3.2,11.5],"to":[8.71,7.7,16],"rotation":{"angle":-45,"axis":"x","origin":[8.1,7.2,11.5]},"faces":{"north":{"uv":[7.375,5,7.6875,5.5625],"texture":"#1"},"east":{"uv":[2.1875,1.125,2.75,1.6875],"texture":"#1"},"south":{"uv":[7.375,5,7.6875,5.5625],"texture":"#1"},"west":{"uv":[2.75,1.125,2.1875,1.6875],"texture":"#1"},"up":{"uv":[7.6875,5,8,5.5625],"texture":"#1"},"down":{"uv":[7.6875,5,8,5.5625],"texture":"#1"}}},{"from":[6.31,-1.8,13],"to":[8.71,1.2,16],"rotation":{"angle":-45,"axis":"x","origin":[8.1,1.7,11.5]},"faces":{"north":{"uv":[7.375,5.1875,7.675,5.5625],"texture":"#1"},"east":{"uv":[2,1.6875,2.375,2.0625],"texture":"#1"},"south":{"uv":[7.375,5.1875,7.675,5.5625],"texture":"#1"},"west":{"uv":[2.375,1.6875,2,2.0625],"texture":"#1"},"up":{"uv":[7.375,5.5625,7.675,5.9375],"texture":"#1"},"down":{"uv":[7.375,5.5625,7.675,5.9375],"texture":"#1"}}},{"from":[6.31,-6.8,13],"to":[8.71,-3.8,16],"rotation":{"angle":-45,"axis":"x","origin":[8.1,-3.3,11.5]},"faces":{"north":{"uv":[7.375,5.1875,7.675,5.5625],"texture":"#1"},"east":{"uv":[2,1.6875,2.375,2.0625],"texture":"#1"},"south":{"uv":[7.375,5.1875,7.675,5.5625],"texture":"#1"},"west":{"uv":[2.375,1.6875,2,2.0625],"texture":"#1"},"up":{"uv":[7.375,5.5625,7.675,5.9375],"texture":"#1"},"down":{"uv":[7.375,5.5625,7.675,5.9375],"texture":"#1"}}},{"from":[2.5,4.91078,-6.80421],"to":[4.5,7.91078,-3.80421],"rotation":{"angle":-45,"axis":"x","origin":[3.3,19.71499,8]},"faces":{"north":{"uv":[2.5625,3.125,2.8125,3.5],"texture":"#1"},"east":{"uv":[1.5625,3.1875,1.9375,3.5625],"texture":"#1"},"south":{"uv":[2.5625,3.125,2.8125,3.5],"texture":"#1"},"west":{"uv":[1.9375,3.1875,1.5625,3.5625],"texture":"#1"},"up":{"uv":[2.5625,3.125,2.8125,3.5],"texture":"#1"},"down":{"uv":[2.5625,3.125,2.8125,3.5],"texture":"#1"}}},{"from":[4,12.75,7],"to":[7,14.25,9],"rotation":{"angle":0,"axis":"y","origin":[5.5,13,8]},"faces":{"north":{"uv":[4.5625,6.1875,4.9375,6.375],"texture":"#1"},"east":{"uv":[4.9375,6.1875,4.6875,6.375],"texture":"#1"},"south":{"uv":[4.9375,6.1875,4.5625,6.375],"texture":"#1"},"west":{"uv":[4.9375,6.1875,4.6875,6.375],"texture":"#1"},"up":{"uv":[7.25,5.9375,6.875,6.1875],"texture":"#1"},"down":{"uv":[7.25,5.9375,6.875,6.1875],"texture":"#1"}}},{"from":[9.2,10,2],"to":[9.2,19,9],"rotation":{"angle":-22.5,"axis":"x","origin":[7.2,11,5]},"faces":{"north":{"uv":[0,0,0,9],"texture":"#2"},"east":{"uv":[7,0,0,9],"texture":"#2"},"south":{"uv":[0,0,0,9],"texture":"#2"},"west":{"uv":[0,0,7,9],"texture":"#2"},"up":{"uv":[0,4,0,0],"texture":"#2"},"down":{"uv":[0,0,0,4],"texture":"#2"}}},{"from":[9.2,10,7],"to":[9.2,19,14],"rotation":{"angle":22.5,"axis":"x","origin":[7.2,11,11]},"faces":{"north":{"uv":[0,0,0,9],"texture":"#2"},"east":{"uv":[0,0,7,9],"texture":"#2"},"south":{"uv":[0,0,0,9],"texture":"#2"},"west":{"uv":[7,0,0,9],"texture":"#2"},"up":{"uv":[0,0,0,4],"texture":"#2"},"down":{"uv":[0,4,0,0],"texture":"#2"}}},{"from":[5.95,10.32886,8.38744],"to":[11.05,12.42886,10.48744],"rotation":{"angle":-45,"axis":"x","origin":[9.5,9.94142,8]},"faces":{"north":{"uv":[4.875,2.4375,5.5,2.6875],"texture":"#1"},"east":{"uv":[4.875,1.625,4.625,1.375],"texture":"#1"},"south":{"uv":[4.875,2.4375,5.5,2.6875],"texture":"#1"},"west":{"uv":[4.625,1.625,4.875,1.375],"texture":"#1"},"up":{"uv":[4.875,2.1875,5.5,2.4375],"texture":"#1"},"down":{"uv":[4.875,2.1875,5.5,2.4375],"texture":"#1"}}},{"from":[6,8.5,6.5],"to":[11,12,9.5],"rotation":{"angle":0,"axis":"y","origin":[9.5,10.24142,7.8]},"faces":{"north":{"uv":[4.125,2.5625,3.5,3],"texture":"#1"},"east":{"uv":[3.125,2.5625,3.5,3],"texture":"#1"},"south":{"uv":[4.75,2.625,4.125,3.0625],"texture":"#1"},"west":{"uv":[3.5,2.5625,3.125,3],"texture":"#1"},"up":{"uv":[4.75,2.25,4.125,2.625],"texture":"#1"},"down":{"uv":[4.75,2.25,4.125,2.625],"texture":"#1"}}},{"from":[5.95,7.02886,7.98744],"to":[11.05,9.12886,10.08744],"rotation":{"angle":-45,"axis":"x","origin":[9.5,7.04142,8]},"faces":{"north":{"uv":[3.0625,3,3.6875,3.25],"texture":"#1"},"east":{"uv":[4.625,1.625,4.875,1.875],"texture":"#1"},"south":{"uv":[0,3.375,0.625,3.625],"texture":"#1"},"west":{"uv":[4.875,1.625,4.625,1.875],"texture":"#1"},"up":{"uv":[0.625,3.375,1.25,3.625],"texture":"#1"},"down":{"uv":[4.875,2.9375,5.5,3.1875],"texture":"#1"}}},{"from":[11.75,12,9.75],"to":[5.25,8.5,6.25],"rotation":{"angle":0,"axis":"y","origin":[16.2,13.74142,11]},"faces":{"north":{"uv":[16,0,15.1875,0.4375],"texture":"#1"},"east":{"uv":[15.625,0,15.1875,0.4375],"texture":"#1"},"south":{"uv":[16,0,15.1875,0.4375],"texture":"#1"},"west":{"uv":[15.625,0,15.1875,0.4375],"texture":"#1"}}},{"from":[11.8,12.8,10.5],"to":[5.3,10.3,8],"rotation":{"angle":-45,"axis":"x","origin":[8.5,8.55,12.25]},"faces":{"east":{"uv":[15.5,0.3125,15.1875,0],"texture":"#1"},"south":{"uv":[16,0.3125,15.1875,0],"texture":"#1"},"west":{"uv":[15.5,0.3125,15.1875,0],"texture":"#1"},"up":{"uv":[16,0.3125,15.1875,0],"texture":"#1"}}},{"from":[11.8,10.2,10.5],"to":[5.3,7.7,8],"rotation":{"angle":45,"axis":"x","origin":[8.5,11.95,12.25]},"faces":{"east":{"uv":[15.5,0,15.1875,0.3125],"texture":"#1"},"south":{"uv":[16,0,15.1875,0.3125],"texture":"#1"},"west":{"uv":[15.5,0,15.1875,0.3125],"texture":"#1"},"down":{"uv":[16,0,15.1875,0.3125],"texture":"#1"}}}],"gui_light":"front","display":{"thirdperson_righthand":{"translation":[3.5,-1.5,1.75],"scale":[0.7,0.7,0.7]},"thirdperson_lefthand":{"rotation":[0,180,0],"translation":[3.5,-1.5,1.75],"scale":[0.7,0.7,0.7]},"firstperson_righthand":{"rotation":[-5,0,8],"translation":[0,4.25,1.75],"scale":[0.4,0.4,0.4]},"firstperson_lefthand":{"rotation":[-5,180,-8],"translation":[0,4.25,1.75],"scale":[0.4,0.4,0.4]},"ground":{"rotation":[0,0,75],"translation":[-1.75,11,0],"scale":[0.65,0.65,0.65]},"gui":{"rotation":[180,-45,-153.1],"translation":[0.25,1.75,-1.5],"scale":[0.45508,0.45508,0.45508]},"head":{"scale":[0,0,0]},"fixed":{"rotation":[0,90,0],"translation":[0,5.5,-10],"scale":[1.6,1.6,1.6]}},"mcmodels":"effdf8b2824154e815c2ad12db4aea7c"}