{"credit":"Made with Blockbench","texture_size":[128,128],"textures":{"1":"elitecreatures:arctic_knight_animated_weapon_set/arctic_knight_texture","particle":"elitecreatures:arctic_knight_animated_weapon_set/arctic_knight_animation01"},"elements":[{"from":[3.25,10.5,10.75],"to":[12.75,17.5,10.75],"rotation":{"angle":-22.5,"axis":"x","origin":[4.7,11.75,11.25]},"faces":{"north":{"uv":[16,13.3125,14.8125,14.1875],"texture":"#1"},"east":{"uv":[10.875,13.6875,10.875,14.5625],"texture":"#1"},"south":{"uv":[16,13.3125,14.8125,14.1875],"texture":"#1"},"west":{"uv":[10.75,13.6875,10.75,14.5625],"texture":"#1"},"up":{"uv":[11.5,13.5625,10.3125,13.5625],"texture":"#1"},"down":{"uv":[11.5,13.5625,10.3125,13.5625],"texture":"#1"}}},{"from":[3.25,7.40381,11.26641],"to":[12.75,10.40381,11.26641],"rotation":{"angle":22.5,"axis":"x","origin":[8,10.40381,11.26641]},"faces":{"north":{"uv":[16,14.1875,14.8125,14.5625],"texture":"#1"},"east":{"uv":[10.875,13.6875,10.875,14.0625],"texture":"#1"},"south":{"uv":[16,14.1875,14.8125,14.5625],"texture":"#1"},"west":{"uv":[10.75,13.6875,10.75,14.0625],"texture":"#1"},"up":{"uv":[11.5,13.5625,10.3125,13.5625],"texture":"#1"},"down":{"uv":[11.5,13.5625,10.3125,13.5625],"texture":"#1"}}},{"from":[3.25,-3.86783,10.11836],"to":[12.75,7.63217,10.11836],"rotation":{"angle":-22.5,"axis":"x","origin":[8,7.63217,10.11836]},"faces":{"north":{"uv":[16,14.5625,14.8125,16],"texture":"#1"},"east":{"uv":[10.875,13.6875,10.875,14.0625],"rotation":270,"texture":"#1"},"south":{"uv":[16,14.5625,14.8125,16],"texture":"#1"},"west":{"uv":[10.75,13.6875,10.75,14.0625],"rotation":90,"texture":"#1"},"up":{"uv":[16,13.3125,14.8125,13.6875],"rotation":180,"texture":"#1"},"down":{"uv":[16,14.1875,14.8125,14.5625],"texture":"#1"}}},{"from":[11.5,15.5,9],"to":[24,20,10.5],"rotation":{"angle":-45,"axis":"y","origin":[14.5,13.25,9.75]},"faces":{"north":{"uv":[11.875,15.4375,10.3125,16],"texture":"#1"},"east":{"uv":[11.875,15.4375,12.0625,16],"texture":"#1"},"south":{"uv":[10.3125,15.4375,11.875,16],"texture":"#1"},"west":{"uv":[12.0625,15.4375,12.25,16],"texture":"#1"},"up":{"uv":[10.3125,15.25,11.875,15.4375],"texture":"#1"},"down":{"uv":[10.3125,15.0625,11.875,15.25],"texture":"#1"}}},{"from":[9.5,6.5,9.25],"to":[13,11,10.25],"rotation":{"angle":-45,"axis":"y","origin":[14.5,13.25,9.75]},"faces":{"north":{"uv":[10.3125,13.6875,10.75,14.25],"texture":"#1"},"east":{"uv":[10.75,13.6875,10.875,14.25],"texture":"#1"},"south":{"uv":[10.3125,13.6875,10.75,14.25],"texture":"#1"},"west":{"uv":[10.875,13.6875,11,14.25],"texture":"#1"},"up":{"uv":[10.3125,13.5625,10.75,13.6875],"texture":"#1"},"down":{"uv":[10.3125,13.5625,10.75,13.6875],"texture":"#1"}}},{"from":[9.5,11,9.25],"to":[21,15.5,10.25],"rotation":{"angle":-45,"axis":"y","origin":[14.5,13.25,9.75]},"faces":{"north":{"uv":[11.75,14.5,10.3125,15.0625],"texture":"#1"},"east":{"uv":[11.75,14.5,11.875,15.0625],"texture":"#1"},"south":{"uv":[10.3125,14.5,11.75,15.0625],"texture":"#1"},"west":{"uv":[11.875,14.875,12,15.4375],"texture":"#1"},"up":{"uv":[10.3125,14.375,11.75,14.5],"texture":"#1"},"down":{"uv":[10.3125,14.25,11.75,14.375],"texture":"#1"}}},{"from":[-8,15.5,9],"to":[4.5,20,10.5],"rotation":{"angle":45,"axis":"y","origin":[1.5,13.25,9.75]},"faces":{"north":{"uv":[10.3125,15.4375,11.875,16],"texture":"#1"},"east":{"uv":[12.25,15.4375,12.0625,16],"texture":"#1"},"south":{"uv":[11.875,15.4375,10.3125,16],"texture":"#1"},"west":{"uv":[12.0625,15.4375,11.875,16],"texture":"#1"},"up":{"uv":[11.875,15.25,10.3125,15.4375],"texture":"#1"},"down":{"uv":[11.875,15.0625,10.3125,15.25],"texture":"#1"}}},{"from":[-5,11,9.25],"to":[6.5,15.5,10.25],"rotation":{"angle":45,"axis":"y","origin":[1.5,13.25,9.75]},"faces":{"north":{"uv":[10.3125,14.5,11.75,15.0625],"texture":"#1"},"east":{"uv":[12,14.875,11.875,15.4375],"texture":"#1"},"south":{"uv":[11.75,14.5,10.3125,15.0625],"texture":"#1"},"west":{"uv":[11.875,14.5,11.75,15.0625],"texture":"#1"},"up":{"uv":[11.75,14.375,10.3125,14.5],"texture":"#1"},"down":{"uv":[11.75,14.25,10.3125,14.375],"texture":"#1"}}},{"from":[3,6.5,9.25],"to":[6.5,11,10.25],"rotation":{"angle":45,"axis":"y","origin":[1.5,13.25,9.75]},"faces":{"north":{"uv":[10.75,13.6875,10.3125,14.25],"texture":"#1"},"east":{"uv":[11,13.6875,10.875,14.25],"texture":"#1"},"south":{"uv":[10.75,13.6875,10.3125,14.25],"texture":"#1"},"west":{"uv":[10.875,13.6875,10.75,14.25],"texture":"#1"},"up":{"uv":[10.75,13.5625,10.3125,13.6875],"texture":"#1"},"down":{"uv":[10.75,13.5625,10.3125,13.6875],"texture":"#1"}}},{"from":[2.5,14.5,8],"to":[5,17,10],"rotation":{"angle":-45,"axis":"z","origin":[3.75,15.75,9]},"faces":{"north":{"uv":[6.75,7.8125,6.4375,8.125],"texture":"#1"},"east":{"uv":[7,8.125,7.25,7.8125],"texture":"#1"},"south":{"uv":[6.4375,7.8125,6.75,8.125],"texture":"#1"},"west":{"uv":[6.75,7.8125,7,8.125],"texture":"#1"},"up":{"uv":[6.8125,8.1875,7.125,8.4375],"texture":"#1"},"down":{"uv":[7.125,8.4375,7.4375,8.1875],"texture":"#1"}}},{"from":[11,14.5,8],"to":[13.5,17,10],"rotation":{"angle":45,"axis":"z","origin":[12.25,15.75,9]},"faces":{"north":{"uv":[6.4375,7.8125,6.75,8.125],"texture":"#1"},"east":{"uv":[7,7.8125,6.75,8.125],"texture":"#1"},"south":{"uv":[6.75,7.8125,6.4375,8.125],"texture":"#1"},"west":{"uv":[7.25,8.125,7,7.8125],"texture":"#1"},"up":{"uv":[7.125,8.1875,6.8125,8.4375],"texture":"#1"},"down":{"uv":[7.4375,8.4375,7.125,8.1875],"texture":"#1"}}}],"gui_light":"front","display":{"thirdperson_righthand":{"rotation":[75,45,0],"translation":[0,1.5,0],"scale":[0.28906,0.28906,0.28906]},"thirdperson_lefthand":{"rotation":[68,0,0],"translation":[-6,-7.75,6.25]},"firstperson_righthand":{"translation":[2.75,3.25,0],"scale":[0.46328,0.46328,0.46328]},"firstperson_lefthand":{"scale":[0,0,0]},"ground":{"translation":[0,9,0],"scale":[0.7,0.7,0.7]},"gui":{"rotation":[14,166,0],"translation":[-1,-1.75,-1.5],"scale":[0.54493,0.54493,0.54493]},"head":{"translation":[0,-56.25,7],"scale":[1.8,1.8,1.8]},"fixed":{"rotation":[0,180,0],"translation":[0,-7,-5],"scale":[2.4,2.4,2.4]}},"mcmodels":"effdf8b2824154e815c2ad12db4aea7c"}